18210.2755847,826.308871763,22232.7416314,21094.2946593,21661.3633174,16533.870287,4643.25288589,14751.3166063,0,3
19046.9887887,5703.41667632,5585.22796364,24921.9598757,17791.5817215,23812.2777166,38573.403192,23920.2962162,0,4
9638.09293939,9903.54569572,12522.2359027,20763.139548,2072.77835412,27302.7972995,24841.2092233,15359.1207133,0,3
12275.7438615,6758.84370485,17461.8675842,23251.8911394,20362.2684401,14676.8788939,29732.1206174,28787.7614911,0,4
18912.714281,4072.9943865,15797.9971589,20327.5206157,21668.0863859,11342.7050074,23125.2670708,30493.4571,0,3
19417.1066842,4238.0516769,22573.2194809,31632.8029556,19881.5570899,17456.2473359,32145.6250236,30488.4120842,0,4
24018.2927406,-1200,19930.5353322,9299.60440923,32079.478919,37961.6888517,20875.8085266,18169.781492,0,3
15373.4198106,7601.68574444,18310.6697415,21740.5276497,17220.4402979,40862.7682544,34493.8558,33284.7389007,0,4
25994.3452047,-1200,26026.2371003,19461.708551,15432.9917786,21879.703258,30354.924442,19502.4921096,0,3
12318.4009062,10157.5322165,13840.4565635,28616.3422356,27994.8367566,35013.9512838,24583.2449607,26133.4609405,0,4
17054.1239706,117.246611375,18477.960658,23990.7674307,21038.1247204,32458.3625414,25977.0313423,29672.8085273,0,3
11967.2303223,1255.40723423,20997.9299116,33512.1171094,32500.9487432,36520.2460226,29349.1248112,13681.4036384,0,4
16782.208363,6587.47319303,8678.46014577,8248.49369872,2892.87075337,29193.782828,11994.004672,30697.9854544,0,3
12976.7440846,8170.10833759,18493.3684838,13414.0161079,21716.236396,14457.0600262,36160.3062923,31070.350738,0,4
14726.5904697,11424.6220189,14398.7472334,25141.9780761,28938.7474042,28673.3688737,21447.1149891,17576.0243605,0,3
23961.5380818,304.486392569,13929.2147059,21140.1064695,26972.9331114,26834.1402456,27395.7942204,29758.3526963,0,4
15669.8778919,9511.83999137,11065.0772904,31098.3166915,21141.0572044,23969.2825929,23836.5231407,19304.032257,0,3
22937.5033682,2628.83075076,17785.9246007,14981.5946034,23694.5628206,17419.9094944,25923.6304954,23735.2160539,0,4
17932.188527,7348.12483092,10871.7978786,20559.6126684,22108.5578747,30365.9036283,36564.0187507,42875.2776918,0,3
24502.5367818,1548.9266779,17197.8329546,27558.6356435,28709.6792065,14498.3537758,30527.6975353,39628.8970384,0,4
11081.9953648,8174.36788532,5566.61321769,10397.5099481,14016.4983884,22135.7293846,30032.3827078,23357.0476156,0,3
7903.04925788,3752.89891509,7338.93712209,17673.9530937,24447.3955252,20734.8553233,22021.8864832,17500.0459367,0,4
14714.6935832,6706.29720159,17621.8033434,24840.5888411,34588.4081025,30507.0688488,34335.6550682,17718.7360251,0,3
15144.4523733,3489.27110505,15451.95856,9532.19753816,17632.5557366,28547.7632759,25292.069667,35069.0049159,0,4
13644.3453643,1206.17123285,28404.8064085,8757.28931095,41014.3720553,16168.4214544,21059.6916326,29547.4196615,0,3
22046.5670168,-1200,21432.0064019,21856.4854484,24924.7425557,27265.9819237,16680.629519,29219.4304461,0,4
10588.6871678,7355.55927935,21864.5766567,21758.6376897,20654.835107,26962.1772638,23985.427547,26091.3697987,0,3
25739.2534361,3227.9423059,33411.0014813,21798.60927,29802.8335585,28625.8985161,18480.805119,35812.9774964,0,4
13410.3791048,3160.24842823,14548.9793375,9224.74458799,35932.1438192,22928.8317315,21530.9305747,27233.0629775,0,3
24542.0028456,9315.24777849,24670.6570293,25910.5146034,25708.1350568,26246.3913269,36549.8211246,22519.0543764,0,4
22233.5683742,-1200,10525.9796003,12702.9824413,29932.4170284,28427.4074755,26093.9711821,14524.4500268,0,3
13957.3116616,9147.87541657,31860.1874,12030.2769828,26353.2485394,20898.7608934,35779.8829013,41932.7117926,0,4
13321.6803689,3826.31231029,24138.4523559,24259.3099994,12033.5934972,18565.0541224,17294.9592863,13060.9518678,0,3
33211.4916461,-1200,34168.2844509,10320.2268615,32097.8676287,18214.7668195,30527.6497306,35230.0423941,0,4
17293.328893,6814.62069276,9090.41812644,12763.8060141,11268.977826,26898.8270905,22536.5492496,31831.8446336,0,3
21081.4835658,7816.8883543,18753.8653446,33637.35118,36632.0746959,19385.7826468,28438.7274969,32726.6735723,0,4
13723.8221856,8497.33179424,19426.5233211,27663.4360322,18291.3625627,32593.1653479,11455.3804647,21055.2151224,0,3
13223.7875519,6933.53330708,11200.1739786,20355.8677658,19062.8423498,35074.0255284,27204.9598338,27037.4161772,0,4
12976.9881768,9924.71178736,15769.6657692,13086.1053473,29334.4848558,15057.5734115,9648.86893074,26510.8503696,0,3
12117.2491878,2848.46337602,13827.089186,21952.8523722,20489.7373492,10693.8310765,14770.3675807,10551.6620477,0,4
15167.185844,4716.3689295,12906.5257835,22452.4503481,23132.5273521,30812.0047013,20148.8337399,21002.9473264,0,3
21088.7388111,-1200,14551.8033493,21107.3506029,31925.2450142,21677.2963423,50804.7510071,34540.8162728,0,4
15964.6076472,1312.61263512,21156.7098972,12957.7371372,24957.7910362,16199.0148255,38007.6503305,21330.5645834,0,3
7122.67455177,8393.05898947,26815.0956178,30821.6323419,33260.1467368,32452.1417749,35066.9191459,29173.151487,0,4
20605.074924,3607.00863995,21407.7019621,18408.483338,6676.21653451,24465.0470337,16322.9961934,24682.444232,0,3
16755.9889095,2739.37994359,14912.233752,28767.6869019,15061.4812223,40385.7169052,23846.3760789,18010.1812364,0,4
15944.1722112,1421.34095395,26928.9295738,17240.8065902,16806.6375096,26722.8395922,20546.6887721,31557.7550974,0,3
17550.6021882,6363.00235339,17234.5896006,17188.5918696,21914.1683778,8598.56297324,12075.503424,23529.396853,0,4
35859.497849,-1200,21591.300175,20159.3685929,30515.4822576,5763.86555464,39267.4098992,26704.2425478,0,3
19849.7966013,6503.09397609,28705.4084004,20378.4672663,31548.5400754,24952.7620427,25218.2408503,42998.9163914,0,4
17072.1119632,5877.49636972,16262.1698303,24543.8242137,30472.6348625,25954.9557616,30564.5487375,17388.2827666,0,3
15683.6405627,6828.66755503,24672.0122433,27150.7825643,22838.732508,32405.6303223,26020.0021214,40108.5938598,0,4
8642.79724352,16324.9687558,13619.1352447,25632.9657695,12770.8945692,30292.7357248,9189.07908886,22536.74985,0,3
14659.68418,8971.48714677,10854.1014438,10518.6271669,22572.1024892,30069.2086376,28200.8949636,25180.2844144,0,4
12223.0269946,566.946475082,13479.6373428,22341.1192767,23743.3340218,34261.2816298,26815.8812821,30720.9603088,0,3
13258.2053689,10300.5837581,6387.58495857,28012.8228694,1580.57251598,14841.1809533,22787.5816279,26699.5179202,0,4
24405.4056043,2856.68000699,3212.11437226,17055.4788264,15406.1342291,31249.3683433,31151.8183459,45175.5036658,0,3
27514.500471,-1200,27654.4482179,28477.48024,24428.4954736,20581.6726077,22331.6448842,26090.5817271,0,4
21954.2533905,6161.75129387,27254.2897128,34470.5422902,25716.0233971,22981.9351007,19479.6474017,33160.5823386,0,3
15987.8251179,1663.98718545,26249.7081513,35253.7651607,28800.5283756,20075.950159,30212.872085,44829.8943684,0,4
20018.7441213,1824.47717138,21039.7925257,7237.62939879,17889.8754866,26341.7133328,25612.9128884,8498.20482887,0,3
20587.0891259,4599.25131917,19073.3324596,42806.1257644,17470.2360671,26308.2762235,28664.2265433,29496.9796933,0,4
12427.3059059,1697.72865335,14681.7872906,6652.70423906,13539.70664,13309.697126,22584.6876947,17647.5065413,0,3
17462.9211726,3499.33634655,25750.6917867,30771.5524403,12880.8915986,29887.3113994,35915.6480069,28826.5860455,0,4
16728.7203117,-253.922114035,11053.9148412,8219.87754246,13034.4403347,19215.4681551,25504.3522024,27179.0220883,0,3
18983.2682821,5592.96242986,16885.6063818,14871.3506619,6428.26583696,22396.6889028,22532.5190264,16690.1537517,0,4
18456.6278636,-1200,23990.9264623,26626.1732045,26592.3966341,23730.3846927,9006.18136707,16369.8583364,0,3
7175.73443791,9269.04910258,26527.0676435,15498.4785925,33490.5601818,20479.551117,29225.0306562,22236.2555404,0,4
18487.7535504,-1200,18538.9318493,26204.6867239,22539.0087339,24133.4010625,20611.6304939,22070.1375176,0,3
25739.6613592,789.323777774,25046.5867492,17426.9084885,12487.1162351,21448.1363729,32926.5312353,11034.9885526,0,4
22439.4872879,4132.41196018,13486.337746,20213.42381,26345.1586698,5592.69522546,26166.8744527,25509.4052351,0,3
16866.8073447,2176.70755388,15521.5650637,26448.395353,26035.9722037,24508.585162,25997.990055,32130.3903475,0,4
8625.75426011,3472.57691054,17712.1373326,20041.8390519,39141.9591948,24840.6544651,30314.8940393,22808.8327191,0,3
24788.5023385,6767.88015371,20515.8975071,16244.0273036,22502.7328832,29545.4907324,37262.5401709,35273.5111556,0,4
10051.2010214,5384.25700439,24138.1088354,31592.8293236,26333.010494,27833.8820943,6411.19137576,33964.6855353,0,3
15098.2967164,1150.8074771,20066.0183832,13931.7954469,22105.8490399,30030.2366257,28934.6758518,18949.2042148,0,4
19906.1631525,682.038745184,39370.3434965,31686.4060382,17824.082543,21507.4770111,24844.464402,27124.0375911,0,3
16977.5214357,8895.61493409,6845.26900317,28976.9431011,19577.4796504,1402.15977318,26546.7117195,45067.9689405,0,4
17269.8810517,11053.4693538,17047.7622355,14011.5442447,26162.5865068,29559.3707125,31141.3659588,30462.0370607,0,3
22311.4425075,-1200,18816.6156346,19973.4377398,30689.1778392,25037.9469714,11842.7529537,19186.1468693,0,4
17111.5943404,6581.70076419,20248.6901501,17900.7003313,30680.1552598,38700.745274,32459.4739741,29405.2528857,0,3
4230.24180864,7480.61988798,13346.5153828,13692.5558443,26740.1208857,16363.0956486,30901.0743498,13586.7962053,0,4
11642.420306,1053.76846768,31883.9862681,9767.70942479,15089.1239179,21411.7466361,20774.6519871,38293.2562684,0,3
14163.1111507,1334.98445141,22765.5791646,30725.1017396,15864.750654,24100.7654265,21167.2522454,21979.473182,0,4
5072.53669027,8613.79544419,9471.02011891,24081.2025801,12088.8099263,22719.4441277,21222.081658,18804.8132494,0,3
15897.9704862,6382.29410528,24227.1838367,20299.9424512,15190.8066005,14174.6415571,25139.2542504,20235.909675,0,4
9691.36715619,5214.52963587,10910.6125764,19374.8164997,20303.2670063,27451.8540656,17411.5266008,30651.795068,0,3
23389.0110202,4277.08319029,34020.1770355,20750.2495112,15067.5021335,19305.045997,35417.417387,27392.5111364,0,4
23491.6480008,-1200,27438.3692749,22244.3927574,24090.3257471,31443.77798,25491.1872385,11266.4884816,0,3
23146.805955,9161.25189288,8393.47488667,21221.1246937,13085.5786198,18974.9673751,27584.8592445,31513.2661297,0,4
21496.7326829,-1200,26479.6190819,24328.421857,16074.5832317,9507.27104686,23312.9066775,27517.0399032,0,3
27606.9452272,-1200,22427.9583898,26702.0201337,28028.777425,22109.7879036,38795.569359,13791.0628565,0,4
22913.2087935,-1200,18999.9486259,8095.69064438,34633.7431071,13684.4228378,20116.0271036,26180.1876552,0,3
16007.6629911,1097.68214948,27256.3105584,15027.6482937,21816.1589902,15785.9591163,32281.5463013,12550.8341319,0,4
20040.1668836,7723.17987398,7375.27897686,22546.3119488,19516.3336344,23899.9875421,12186.8679793,30367.4135673,0,3
17564.8473695,4530.09709933,20367.0069437,26267.0462385,27882.7120955,30698.6364489,21766.2398495,34941.5820192,0,4
8373.42173572,1055.0861403,12544.6302655,8113.44148234,25020.1602751,21360.9484637,26386.4216986,17939.9100851,0,3
15573.567999,6096.75937337,26680.1848757,14895.0326834,27316.6429195,34425.4340621,38975.8191025,27836.0343141,0,4
15975.9288608,19428.2917275,13477.9022276,37308.9782446,18451.9632829,34394.6170367,23069.8522665,20715.6818823,0,3
17490.636359,3244.35956563,18999.6173196,19932.3509159,19461.4444139,27138.5130176,20230.1480154,36384.5853926,0,4
21262.7529672,1844.04324042,16605.9257398,25058.5905815,28041.9794964,28716.0456957,24609.0519656,22271.2539538,0,3
17980.0682221,9534.43662881,22167.5916842,9190.02807096,19174.5288459,15341.2767544,18605.2916693,23417.3220881,0,4
4659.6514292,13987.1789761,13906.5300265,15087.1612554,20736.3894726,16014.066767,8522.70820257,40668.4198909,0,3
12907.2760035,-1200,26209.023152,9007.4974648,18256.9000381,12279.4123607,16317.9323653,21999.6985327,0,4
20516.226877,-1200,18655.8136967,7754.3429219,19160.9227764,16986.9005127,23074.6724833,44962.5209068,0,3
16023.6870819,9121.49764498,4718.91671675,17514.8116101,27798.809855,17318.7186573,17380.5036377,20556.3784212,0,4
7195.96783061,4902.68361514,11493.2245806,21803.9318952,9740.64668181,12603.1132377,10026.1035978,8749.34466903,0,3
16018.8454314,-1200,41203.8746886,29271.2290463,17206.4162152,24654.9615354,35037.0009889,15224.3411666,0,4
13206.3981987,4246.61112527,10465.0907778,21051.9391689,15941.5790378,19459.9445327,25237.8628178,16014.957767,0,3
28303.3626378,-1200,20394.3729189,19013.0997764,29239.8670368,19609.4402744,27176.7584024,27023.9475345,0,4
12566.3057465,7815.24902156,9412.92417847,15044.8543462,18566.9239592,14685.7910568,19200.5081749,19188.7712303,0,3
9946.18258987,5188.4408546,20345.6920633,26324.5333761,40729.7702102,45672.6796048,25113.1603955,38817.4567081,0,4
16847.7334275,2516.53933496,14480.4198796,22138.39227,30074.1743592,11206.752971,15363.519046,26299.0913162,0,3
7503.29255604,12246.2210661,20689.3320657,12804.9164012,29112.5298919,29911.6984511,15341.8374522,34100.2932896,0,4
3571.29940171,7579.98724214,12173.4180924,20298.0995392,17068.8268959,17657.1709942,17187.1865769,20409.1113292,0,3
31628.1368241,5891.34049142,15658.4557924,21608.4016579,4435.51731181,30340.4648453,28211.2379655,24473.208316,0,4
23370.3147432,1360.92941802,13730.454906,16921.9458085,42180.4539598,19299.1379709,19412.9328502,17240.8489455,0,3
12940.3197522,13198.0074906,31236.9859017,42788.0082857,24886.9923547,25703.0871122,24894.6717051,44070.9495785,0,4
17241.25418,528.758759247,26495.5602406,22376.2258665,12680.8682961,12680.6804548,36206.1948665,30044.9873737,0,3
20351.5797627,-1200,27120.8063992,21506.5703556,32961.0094427,30487.6190261,29539.5243624,28381.4336801,0,4
9911.99224673,840.729805251,28277.852411,28590.3807744,19500.935562,22780.9780643,24395.1135661,14766.320685,0,3
25759.4221437,-1200,18587.654947,22852.4285456,18768.8864402,28617.355925,35638.1655152,37110.5216378,0,4
6051.91008967,1706.23144803,9211.40392704,22177.1088247,22519.1692915,20367.1093875,18457.8563621,24685.3658476,0,3
23044.5024753,1936.02955296,21900.2247397,12001.4043193,21113.6952843,25912.026534,26944.7186291,32583.0714883,0,4
16141.8290376,3135.078104,20510.7826994,24201.5958723,22706.5553527,20931.2641745,31734.5054299,22561.2562527,0,3
20238.2902725,3126.9354732,23070.7457671,11411.5665079,27953.2150325,19310.0082631,22391.1182095,42023.8603646,0,4
11350.9259937,3920.87318511,23721.7104426,15300.6002453,13297.6491504,19547.9674406,19724.3105052,16948.5455174,0,3
21905.0808762,-1200,19314.7713951,15264.5384456,44202.388788,24299.9956042,34203.4713166,23787.8541263,0,4
21637.6930445,6649.01045324,23430.6962037,19539.5600071,37927.2811689,36214.2684808,30623.923872,28854.7462416,0,3
13810.3557338,6317.05882794,22073.1536806,18911.1621764,25956.4624324,19238.8308535,39746.4022453,37118.1524442,0,4
24419.6932068,544.709606188,22315.1177991,30228.4864423,30845.9541403,34154.6311672,14486.3361533,32600.9902469,0,3
20020.258545,-1200,26786.4471553,11327.6439251,25794.2976571,19591.2310801,33718.5930373,30677.3664116,0,4
8545.19989874,2696.83197448,19581.7996774,15469.3889393,20801.3980636,16556.6108577,25602.6043796,21542.7071693,0,3
10184.6374609,10878.9633765,23782.749943,19547.7179996,24497.1358918,29310.2518792,19640.8618822,14778.4949218,0,4
12562.4795537,3891.35735623,13604.2380963,14119.1165281,22945.9813711,14258.2037802,17155.6667431,21370.0766693,0,3
13323.0775785,4821.36197118,18458.9517711,12929.3545994,25140.888509,18932.0203737,23125.119162,20460.5984598,0,4
10376.8851953,7329.0136072,20063.8591112,19868.991054,26674.8175336,30127.2657374,20289.9371331,21441.6798174,0,3
14559.7057052,3880.20318499,16155.3613291,9712.13252958,17983.2582715,27499.5865937,38660.4951285,24854.8145803,0,4
11494.743863,7600.33117174,16723.8034567,18390.2197342,6690.09472208,18113.6996147,23364.701682,21132.1053838,0,3
28633.3225944,5325.17837195,18019.0116546,17533.6853863,27074.7351711,26618.9746647,40116.6250326,34543.6961247,0,4
21886.1808198,-1200,21339.032896,19656.8215814,23006.3660649,25288.4061643,26120.4621648,10796.1495984,0,3
24149.8956881,-1200,28862.8114172,32146.3337,23137.7411599,21336.092012,20075.2310317,27613.2625168,0,4
13643.8817862,1710.23146797,18023.4215846,17264.2873282,17659.7824164,28771.1202962,16464.1905785,28965.1740226,0,3
18208.2259637,6723.16445607,15956.649841,24393.3693377,13696.6118189,29432.2525481,18947.4204987,17160.7129384,0,4
22616.6820025,10777.9629393,20413.3470221,22330.7156728,31945.7976951,3584.48490711,18602.2521958,31239.5446986,0,3
17007.9628364,-1200,29865.7849569,21535.2225646,19396.5003023,26238.9832277,43762.9174005,25751.5669049,0,4
17919.1447667,8278.76114841,7977.48554642,6718.10528702,18722.0262563,24483.6621418,22040.1837405,20300.6260758,0,3
20232.7428526,4987.71270502,9307.25557114,20769.9465464,29239.3446955,19905.6914137,29716.2745344,24689.4778208,0,4
14962.0757724,6823.67073565,16932.1741164,16675.4881496,30214.8187378,39670.011832,32979.254222,14867.9402438,0,3
11646.930544,7131.44820295,18077.632756,22411.6552493,18207.039684,35205.590727,21271.9129263,25382.7277565,0,4
16015.8847108,5603.00035149,10017.548384,27220.1877591,10741.1713088,8584.55221551,25736.6300297,13177.9638539,0,3
8679.86777788,6354.86908407,16551.9091941,24203.7147424,1230.33893159,28544.1912629,27188.3705831,17311.8372897,0,4
6080.78530883,11649.2699547,4474.29663928,27695.2095936,24357.1398193,23780.5144862,17263.4596393,32286.4594063,0,3
19493.3989779,-1200,25902.840129,6565.3986082,17668.737745,15591.3959734,26857.0463641,19904.7560126,0,4
25819.3541507,9826.13885947,13487.9528222,18396.4977202,27965.3401177,28015.0492888,15876.296749,14488.6907547,0,3
16633.3774186,1149.25702443,23299.7954805,9301.90437099,17337.2156289,21033.3283009,30089.7530684,18700.0848818,0,4
20782.2914947,3838.30855186,11011.9009094,23001.898962,31900.9931425,9938.28050962,24112.9830346,32915.4748573,0,3
22659.3882992,-1200,17149.3717976,11187.5664856,26912.890549,37955.6193555,24036.5478613,34268.8696819,0,4
14053.610663,7610.19628644,12310.061352,16825.4745955,21486.604681,15112.2303209,25533.2383173,13391.940533,0,3
15380.951011,5664.29663828,8350.38175233,23680.4397729,16541.9324924,26982.8167643,14793.2834866,27813.7190233,0,4
12341.8226179,5680.36172987,16813.6040289,18277.0759219,24866.3551524,34701.2299841,30556.0580946,34564.9996227,0,3
27130.5338305,8917.71324127,31126.2842168,19241.2178396,19095.6984981,29190.542344,30628.2909782,30534.5261233,0,4
23235.2622737,1496.74676464,25481.7873343,23075.9907986,24915.6185525,32936.1985016,22892.4122345,10130.7441423,0,3
29701.8762412,4248.46875229,17865.9473988,20923.5342191,38578.648017,24875.0159796,22953.6677063,35574.632245,0,4
21657.1540884,3564.82620899,9195.50076628,30021.1316842,32641.9657805,30773.1562943,21174.0044375,18299.8617868,0,3
25912.2378966,-1200,31388.0142239,26743.2822408,29278.1321703,29949.2342443,31920.6922859,18202.3532714,0,4
15663.3687882,13014.323913,10606.3065846,35999.5667031,19194.0123363,9892.62721307,15821.7899432,20510.9605553,0,3
18906.8544088,7601.71781083,10866.7723218,24424.4269477,24733.3418612,15887.1873108,30017.9010102,31647.1909681,0,4
15150.5446849,9928.16544417,12249.249456,30993.4386215,36752.6173771,19436.7913403,33444.8321766,18152.7546176,0,3
11704.4894342,2657.67945715,27121.5095074,15015.1713391,26646.625902,18763.16324,23607.3961202,17972.8526302,0,4
12443.2089672,9173.19809923,4545.896021,21752.3759716,8220.25554379,28398.1595916,19395.1491619,11106.8583802,0,3
8268.88717692,2983.0674264,33637.4325736,30254.1778465,23376.0895595,41949.879475,34343.9620868,28078.5200203,0,4
14663.3631985,12269.6122605,17653.6700076,23604.7153723,7788.19954351,29724.3881078,16120.4632016,32240.5717309,0,3
24196.5009471,738.595189229,11158.1158182,14796.1093326,5471.83382319,23482.5054687,24430.5038055,24880.1073716,0,4
17311.9054179,3760.15034664,32795.353768,16840.219336,25055.4251473,34224.3314171,22524.4741646,23648.9892209,0,3
14676.7239931,4472.26634119,24180.0762039,27976.8747044,20312.3376872,42851.2624861,27478.4767145,34504.4007028,0,4
10133.8930681,8027.31212955,7383.74832798,17729.9237594,11467.8615794,19822.8863735,10325.6834152,26949.779298,0,3
17206.5093287,9414.12260034,14797.9310976,18569.5772267,12310.3643282,31693.9616379,20602.4701049,23491.8420336,0,4
20189.4959696,-1200,22519.6007369,16910.1210647,32824.2688208,22557.4906074,9652.19016241,17031.439608,0,3
15481.284156,4941.32099529,15110.3781445,11422.7570803,7053.04659532,34739.0908445,21751.3664292,22894.9852991,0,4
11948.7066243,-1200,20976.5670906,12571.4732801,34832.429064,18655.4203173,42291.3755171,15082.9425534,0,3
20229.3419559,2466.1793385,27077.1207736,17718.7720427,27257.6125424,12451.4206581,29227.2540125,37284.239301,0,4
18685.4089797,761.279424565,10672.0029217,30521.3949952,32536.8865243,30643.4355418,23729.2912236,27980.8265289,0,3
17605.0997035,4287.62166465,22111.3534935,25996.6184222,29127.4370457,14654.6523498,19539.4405332,23729.8932961,0,4
18727.2346102,-1200,36548.8162987,9909.40700443,23106.6245592,27360.9699965,13215.1134294,23854.5000687,0,3
9456.14530271,10995.4464358,17498.0636388,28514.2950859,23301.6737516,22628.9366207,22366.5072927,16329.3892986,0,4
23082.5444655,252.650417402,32935.0582031,11920.3268166,30986.311025,24719.3779475,27438.6910062,19832.1921918,0,3
14807.497996,3099.69730853,25091.441727,25353.9680855,24783.9813749,30447.8926906,21987.6829941,28256.2035771,0,4
12683.2760798,-1200,26954.819999,18172.8925793,11447.1544028,26778.274008,26095.470314,32273.1553644,0,3
21997.4818248,6861.1838663,18887.4805136,28797.9967223,37040.4782271,11089.4415297,24452.2014069,32559.4708909,0,4
16549.4901086,-1200,16528.4051093,23141.4563418,15409.4896892,19814.2789438,20441.1001953,21929.9823523,0,3
16011.6621102,5996.34362532,19829.9762831,15758.1477302,23962.4634003,20704.1734028,33062.191759,19823.3435804,0,4
13625.4330401,-1200,22690.9231663,16618.6605375,20963.4485298,20420.9777719,16830.8538107,19677.9552081,0,3
26746.481121,-1200,28528.5872899,31157.6640497,22161.1117751,16961.5587978,28395.3952422,34134.8047031,0,4
9583.29919165,7886.6975244,6541.51541171,25600.3219759,17551.2195843,12071.3679464,20793.8822771,28551.9385476,0,3
16950.9149844,5326.46640668,10867.5407644,32994.2658908,21882.8305283,30709.7411244,33633.5068129,28845.8613155,0,4
23875.5787533,7251.40884124,23614.87241,26971.8799199,22298.1557962,35325.7764139,20584.2744517,27507.6911744,0,3
11019.2609451,657.993992432,28881.9273066,21625.8854316,22291.9529166,30288.6358413,26822.0881322,21704.6494994,0,4
13847.7683552,2493.67741168,14407.1705211,15962.7519595,17285.8527837,20875.1113223,34689.0707425,12419.5409233,0,3
12520.0880747,-1200,18433.8474673,16701.1346894,16854.9069493,38095.5365853,17496.2260919,27470.4735152,0,4
18418.6665623,10877.4613902,18958.3714891,27483.3845062,11049.5645163,10646.2341556,29271.493837,28000.8765262,0,3
21423.2821437,7113.20341358,28594.7106658,29773.2413545,32798.1101273,24522.4788983,27387.095907,22254.6171739,0,4
20900.0493844,6332.07667472,25122.8119298,15098.6614058,10564.9642193,26511.031953,13083.3835119,37902.6690472,0,3
17622.5601976,1937.4376191,26223.0745579,12988.8055925,27607.9362264,21030.3323432,12077.9573286,19210.4937148,0,4
11828.9989124,574.156475082,13885.2712603,24733.4024604,29935.3182992,30926.8657678,35876.9460552,20910.1267422,0,3
12433.0644556,9300.05004972,19392.6042021,28225.4163979,27053.7125492,32663.4658989,24742.2205856,27792.4732434,0,4
14069.4824864,2631.021912,17030.7359293,15855.4571166,18512.4271064,17373.2747872,24246.2770389,33332.4108317,0,3
19673.293023,-1200,22380.4759947,17786.4213678,16350.2035564,32790.4918881,25319.6812807,33057.0603491,0,4
17046.4683506,-1200,17135.6070249,26521.1303174,34042.3142636,19381.6803462,23516.4798021,17047.3524158,0,3
18541.2923835,5012.48696802,20305.1471549,13761.6992052,32852.4835271,29584.3676915,32627.5749473,24905.8395104,0,4
17342.0769426,1770.03142078,18898.3164847,14769.9875156,17934.2871681,9021.7622945,26300.5975274,25281.7440716,0,3
8458.43755277,15355.550566,-1200,29529.5416779,23641.5866275,25579.8689776,29707.4436046,19309.4816844,0,4
17527.1826654,393.40214317,14289.5496415,16492.8582642,21742.0794469,18181.4641695,18612.5200241,20847.2255647,0,3
18096.4474018,4773.24651697,19080.4350789,8121.41485682,14506.045713,34249.3553957,28486.4610202,30362.6014013,0,4
14919.5115939,3975.21917018,26170.990795,33737.5691695,36956.5374273,14185.5284624,33391.1745989,17279.4563178,0,3
16550.1192466,5612.60168298,14462.9528756,27424.6265581,36828.5962219,31075.2354153,27594.0087053,27591.0270568,0,4
22960.5311139,1619.65584801,27543.9214777,18628.1347825,20154.962327,19245.6012987,47558.2278237,23435.0734545,0,3
16219.232054,7686.44243643,15667.4466718,34817.5320243,35480.0302977,32939.9189798,17605.3931958,22080.1913474,0,4
11908.4288062,3378.41592078,22280.0163642,10071.6938688,9229.23254477,19214.0487352,21934.6595059,15666.0148107,0,3
12813.0111129,7677.71032646,25713.0564693,14559.5751515,26696.5502687,25138.9329834,29746.9263952,23810.3393393,0,4
25724.5485299,-1200,24906.5317615,17895.4980976,12770.8572382,17698.2393926,30874.570912,23164.2535524,0,3
13745.7017915,5524.82642762,14525.1250169,15972.125451,27305.918474,26267.6659202,14983.8593969,20574.4665223,0,4
15851.1359728,5831.31110126,20380.7376827,12882.9848851,27922.4752356,19138.7105235,23905.170224,21186.3238913,0,3
21728.721144,-1200,29915.7510055,7793.77656217,37395.9896532,34077.5291693,26293.0185968,20558.370729,0,4
10393.080824,5860.68905611,10279.7201945,19334.901568,24961.2906291,24081.914315,9335.75756295,19860.0234388,0,3
18028.1142692,10313.6982919,14509.2523114,23680.7207191,30475.7201715,16052.0387314,17100.4193249,35171.7494531,0,4
17801.4253371,3491.54733262,19762.1126954,23813.9962058,25091.2678806,18709.5775225,25500.1172579,11820.3818245,0,3
29878.9382373,3056.68504745,15781.2434215,24558.5526905,27470.3937268,24544.3286039,23390.3905965,35454.6337771,0,4
14155.1624041,842.170966748,20714.0727796,6840.62330767,24730.7931439,20345.9752152,17675.6399661,38602.8974836,0,3
12222.0472725,6641.37420237,21328.8476572,16152.9007678,32161.093803,13537.8476506,31280.5193693,23986.0611017,0,4
16368.7442382,1057.60263818,30107.9532326,24462.9815281,25530.8170952,30656.8018723,18397.0155445,31629.4295867,0,3
18292.6460752,1803.83282232,30368.635665,20326.5690373,23144.2502722,17666.8392098,38087.2492448,24066.8727579,0,4
16250.1491478,4751.88103968,20494.587735,27077.2911113,21190.3324939,36164.9813476,16827.8438324,30070.3032557,0,3
15447.9145642,4223.09302147,32846.4404589,20749.7203186,26277.7652011,29360.0005029,25334.2096176,31886.8667119,0,4
7251.05990997,5452.32856717,14521.270284,17015.7492071,23440.9514762,30277.0348752,19746.7952036,22823.7633578,0,3
18035.6119416,5274.31919111,4137.50623597,21685.4235233,25974.2000332,23654.0459452,21873.2967559,20842.9198075,0,4
19598.0955188,7559.07264531,1343.54267992,28920.7171685,10335.1870792,15283.3028529,28167.4419704,21896.0984344,0,3
13019.4655734,2236.80347204,19374.0609781,34983.7067294,41764.5161916,15688.746882,28172.8676298,29692.7553642,0,4
19217.5563631,9699.34291861,11408.9370837,20926.9007718,27185.5964902,23593.8419344,28650.4071475,27060.4110814,0,3
11913.4314408,-1200,21041.4580837,12227.1226474,22483.2304064,36448.4677838,20932.3164212,14516.2888451,0,4
9957.22403255,3764.32036056,13218.1126272,17789.6423133,12155.5290044,12458.8023765,17159.1805711,28179.1136142,0,3
16094.2351712,7398.23620594,10577.7197387,27427.3874203,34581.7004744,20714.2218729,39218.1377361,16984.0507467,0,4
17446.586891,4099.82587059,24252.8031668,16867.5252074,37365.1206608,17765.7307228,24111.3622434,33029.7879839,0,3
6260.95248776,9885.64682311,30250.9126919,16228.9763248,14021.2188838,26307.0102336,25886.6424412,16626.4911634,0,4
14170.8119668,10867.9494163,11238.5330597,20085.1641718,18777.361384,21045.2078943,22845.1166344,11246.2731755,0,3
20484.0443629,-1200,24228.3723659,22512.7647182,13027.4597601,21555.76905,21406.5707352,23340.4745516,0,4
21914.5095298,3134.88564112,14512.8856757,25087.8616234,25877.1687079,34002.1513225,32505.3874293,14291.7414834,0,3
21650.1797335,2448.53079174,28973.9729615,30574.2374185,28740.9383596,19224.2239075,42082.7732449,21821.5885617,0,4
4300.61585585,14565.5871307,16242.3099188,19776.5624117,23049.950361,26331.5863064,14754.7371682,28970.3290996,0,3
12334.9990318,6702.14935579,15883.3246004,27352.7457613,10619.5031795,23452.5888597,18354.8724509,19584.6873489,0,4
12156.8424737,2052.48738382,25019.6691024,37771.4565862,36674.1413517,41630.2737201,18832.7701306,27043.7571505,0,3
14820.177608,4533.57481338,19831.6881458,19381.9705319,21300.6030305,30548.9653813,9706.52384159,40603.4464701,0,4
11877.3742105,-1200,22784.1065991,24622.5577985,22463.2120553,26599.9532382,27100.8091466,10056.2863483,0,3
21871.2106246,-1200,30480.4569876,22149.4224437,37521.7179106,27068.4814181,40541.092027,22837.3558814,0,4
11075.6919567,7204.51683188,6241.11120437,12062.8119176,10923.4205831,25484.7977885,19462.0462344,18887.1874751,0,3
23557.7119113,-1200,21426.8191868,13608.944042,25231.0158773,25008.1479726,16849.0485543,37206.9151409,0,4
18551.8373641,8974.83347368,16181.1362377,27827.8676101,18976.9530431,22690.1284467,28662.6467226,27530.5479288,0,3
22997.4532453,-1200,21618.818805,16700.711798,29282.8743685,25777.0633198,37419.612173,25123.1552847,0,4
23391.644956,5701.14146403,12330.8562115,23436.1667123,27019.7577831,17336.8827788,26273.6623738,9813.97591509,0,3
21383.5435312,-1200,31436.8925178,28964.0396785,28125.175843,28980.9493748,28686.529802,19883.0209486,0,4
13172.9129949,2328.96829574,26141.0381218,29491.0871937,16037.90167,40521.8716835,18925.9677252,16576.479523,0,3
19880.7077762,7172.5738186,26477.6733399,5253.50294582,32182.1450477,34557.4747128,22680.9902865,31353.8946632,0,4
17352.6390531,9415.25878237,29215.6496501,21351.8606795,21694.3800612,23253.7202448,32276.0166027,30225.6649308,0,3
18647.663899,7191.00136719,19672.2044879,11593.1508701,18916.8093191,28576.5228277,31312.8049793,17288.4574836,0,4
17791.6896454,4790.95580373,17610.5075576,27988.2973601,25751.9374919,22857.798792,24025.4323733,23513.0320573,0,3
18856.821701,11013.6403332,13585.2577026,27438.619144,26451.4012206,40304.0661678,29378.6549891,18565.9510775,0,4
8311.54450841,3183.99813182,21949.3524895,21372.7278155,12279.8695828,9165.61643802,24144.8884413,34868.3565519,0,3
19490.6961623,5432.91270917,27705.3876181,23637.7515796,28483.0935507,34717.190735,31491.7086409,41066.6172537,0,4
16111.2066685,3012.59035033,27172.0753843,19354.8229336,32456.5215872,29346.8386048,26340.6128431,33642.6149369,0,3
8143.7223217,15329.5897536,15396.5803554,24587.1247146,24991.5764622,16653.5951821,43238.3405504,27602.2525065,0,4
20091.512018,-1200,14106.170622,17638.38857,20858.6471694,22171.1868223,20174.6550274,25451.5156967,0,3
11022.7980249,-1200,20011.8436226,13440.8908237,25558.4365958,21753.773591,26957.7715435,23808.4606117,0,4
8342.40493895,9939.10314742,6888.26899204,21851.4847226,16389.9256161,14829.9898215,24152.2342325,31174.7346081,0,3
7772.84206777,577.085420069,16046.2777766,40485.0997637,35903.9423738,19890.0786977,32930.8181472,18566.8793486,0,4
18429.7441607,4803.63292651,20348.9709799,30886.7236203,37645.0172161,28358.6363603,22111.871186,23071.6054775,0,3
21371.2208211,10804.3106341,10570.9653118,27032.8066072,29815.3964646,33926.4200561,28548.6688286,14751.3496387,0,4
17936.1331223,-1200,20985.4438295,16958.1405029,20340.9983362,28155.8301761,23274.7783315,20730.0333508,0,3
22185.5551747,1557.33995915,24789.1405894,31209.5874997,20984.9016063,18847.3960911,23982.993343,17478.8864379,0,4
9698.50111131,6060.69458614,11699.9296891,18031.847231,11395.2758127,17013.6397117,35252.370839,21405.7830349,0,3
20727.8356678,4333.32136082,24071.8922124,24399.3032035,14188.8367338,27831.0808383,33353.0874243,31997.4905599,0,4
19722.9865516,5235.86643405,15226.3061017,10695.5307386,18560.5574656,14501.5729912,18018.4458237,13239.3546179,0,3
15421.0066182,6324.25508975,21199.486423,28584.3753766,36945.69311,39617.4451994,17372.4849306,30774.7738417,0,4
18748.5253385,6649.36897055,10887.7017025,21570.7012242,14041.692098,15215.7981363,19030.7706826,30402.6177003,0,3
18169.9741491,-1200,24448.3214963,12445.0498937,18715.24519,14089.5276647,22379.5589842,21313.4559184,0,4
11979.1164117,2809.72850107,24744.1522066,25554.0304676,16426.3482659,29393.8222751,41629.2413276,26575.5965442,0,3
20177.7098406,-1200,43681.4948618,37388.8373496,12558.4668665,14544.4084389,35113.8887583,27618.7780896,0,4
12477.7628358,181.370819793,14688.8180638,21012.8948198,14568.7704288,13192.9526596,33034.8655348,37204.7392582,0,3
14899.4092486,1432.62255622,22552.2540456,19082.8274448,26159.4150807,22564.889368,22653.8826846,26264.7814243,0,4
25222.2182735,-1200,18859.8628241,18516.7644188,6501.9529676,29170.9702771,30564.0572811,22287.9543198,0,3
21566.9587834,-1200,11731.7144602,25751.4723709,23786.2466043,22669.3434582,16263.0839115,12034.099512,0,4
13368.675493,7960.08406481,24393.3803008,14460.2047353,27944.8501264,18646.0003083,22504.0988416,26653.1268423,0,3
11306.9764329,3951.41669561,17434.7193547,5764.93860483,17825.3853539,24207.4785205,37782.2346021,23918.8245369,0,4
9327.69863235,1725.24043246,12907.7294408,16486.7740037,37536.4865499,23022.9700405,25431.3465463,26263.7836976,0,3
20807.7272181,6307.19013697,9025.12146977,16371.9592657,23596.2007614,22593.9124265,28697.8964093,26779.4005934,0,4
18028.7957343,4973.58318429,16866.6286597,5614.45770921,17930.0536324,18803.8344047,7177.6403077,21918.6129004,0,3
17736.428579,6613.7241078,24962.8443389,19914.8678217,36601.6934569,36007.3627097,31561.1988222,24736.8637455,0,4
12336.0669717,4307.30499304,7582.36603534,24429.475222,23219.3119092,50047.3766627,24608.1652858,35178.5292664,0,3
8861.16286545,18219.1895731,15725.2779652,30874.5811665,29155.8937671,14343.5682848,18470.2552685,16544.8881581,0,4
22000.1850679,2707.59481854,23811.1078175,35671.0992553,21647.0924587,30329.2100636,20442.5737015,29868.6745939,0,3
23871.8068404,4451.76039413,17781.2658087,9688.20620618,29661.8915985,22029.1082674,17472.8966554,39715.6643633,0,4
13084.3838635,7469.38730212,23993.4211335,6070.12642357,34772.9757266,32619.8400291,29153.4751843,27691.4685787,0,3
8687.79981881,5887.66304169,11744.4646186,9270.42784424,15285.815203,26679.2526628,15933.1810009,27295.5872995,0,4
8665.9689009,12433.872299,13988.0603904,21546.8737691,23091.9572403,20395.1272092,30532.2411772,20373.2930343,0,3
18261.1755891,9506.10845344,16978.1796628,22669.1744363,33182.5608869,31725.775169,34800.6607601,28413.9639691,0,4
11804.8175178,6778.11112823,13569.1381322,26041.2462874,22530.2335064,10315.5443539,25491.830703,20276.7550676,0,3
14797.8226529,1954.27280756,19042.3298282,13103.9681965,29165.7997268,29241.1082702,20189.4645239,16882.0234372,0,4
13737.5426472,3852.02666511,21358.3269391,20500.176075,9110.20891643,23251.9696236,33289.8330822,17953.6093284,0,3
18005.7081407,3522.95162202,27518.3645397,31294.5789269,19604.9874412,17585.5607906,29566.913101,31880.7104392,0,4
24925.0606509,2923.81375293,24080.4548613,23969.2831603,27063.6573005,17610.2766851,20365.0323841,26537.4955984,0,3
20425.8479619,-1200,26606.9893283,20248.9418221,21669.6752282,30187.0901369,21244.3138793,28326.431698,0,4
12820.4168371,-1200,26523.9216601,21126.9615125,31166.0342532,30251.0580347,31619.6904742,21622.9990135,0,3
22305.1184967,2390.1473791,19257.395978,33018.3921885,32251.0399274,12762.4628078,25839.1259244,17706.0056095,0,4
7295.13956816,9634.13625556,11615.1346694,16516.2200444,29903.8084623,14130.0305434,29766.3382949,26545.0028544,0,3
19342.6550928,711.28051976,19313.6308029,13348.549025,12647.9217897,26936.8565723,17080.3575634,24425.2518657,0,4
19207.5182284,5655.52248769,17963.5509655,13671.8507571,34506.858657,28273.7196431,29297.2106086,17558.3790921,0,3
12838.2699555,3503.20496469,29577.1997891,5386.64646916,22794.1647384,29474.9704027,27203.0135883,22259.8533757,0,4
17601.5065446,-1200,15765.1019461,18997.1044728,32148.5875337,25451.9992868,23808.3007572,30189.5558999,0,3
15099.2004908,3736.8443016,24204.0612619,29106.0821441,22206.3207216,20192.2822349,28752.3927483,29302.9453898,0,4
13848.9359159,-1200,15879.5256822,9842.20150968,15817.1205999,21775.5018847,28011.9038395,22195.9392806,0,3
15289.4961387,-1200,20973.2065803,26376.4918675,20442.605984,32939.0507949,25125.7221943,34670.4280403,0,4
14646.671987,-1200,29373.9897853,20609.1074555,17212.6799317,25758.6456007,30519.540334,26021.3209066,0,3
19250.8066982,3262.10635368,13939.5955064,28364.0252165,33496.7898615,25829.9304154,25088.4955341,34446.9787438,0,4
13730.7364969,5854.15069625,17183.477543,11395.1762072,18149.1890284,22818.9697441,29726.8803448,27408.1867551,0,3
11023.2819631,3838.43480366,11167.2677428,25482.5096456,32949.8033469,15671.0906596,27759.5498007,8681.94655548,0,4
14835.1298384,3786.31613351,25942.2445519,14627.9532358,29674.3910584,21402.2138941,18766.8036529,22635.9339719,0,3
28193.6495815,466.942859072,23975.713268,24850.2870446,30790.131129,34415.7540265,46990.7743758,32358.3506652,0,4
12137.2974275,4229.44289393,20030.0618998,20813.394458,27819.929759,32284.630715,26977.6989791,22028.071856,0,3
6386.1717048,8523.25340323,10016.1165856,17673.9013666,26784.7682881,28023.8274628,16830.9967034,27470.6514338,0,4
19373.0807501,-1200,17474.1414052,23220.0952865,29510.3936489,36538.8267664,24551.4483836,34983.5953351,0,3
18976.0074646,4847.75235747,7991.15104027,25117.7960067,16280.9416665,43059.5850875,19280.431432,32309.8168357,0,4
12289.4591245,1771.77751944,21228.1157721,14350.2897108,20145.9051873,33220.4772503,29391.3216962,30438.9889174,0,3
10775.1627045,1692.76036845,25044.4025413,27696.8482282,34697.8630454,19904.1142316,12000.0222139,24185.9098035,0,4
18373.2108902,6628.17104909,35827.8564177,12708.9376182,25382.7233479,30953.371966,36875.8411162,21809.3750237,0,3
15356.8871639,3087.66337442,17010.1715378,14848.9568296,24882.5593954,16593.2871696,6793.56773562,25180.861648,0,4
16571.8933581,5152.41579368,13170.4532657,18350.8453769,22397.9494729,19845.17589,25529.4657526,20103.6916641,0,3
16268.5349757,4857.6852481,9673.11310524,21765.0877306,34403.642612,15457.2735624,34620.2942919,24106.837217,0,4
11820.5664553,9539.11570939,27005.201959,18300.3604448,11989.2369709,29891.0979779,12519.881656,31011.2832506,0,3
16662.939901,2955.14571398,23318.0385567,19514.9553959,30035.945879,20945.1266454,25641.1270924,36803.1898769,0,4
18048.1620775,7173.5953802,6073.52629994,20337.0902729,22141.2785777,18912.9838656,25152.6655706,17787.886743,0,3
25562.5554771,-1200,26104.9594908,16549.5045795,37201.450809,27678.6723721,12269.8800808,20561.7555427,0,4
17378.5015983,2550.59052655,23013.1153737,18922.4554549,12397.353847,23009.7396633,20169.2923378,20158.5864513,0,3
13872.7623993,13885.710115,5918.31919908,16421.1542363,17685.3651036,39950.5627647,27054.6257266,29294.7630547,0,4
22859.549776,3523.30582375,28493.1512219,7758.97956786,28122.1905473,23780.0904697,29691.8794468,24255.8799696,0,3
18950.8119297,5508.9666365,24977.7028282,24228.692664,24016.400537,27432.6958402,21065.3824148,25562.0451851,0,4
8550.36188736,17518.3681623,14696.8371767,12453.1030911,25023.790075,24662.8251161,20528.3566337,29590.5877858,0,3
14473.8770291,3928.56274024,19507.1761004,29061.7452858,19788.0662228,22406.0708654,27651.4304306,25510.2035995,0,4
11248.6105707,8792.41131808,18138.0380617,27323.5146773,29710.9878682,10817.4184889,21396.550653,35157.7808592,0,3
23979.4452198,-1200,20153.243251,28849.8431518,18773.4120275,19671.6621006,32609.4439706,29029.0720589,0,4
19424.0709389,2934.04614191,28419.1328117,23006.1377141,20866.8795671,15590.0611579,16795.8031169,28285.4359246,0,3
21974.4874173,-1200,36560.8685536,35989.7409718,21835.4275734,15455.2317634,31510.3465936,38762.9031965,0,4
18418.0529371,1928.03195897,17066.6675428,2970.67023015,18685.8729031,24590.9409896,19708.8582923,19997.502382,0,3
11650.3781979,10995.2813919,14278.5598612,23378.3829513,28919.4016844,24786.6723964,15270.5879215,27899.4499944,0,4
14243.8847124,6028.87187077,17157.4282557,23082.1370334,29990.3419459,27134.0346344,33016.2061721,30711.2309264,0,3
14452.0574973,482.385257127,22902.9435383,24583.8107,37401.5444329,17980.4167904,17996.0252542,23466.9263856,0,4
10623.9617444,682.119556015,27707.0407319,17150.4757358,12568.5438529,21798.4744891,21052.2336098,24626.1021755,0,3
26950.0774569,3170.9149266,24476.5705491,16863.0754723,24346.9012694,40626.3022785,49379.7386114,28452.5879893,0,4
13755.5185061,-1200,22545.6035698,10882.1916489,31200.2374169,33354.1891334,23611.9034944,20633.2341335,0,3
21094.7860856,3938.64718599,12825.2131475,29161.5255855,23031.1650399,26899.5410567,23843.9688298,18723.3044983,0,4
10656.1001425,10077.1840922,16735.9244524,10746.4527202,31183.5845222,23045.712325,32027.7894752,19797.6813614,0,3
26102.14701,11563.0714921,22164.7713992,37693.3460563,22045.2711372,29038.5452816,31180.1255856,16716.388434,0,4
20307.0744154,2922.42614835,34523.0929632,14450.1339246,29607.4365925,13596.86439,23685.5832824,35270.2569396,0,3
20682.2317851,9518.00362614,13982.9885916,25538.2837714,17412.1655553,23519.7826057,38515.4631502,24450.4460218,0,4
14709.2040687,4626.21486951,10074.5698263,18463.0348164,28279.3458735,21302.5885139,21806.7741809,22943.7522036,0,3
27321.1389748,1993.77072234,36272.4509838,29462.9037789,27109.9045383,41885.2607542,24866.0843345,32143.4180161,0,4
16819.4754729,15169.5359319,27708.4156462,35837.6258978,22917.2568762,25453.9241826,25217.4546065,17755.4801953,0,3
19846.4151822,1044.78446833,23033.5970002,28130.2431787,19033.7408415,31080.4328817,32274.3041339,29546.0596302,0,4
11072.5217905,564.144768425,12066.4666834,12545.0549255,8292.15342225,20089.0787573,10169.8904983,25585.9870411,0,3
5068.85788522,12381.4918969,17487.983166,4922.71214197,29321.850045,13089.988627,21935.1522122,25572.5691628,0,4
12207.0140526,492.810560007,23293.8514021,14252.3074249,39518.8160889,12137.9172341,12512.2756725,20673.3042426,0,3
30300.256257,-1200,22952.4307831,19561.8016649,20756.6107115,33935.9769274,33544.5982998,26872.0787617,0,4
24643.1449128,-1200,19939.4097247,32044.5010024,32611.1148789,22604.8771565,17328.1407899,23645.8825496,0,3
7571.92019826,10946.5657712,8951.49499239,29458.1741128,16194.2485024,31246.8640086,16460.9045738,17505.8551431,0,4
22044.6587424,6664.7568283,20803.9165026,22728.5719239,14376.4331309,24430.6193587,35120.745955,18683.5320594,0,3
13719.1388794,2502.5536358,18272.464039,23079.6839521,25785.6712742,33045.4533999,36502.4706078,17998.575428,0,4
12885.5245533,2561.70955932,23364.3139615,8875.92027192,12869.2692989,25913.0354364,17505.8968448,23903.546438,0,3
25617.0099908,6543.80854835,24486.9984936,21121.2535709,26445.816877,28762.5080863,22723.6713703,36142.426676,0,4
16381.0029215,-1200,25049.1219477,26369.3754039,21866.4760724,26506.1913066,28504.9027842,28355.3063876,0,3
15870.2958924,6511.74803241,13700.316856,26053.6290467,17438.4642676,15499.8019985,12032.9792898,17451.4688241,0,4
10332.2701241,1195.55966375,18551.6203549,14750.2202792,23173.218635,24096.2809539,16953.0626562,24947.1234945,0,3
10627.5970988,11440.5695779,14922.7152957,13951.2395153,15291.8499252,20464.8082722,30635.3710364,41459.7829916,0,4
22899.2125199,-1200,26371.6510441,14296.1411495,34148.4858075,29736.4856429,24686.1708401,41511.1658166,0,3
12839.1741067,9073.48797015,25066.7907737,21860.6026387,37162.1174526,37151.0967772,21067.8092895,21393.603413,0,4
21865.429228,1690.54368974,23079.1618572,21849.0103968,11140.3414392,37588.5374862,27064.9547011,24939.9638892,0,3
17564.1536976,-1200,25763.988898,30975.989597,27263.5816028,31109.7213887,25378.2164519,15961.5085488,0,4
25659.9060032,8047.51476134,21639.8967371,24968.9533271,17033.9780549,28711.6460566,24870.6708291,23740.4873481,0,3
17630.1107744,-1200,21127.4222957,21177.138066,27034.6274379,25132.073333,26418.0294888,22666.7684592,0,4
17745.1477754,-1200,16598.2103299,19728.1759419,11933.5650573,25399.7374837,38314.1837761,14818.8205358,0,3
16588.368181,4014.26339832,11874.1013334,10020.7820545,8140.27389978,17179.5754842,26167.9173894,24381.513835,0,4
16124.7421146,-1200,12906.5133233,27923.4688242,28067.7750488,19800.9155448,10650.8364683,22459.759572,0,3
16186.493992,7640.97819585,20602.1467379,24970.098756,10327.2138126,29887.5897512,32233.2510209,23941.2004687,0,4
12232.6982798,8032.47881752,18483.585337,22274.4061007,18595.6316033,24786.4976062,24575.0281082,24911.406897,0,3
17561.8704532,7207.8450037,24971.0485336,17207.4926712,36862.845896,28488.471256,39572.8007752,34249.3442998,0,4
7517.92062895,770.579642572,17722.3050015,11958.2807397,16855.5135589,16806.7774054,19487.5124362,23901.7100459,0,3
16774.7814552,6510.14991613,16728.9470677,14625.952036,12537.8908256,32006.4086652,17416.7169615,38491.5374779,0,4
12571.2625013,10586.1295643,18201.8259368,24775.3409499,25832.4633577,19860.6426728,25033.270549,29680.153343,0,3
25424.9654385,6007.76016479,13637.8091535,28556.4811336,23617.8078074,25585.7027735,36641.8305965,24988.8781838,0,4
14625.707589,1275.77428671,17829.3712443,22923.2189068,27421.4393293,8825.95382718,14793.3015767,29737.2981726,0,3
13724.1441104,1001.34990947,19600.2493904,25858.1804323,26871.5528089,26319.8099058,14183.2608225,18980.1043679,0,4
20114.8942095,4596.58349069,7708.71621744,15210.7007058,12458.6162655,27572.4768049,31980.7804083,12213.2694492,0,3
10598.8087854,3869.07589732,20247.2853234,10215.2586792,20174.2188611,36507.845262,5758.05567245,21311.5893739,0,4
15797.7579438,9287.08195047,24991.06252,11014.6573719,23820.4391589,30345.6078077,27354.3018425,28546.4304967,0,3
19703.5637399,9951.69228046,18529.6773964,27164.0358806,24426.9499048,40102.3076174,36612.4951892,28864.4833052,0,4
17602.9558802,3737.48844534,8863.37771508,24367.481867,25936.7985499,26501.2101604,26110.9846622,6757.93229101,0,3
9337.23902671,8803.01086276,17326.5459107,14948.2271586,27128.9536866,19432.7200875,16528.6197598,8963.07436105,0,4
10866.92839,7968.22278724,29011.1244201,27210.6012523,39235.3271892,24859.7501918,7448.97559957,24467.6795783,0,3
24909.3348858,-1200,16079.0984999,30637.2275313,29732.867638,33152.0066318,31473.0428704,20820.4615748,0,4
23199.7868187,2357.24803115,26347.5314348,20396.7338203,22162.0077122,8787.87125175,19552.6712008,29437.8207748,0,3
15015.6823965,4464.34395152,24873.2827823,19903.6065542,11292.4931391,15981.1357444,28775.8490642,23849.6175993,0,4
5916.2464801,8566.255649,9439.36290112,27438.4203855,22243.1493218,20549.035001,32021.7517498,14925.9496645,0,3
18873.2719177,3845.3003388,25537.6410566,13794.7713743,19504.7814767,24466.643319,32872.2489138,29061.2843635,0,4
22247.3034905,3392.22458693,17490.1723688,16578.1550852,23639.3875353,43113.3461489,28433.9957982,16831.2634596,0,3
9486.57457836,12787.5053337,9125.16581146,18275.2351344,11242.3680992,31238.0996264,37735.57322,24977.5480139,0,4
20234.4947142,13851.983758,25089.9416702,24825.4340777,31247.3639663,33719.0667844,26690.8303361,19737.036789,0,3
16355.3374901,3698.05137362,15083.7173765,16093.9080532,29251.7941242,31437.9036734,16741.816565,32734.254906,0,4
11014.886765,3999.80986081,18698.6491478,11357.6024645,36338.6260972,15820.8352661,17889.0437872,12561.8488287,0,3
9543.04806099,824.265180847,25421.5667021,13079.1084592,26362.6590033,19572.4729314,24544.2708188,31886.5888665,0,4
14650.7828325,4052.97097319,28256.8651784,31392.8243938,29112.8869381,21151.0817929,36849.9273635,32851.0466819,0,3
14328.956956,2922.29049478,24028.9496441,28684.6884497,16369.999968,15905.6100769,29869.617919,39813.4162941,0,4
8633.63120233,6777.32926477,24451.023876,22235.1842248,14418.1736409,29438.2330313,33188.3747722,24811.5052012,0,3
8754.17177892,6898.982575,15448.7399857,20624.2973662,32342.2912804,23129.974502,36765.5542685,12294.2637873,0,4
13859.8897465,783.284291042,29969.4294974,28754.658039,25326.4358094,22023.3212319,10694.9886374,28442.2353348,0,3
19568.2575112,2589.09250531,13766.8325858,18880.0390123,32313.3195626,21786.7160502,11992.4442573,19966.5491746,0,4
22412.8919174,12768.0821638,16788.7016308,11898.75956,23737.9639757,25486.20593,15684.2243163,40930.2166365,0,3
12437.2448688,3608.813835,24917.0383981,24209.150774,21369.6671995,18005.0662234,30370.3126035,38684.5150226,0,4
21358.2562375,3021.57066236,24986.3675514,19844.1931314,30092.6029525,25587.200674,36898.327872,38097.2936131,0,3
20221.8749213,4951.48367256,17539.5498686,15560.1210372,25739.3577961,29807.8684609,35135.7969604,41501.8702045,0,4
19937.5400645,3021.40815854,18332.15781,22713.1055551,29389.6268802,31211.8627107,35048.9813673,24227.5411874,0,3
16110.6467713,7152.5788023,31639.5337255,12839.2987347,26270.120674,27053.9581633,21484.9623101,19864.4995853,0,4
22500.4493222,3071.23988701,33078.074391,38541.3145161,27339.3634468,13783.1748541,16702.9378958,25576.0388995,0,3
8222.19737842,46.8980538958,14384.6085563,26872.1063011,23701.3786151,28200.7698036,34498.5519122,20561.0235983,0,4
22844.1355918,3173.52251047,340.702491229,22100.8500475,22737.194444,21520.6083665,20373.7178514,26010.5829635,0,3
21659.7605746,3029.0146521,23110.3217399,17843.226542,23763.8877957,32636.7528684,31771.2082256,28104.2381159,0,4
13501.8424981,816.667994575,27069.7064535,13438.0981366,24993.9116275,17580.5769066,13744.5507433,32191.5052752,0,3
18035.6638955,6958.49080509,24153.192568,24939.4031649,31924.2487954,16746.4951348,28131.6864585,29782.4042697,0,4
20200.8688122,6293.02132977,21525.0716443,24552.6366516,29282.2974246,21198.092191,33354.1638227,34395.350096,0,3
12203.885888,5147.71041643,13058.4774109,9020.48751653,26580.6663405,22879.1499457,20350.8584829,35195.1166988,0,4
20527.3595676,8404.67396279,12507.1783495,25090.6813014,19408.7483995,28640.8611246,20500.3195485,17889.6739126,0,3
15316.6864438,4932.64713761,10747.0795707,12678.8626294,26367.4374627,12886.3353176,30365.9247539,24677.1448434,0,4
21942.4987851,5885.9211422,24143.919058,34764.9785794,25733.9672521,19041.5879921,25221.5935812,19814.6256525,0,3
13948.3366166,-1200,28388.4437753,18041.2024154,18984.8281993,17477.8186371,26316.1392883,21454.9142672,0,4
13553.1852708,1777.51564173,12293.3663116,26574.3094212,17224.8727723,25345.215847,28060.5449886,21943.606947,0,3
26428.2600136,5307.69864852,25314.3069418,21555.0732281,10244.8678442,12985.7836602,18392.5491408,35337.5139107,0,4
14404.6403055,3901.99935113,16681.7629551,15314.5825822,18613.8469519,13327.7584091,20067.7119198,18618.4776983,0,3
29779.0673887,-1200,21334.3644423,8124.36395255,33608.2314054,7813.23333328,37085.0966175,16379.7927824,0,4
14267.9358238,1263.69254287,18174.1548649,20943.5720758,16500.6171202,23231.675569,20343.8594823,21767.0677279,0,3
25745.6762217,-1200,25486.3252275,32285.9850524,25049.2728512,24321.8757154,25877.305112,31184.3210508,0,4
17364.2184651,4961.32805152,17363.6483195,21169.0159157,31673.8394673,19482.7893152,14617.2214975,36596.988357,0,3
29364.345233,6376.78713679,40129.0710936,20818.2157796,14823.8568398,13456.526423,35643.8832216,22120.1939953,0,4
19898.4018991,-1200,20166.7870194,16398.2795219,19002.2809186,23733.4183653,22370.5063889,24698.4467726,0,3
27990.8955345,3618.77248119,29178.0504369,18326.2493761,22433.4011477,42572.9900253,31595.4358919,39196.6234515,0,4
17757.9389602,6266.73895879,9355.40291827,23464.6799064,27817.0017853,36664.0448365,28612.288712,42716.2930309,0,3
9498.58277611,10754.6282001,14454.4592921,22597.0477994,18734.3041188,16643.6599051,19979.4110484,23923.4249955,0,4
15559.7988425,10098.2592881,15866.8388898,10916.4801494,34809.6693734,42137.6761206,36200.8309527,23640.5294298,0,3
24053.7793106,2551.78644115,14431.2170611,30115.826857,22294.3408755,12390.2516047,14984.733635,36379.5440384,0,4
16145.575106,4619.28777214,9647.16491594,15127.0478395,29139.8585478,21012.4843302,12045.5701947,15307.0260905,0,3
17032.2077922,2035.43273212,23705.866552,9352.16390104,20570.3787873,21101.7568261,19706.7841383,24118.0088374,0,4
19984.9162413,1460.00504947,22534.4535214,13616.9003539,14554.3533867,28133.6178171,43373.7733518,21205.534425,0,3
12184.339113,5844.23540667,17248.7101595,24506.0730689,27733.3658709,22445.2630949,31235.0101697,22906.7802677,0,4
19020.378107,10485.2938875,20118.0294992,17165.4739001,34318.6534317,29801.4819333,29417.1292861,34984.2177304,0,3
5517.85189525,11581.6525901,19063.3961064,10830.1705763,27138.5492091,33336.983557,24078.5546027,23144.4103609,0,4
17220.5996952,-1200,14486.426623,28090.9204481,23616.3934284,34114.7728802,20648.3465256,29560.6477557,0,3
21108.6729441,-1200,34081.2836983,18128.0465645,22068.0418349,20987.3007456,28956.8582501,24932.9206106,0,4
15432.3137885,6848.45791408,14042.2292682,23269.9281155,23417.7995001,7339.93796555,29954.5262717,22769.108686,0,3
7945.00726437,4321.67890285,13171.8692476,15132.8575439,26814.5522318,31842.7607724,22688.4266541,32362.4657519,0,4
15230.7273353,1809.78699356,21345.2997629,30964.5787215,16404.0744787,34634.4902243,27610.6573463,23497.3484207,0,3
12215.2015457,4675.70363847,17359.3387154,17991.088757,27523.0189492,28509.30063,13638.718156,23024.2919793,0,4
22221.8219375,9739.31748732,19296.1567265,22638.3987863,16708.8533607,37776.1808687,33254.571388,25930.6539294,0,3
30476.8725116,-1200,19934.1908229,33976.1433808,39685.1030394,34104.0359402,21253.4380521,39123.5631133,0,4
13820.1951515,6214.0332645,19862.9081062,18408.2123561,21971.3780438,36214.7446474,12183.6828715,27325.0045362,0,3
25887.657257,9177.15343251,33507.9878852,29244.5510874,26488.8602599,53667.5180103,42936.8982994,26679.3085868,0,4
9851.38632819,355.391364948,31326.0963855,16580.4875056,25879.9284954,28916.5297034,26748.0787154,27800.6426455,0,3
5803.97179179,5140.49408395,11840.9374565,24080.7608449,19406.2155311,18065.5931741,22694.5918153,28326.2625044,0,4
14296.7778469,691.263265813,33166.7482506,3035.98742903,28011.603899,25162.1721228,36801.9134459,18634.2248602,0,3
21382.7069032,-1200,17929.3969216,17506.7248232,18284.8529256,33132.2512415,13004.6646586,26648.0250713,0,4
12687.3131871,2950.33680844,38328.3852881,12247.9036826,13360.7742674,25943.3483344,26212.4639249,15514.1371929,0,3
20904.1593376,-1200,30826.1655362,3376.23608766,30081.2597338,20923.9342613,21056.1665628,20004.754023,0,4
22539.2129023,-1200,24900.3022767,14455.3728914,26078.5757999,10993.0829495,17716.5780333,22488.1315325,0,3
15078.5195919,1432.62255622,25035.9420587,4563.71814444,16400.723507,16664.3672974,26184.9633722,15463.5479689,0,4
13131.056202,5728.18145051,24554.1322143,7197.88054263,15889.4171042,31653.2538562,14293.8750621,30545.7152842,0,3
20425.1129015,-1200,13234.9933101,22369.1195941,39511.6963557,40176.2416989,27869.552916,29226.9679042,0,4
18533.7776801,6065.735615,28452.6904131,13074.1463887,19149.0329721,21962.3862339,16297.7576789,7207.82917827,0,3
18688.1415693,6398.09011481,21008.9383342,19655.1376808,29230.970865,17797.9525612,17028.0754506,19832.575515,0,4
10779.1008844,20667.8682402,23003.9855433,30351.7917608,15157.3276088,27162.2357934,24959.2225181,42099.8678622,0,3
11253.3187119,3300.90272548,16669.8857668,19098.7705824,25200.8144054,19370.1575458,24333.8847629,21821.9690196,0,4
14649.9026396,5560.39457743,33341.7207351,29938.1022096,15671.4045179,28188.8100797,25334.690003,18984.4882224,0,3
12719.118137,2748.68942102,19773.9566691,3946.95812114,16961.9246165,20362.8280863,20660.0305902,17785.6579424,0,4
11261.4339245,5113.76605138,19093.9626153,8186.86312185,21955.963579,20405.6750246,25014.0192705,23187.6924604,0,3
14743.8753182,-1200,33746.830266,26294.4093711,11467.1060561,36580.4069298,25926.8397202,25124.414317,0,4
18386.4078791,5447.29862469,11137.2203782,11330.0462965,11699.6830293,30926.6146367,36040.738896,16273.0520884,0,3
22563.7264044,1475.23444646,15482.2637257,17212.3685769,12982.3490316,25868.3966051,24837.6622784,22522.2287184,0,4
17921.4768599,3230.35327029,15103.2835599,26828.9588806,37433.499608,15621.7046227,21623.4443878,8350.21967064,0,3
26635.1654007,-1200,20769.600528,8475.18311937,47363.6810885,35374.416333,28055.4923054,25472.4827018,0,4
12406.1140658,12992.9606729,16936.7043462,16917.7503622,10955.5649911,14294.476711,23331.1749526,14263.2543303,0,3
14467.3149607,7366.21726718,11942.233152,13758.7203262,17972.7337111,25896.5626989,28663.7854363,12300.6157681,0,4
16864.2306721,8366.70459858,10164.0735147,26696.1504893,23000.4965589,35276.3415302,23171.9586217,41363.9072981,0,3
15141.2584378,4630.18523928,7973.65627643,20973.1776695,18178.7072062,21647.8762972,31490.3781971,32466.8190381,0,4
10208.3236483,1621.52651453,7840.1988422,20040.5574185,28893.6943518,25478.8226378,24926.3917959,24518.6059983,0,3
18720.1590844,3094.7419998,26866.4087324,20205.0445865,28086.0911607,30463.9899141,19766.760877,21217.5794439,0,4
