13235.6134283,4475.1101523,12796.1188069,29092.5703667,19299.5938826,30693.9020004,5845.39622249,22536.0033402,0,6
21189.3888201,730.543021464,19594.6648982,20083.3319121,28116.9123704,21887.2048911,39567.480809,31204.9383439,0,7
13518.1263926,5898.53773887,31717.1915183,25859.9891399,22400.0345711,21981.495579,22472.747733,28704.8849661,0,6
17347.555344,9290.96436989,22299.3861058,11674.1161244,22130.2510975,18081.0374342,26651.9032051,19433.0140629,0,7
20678.6364439,5674.93792214,13693.5924639,18474.0876466,33127.7776995,27073.5988634,21973.5428188,22345.6381005,0,6
16297.0400059,4515.75442804,21522.3164768,19565.7008564,15088.6069318,11698.0170729,35493.0431912,34660.9530398,0,7
14923.4666287,9865.16563097,18793.7296434,19377.0749846,35494.0723621,30247.7481294,22174.5950195,40065.0284698,0,6
18609.0859366,18087.1453103,14500.8841683,12871.4820368,16833.2012288,38178.8215788,31711.3496571,28623.8303362,0,7
11313.092847,6316.56094919,15310.2468325,18179.717487,28766.0341605,28372.7998621,29423.2705482,20233.7412633,0,6
21725.9176878,-1200,20758.9526659,23374.6249834,21442.2685806,14372.8080766,27506.2422255,31912.050601,0,7
14288.2252332,4522.4877256,27317.8497283,20831.5938761,20123.6584774,20881.1001683,46172.9592395,19625.4045779,0,6
10751.5594658,4394.53431035,11826.6263677,25850.1949135,30895.4508792,23999.2291178,31138.8997513,15153.819259,0,7
11937.7964662,3094.01142055,22219.6723247,18660.1947094,24122.4734567,26211.3339028,18815.911343,21922.9566003,0,6
27805.8181203,-1200,27993.7893721,24824.5331643,12129.430065,31268.6736723,20063.784086,34106.2475983,0,7
17191.5142111,3916.75295874,24264.3751709,17175.5423658,15854.1721934,28592.7138906,13275.9738611,25992.7267846,0,6
16177.7746167,5971.44663464,17270.3968754,20928.768829,31263.6003484,37331.4664723,18418.52379,24394.4108369,0,7
22119.7422599,2297.95217178,15554.1611955,16056.7008068,23569.5581357,20251.3130474,21660.7857652,24087.6162539,0,6
24505.6688508,6682.33347291,25170.7831396,18731.0483615,21044.0245772,27512.9062105,31393.5947654,37078.6119604,0,7
16584.8101541,926.076338789,25143.4465887,37795.3752129,34268.76719,36743.4995328,16348.6832726,17107.9832184,0,6
19493.2474574,1073.83823991,24082.3397345,15667.256848,16516.5654808,41346.4665171,38214.7307787,35069.7766339,0,7
16791.2065639,2520.41640813,22617.4044008,6514.98825972,23275.2603394,31407.1848493,23517.4593772,29517.6513513,0,6
12938.5766497,4992.19879145,10664.6336283,17822.3961589,29223.1220133,32134.0737826,25671.7726833,9907.4536156,0,7
7767.04952476,2572.79206367,15405.4642232,21869.9673658,17958.1927222,15186.2347338,6400.82976089,24645.7219505,0,6
21286.7676492,7887.85358783,13911.6066563,32623.7648768,414.089337026,26291.6403587,22712.8209306,8130.84877128,0,7
13911.977929,4913.07855118,18488.4698933,29291.6834934,13180.1155242,25482.6407093,12770.8400688,33000.4172427,0,6
14679.799565,12475.5772184,11593.5615842,15746.1955931,14149.0736913,32212.0285827,15678.3291732,32052.3083121,0,7
16681.7154968,891.875175166,21903.6467609,21643.9605526,27559.6618402,29198.4576195,40249.8760792,24525.8764789,0,6
25546.0416929,-1200,29122.4972213,17657.7776115,24770.258512,22969.2274929,30395.0126919,27872.8860218,0,7
16202.9416898,3512.82961091,24129.2187208,8712.64926725,29855.5707979,24407.2589513,13818.8355529,26811.8536708,0,6
11594.959208,8102.56785974,24497.9886842,12253.0251168,20114.6031837,25521.0440471,19353.4879409,19987.0124586,0,7
15675.8797509,3151.01657249,21699.8304432,29782.0083437,39525.0895941,30105.647291,31354.9993617,20422.574771,0,6
24403.6879023,-1200,22396.2454975,16351.2677311,21993.0830825,23249.5613971,19215.352508,12122.313903,0,7
13320.0429923,8361.89049894,10848.5180334,27372.5435656,9014.16857988,25606.5440695,29269.4628907,16187.001999,0,6
16558.333091,1482.32676464,5416.36048872,24179.3760067,15965.615113,19343.099745,36961.9627076,9898.15253327,0,7
15733.2943869,5241.15688048,4523.49183477,20873.5085588,25514.9038314,27005.734647,30792.323817,42261.7527715,0,6
1977.79130944,13198.2937962,18596.4424292,16782.6834637,21471.3508572,29338.5291239,23175.795798,36864.327312,0,7
13319.6560755,3850.06561683,7920.3585989,20364.9386176,24165.0211474,24833.4589472,23533.8954622,24907.6724569,0,6
22510.6494185,2844.8903644,24979.7658089,17045.2514794,8125.38838197,28091.0523604,25551.422943,33782.1769877,0,7
9965.05275829,3528.80724677,22114.4152322,18611.4143749,26539.3935844,22742.4758881,12060.2442152,24180.7241294,0,6
18434.0896973,3099.98917195,23033.7442104,17576.2239055,23814.0107465,26486.5648435,16650.1984187,22891.3584334,0,7
26920.7419113,-1200,19998.8952335,17695.4461213,24458.4293365,13408.8699156,29786.4545952,29395.3261773,0,6
23798.3762862,-1200,31908.0184837,11226.7274403,24263.2568578,13031.6693706,31183.5385112,21357.6767129,0,7
23078.1405393,5062.6670207,18128.468238,27493.9146215,32910.2344065,4845.15836817,33697.8472465,18340.5226886,0,6
12617.8907787,2930.20670725,19328.5438024,21982.588873,19889.2308185,23155.421484,6645.86102662,17944.6943887,0,7
26772.9760916,4052.43969514,34971.0061848,29891.2589325,31790.4994942,30349.9632458,23939.1072776,16048.448287,0,6
22194.2335014,-1200,23799.364204,28171.2220498,24231.3531129,44609.7572233,38866.2305296,14717.2830753,0,7
30217.9458143,2101.09445345,14368.56994,21663.6283165,34689.4224033,21703.1608475,44167.8854672,23883.3411554,0,6
16440.0488623,6542.93085523,25927.4067477,16261.3113867,30332.8284515,16427.4760369,27976.2120598,9886.1121937,0,7
14950.566933,2461.4885292,12063.2327068,21112.8608154,25357.415398,27653.0291457,28109.9863753,27539.5306589,0,6
12459.8936562,3954.45933493,4877.50248799,6568.44238147,14709.1184573,17327.1011542,21244.0098491,11467.0507697,0,7
5058.21010037,18237.4451186,-1200,21369.2706389,15549.3846023,18183.6161594,8063.60595645,23171.6455325,0,6
19017.5627209,-1200,30968.2066057,26850.2936763,48049.973778,41354.7142307,17851.4754998,32567.1016646,0,7
25307.7081291,590.53679931,23552.473177,8591.02443176,16779.9222285,40808.9165289,24755.4975082,32589.2923135,0,6
21560.7445011,-1200,21985.2261693,32693.2758777,12721.3419002,20563.1779312,18692.3506851,28329.7267169,0,7
12125.5497473,8076.40232806,25084.8513431,28273.7583494,23373.6006448,24553.6293004,43673.2839021,23584.0724249,0,6
15497.4571435,4620.34049809,12350.3116943,6709.35935579,14272.4163654,13215.2781731,32363.9308262,13408.2527023,0,7
9172.16291805,14625.4414627,30539.8354002,26487.6928246,19483.0621714,20229.8382522,21402.2132488,27740.7610812,0,6
16257.2415768,5055.38142986,7393.51037028,9868.74108039,21000.7676114,22707.8724732,18756.8170761,23829.4179135,0,7
13305.121623,8854.09643863,6531.39879861,14027.6747575,24854.2742037,15818.4185203,28387.929228,24344.1294782,0,6
18429.722459,2480.9236358,26226.3975601,21141.4388237,25389.8345707,16554.1311052,25379.4477585,18848.9042339,0,7
13656.8183842,6971.45237485,11410.8866832,11204.1624396,14830.3562748,28252.1050846,31213.8355523,30922.2963885,0,6
8701.89979356,16666.3428961,4851.19605786,20394.6616909,19805.8361006,6950.461423,28589.732436,8544.06902366,0,7
21179.1114886,-1200,30533.6605887,18364.725936,36707.7489654,40341.8659592,16751.6382687,20822.5570613,0,6
15108.3188598,1577.72665022,33417.7986299,31839.2414779,16689.0271896,32677.3249746,27752.7894084,20938.432247,0,7
15215.5857173,5848.84520017,19118.7375315,10716.6062456,34822.1165752,19116.4924401,39896.1096987,17279.3449938,0,6
5505.78839313,9324.21089677,14467.9877167,18467.9073771,31785.1608396,22807.3290016,18783.1092275,31934.3235123,0,7
18721.0021019,3002.36358429,26222.3623419,32193.495318,25441.1702487,22292.6441468,40303.291449,24008.0984184,0,6
17310.7178712,3801.8111647,13048.5233735,29994.1755562,13552.1178358,21324.1005621,11942.6159524,24071.090611,0,7
9197.36775305,9811.4491052,10789.9554324,15954.2363824,27384.0839689,15189.7388802,15038.2350866,21223.4374009,0,6
17984.4467765,3694.37238753,31580.7940663,17738.6357074,20934.3549404,34504.8911612,31751.4603685,23742.6108713,0,7
15184.9154428,10082.4623148,11178.6745092,16393.1502634,33381.5389318,22724.8045863,32143.2570674,37068.085206,0,6
16014.4599325,-1200,18902.7755517,13493.3311931,22669.0253045,19341.3633409,17159.0092262,13447.0055776,0,7
15837.5248207,-1200,22925.4586707,29550.0488134,25951.9135768,23871.2531495,21731.7975112,25685.4402217,0,6
20675.7662944,-1200,14527.3400799,20573.7227607,15839.0072272,25489.1482548,31204.0373064,21226.0699966,0,7
22136.7750718,-1200,27060.6703846,16587.2906115,13565.0478585,32973.2208485,27050.1515617,40358.3752525,0,6
20548.2730556,4179.70300337,11720.0020264,21945.6502276,29220.3414798,28324.8781449,21845.4124414,23091.8812599,0,7
15365.6166326,3887.88182652,15106.0437977,15662.5879046,15883.8110854,23346.0157403,13257.4610511,9780.68413739,0,6
21638.0166629,2541.11576412,27473.6511184,22233.1114711,32920.5004024,32376.6224198,22517.3667853,37507.696076,0,7
12231.288902,4686.62722781,15760.6178877,13826.6246143,33413.8329564,26038.1694917,11968.1333457,27838.2994269,0,6
15664.2430685,10155.0165476,25053.5809059,16223.1572848,6454.18692962,21718.486574,34976.0547165,33424.3034123,0,7
23967.4476136,-1200,31764.5000378,2586.72123091,27541.6805989,29197.556747,26357.3681106,31591.9544672,0,6
12419.1783274,240.415944848,17489.4166327,24308.7494877,20080.0801064,18924.4217224,37834.6965824,34494.7268126,0,7
10582.5172513,19186.7078517,21419.2432835,21410.1296774,27536.0254351,23201.9298184,10470.4651972,18310.6282766,0,6
16579.8842261,6345.01607936,22130.8601631,25381.6749733,10193.9482833,36382.4050569,43586.9653271,34090.2235246,0,7
15586.6663055,842.170966748,15748.6820389,11865.7381793,21896.7452651,17868.6745097,16331.2003026,31754.1792722,0,6
17193.981655,7832.29831387,12707.2725556,10020.5797262,27306.5720852,35468.8808649,38307.3997967,32934.3648209,0,7
25439.1614053,5895.18672661,25701.6750476,11896.3111964,27157.5935042,18134.3690658,21099.6777284,38288.5838148,0,6
22164.4075235,3656.37137362,24533.4885788,10465.3574003,28415.5219204,26460.8844175,35900.6781321,22944.6441707,0,7
20193.4420893,2150.47880678,26220.9164579,5785.4676437,23053.6871069,13676.7845799,23196.7513035,23251.7499536,0,6
17185.8642011,6253.38053221,16635.715541,8993.95247381,9730.16139905,11886.1273711,20475.9729331,37048.7512182,0,7
13363.7783158,421.79124025,25695.841265,20393.589792,18921.8797055,30182.8426645,26204.327163,55106.9045645,0,6
21274.8078684,3957.64104467,16270.2447299,28066.2842872,13964.8253886,19306.0520042,27666.0769815,23811.073268,0,7
25176.2801812,-1200,21368.3262769,36114.8045616,31774.335869,25137.6888544,23699.1515086,21882.318567,0,6
24202.6951337,2186.32801429,14450.9675649,33246.7034047,15371.1740018,33711.8518694,20558.5525803,18498.1657427,0,7
11047.940425,12892.7996376,22034.2671995,20416.6018872,35290.4031539,22913.8244927,34460.3646881,32280.0590835,0,6
16694.8104503,-1200,24253.0692789,25080.9234347,28876.8650776,17495.4993625,47432.8422588,11309.0304397,0,7
13775.8128061,9879.08725941,17534.1963078,24054.4527083,27084.1448147,13806.6349729,28261.9906945,19492.3744364,0,6
11275.1672998,3333.97741188,29901.2075769,28519.5832796,18167.0439084,23908.756816,25566.8826774,31248.3652142,0,7
23030.4913392,-1200,21017.0844047,19843.5290056,29628.863092,31202.110731,42724.1193398,27828.0800273,0,6
24056.8289435,1726.1723227,28178.4930488,6828.23644282,23453.0356216,32479.0285752,23132.1249861,39962.6145525,0,7
18099.2238413,-1200,17572.2059412,18491.5842293,28376.1417457,35937.518462,12710.0008022,31126.2948312,0,6
22931.8490506,1316.44680562,34984.1278068,17673.1948151,24533.7622289,33598.2399136,21230.2718691,22368.8175706,0,7
13382.847742,2914.23146793,17723.430475,25292.8987647,7015.49903903,26661.3617362,24676.9871471,27310.5290618,0,6
24552.4210482,-1200,26349.6041856,3604.06561233,36038.5579777,37445.4308512,32957.624291,9040.43386815,0,7
8742.38937318,4526.50227011,22313.4357182,18252.4018882,20748.9703196,34520.4944203,21292.8860008,22964.281399,0,6
24862.3359941,4417.98569969,20401.9194268,17782.896701,22343.9301941,31659.8556203,12966.3256931,37818.002303,0,7
22201.045667,-1200,26044.7477775,21050.3249669,22478.4620403,14118.2862264,21755.3463531,12061.1483911,0,6
24633.9139479,-431.795100294,17868.9615061,9088.37075055,30417.5871166,22688.168356,27966.4053342,21407.9674889,0,7
18678.71124,-1200,17551.9351738,16090.471826,26997.5614065,20407.0680855,39554.7935723,21179.0525966,0,6
8037.82985647,8291.6585642,5430.79324126,6449.4124579,31022.2636182,16374.0845734,30476.4610143,10260.1896655,0,7
4181.01854835,18170.5595632,7911.11920675,19855.3179891,19784.1505676,21488.4359317,28571.7079341,25991.5485099,0,6
25816.4657719,805.02418376,17629.6811113,16800.393404,34080.9968372,37788.8039924,20166.5279774,32160.7609746,0,7
18513.7919191,-1200,15162.4362606,35553.6778225,17577.7955634,33370.6424353,33321.7408604,44511.0005106,0,6
19733.9541332,834.960966748,17057.3291388,13581.0392553,18245.3005007,26703.5524484,24779.3394341,25234.9802652,0,7
12440.4494236,-1200,26857.9891761,16584.6111051,26839.1272886,28203.7738299,31767.9744133,24685.4743032,0,6
15936.907837,-1200,15571.3123064,92.0217645789,21992.0820704,14861.122063,34335.3967604,23783.8346763,0,7
18716.7825605,3226.63493566,16643.5652157,22866.7186167,24915.0335596,23922.3576028,35269.1745274,22952.3936459,0,6
17343.08751,2088.10069703,33489.2185213,28348.4485198,21466.4001567,26530.5768743,34857.7733189,28781.2757477,0,7
13734.4073968,14892.766538,17724.3350658,22443.7174383,18425.016178,25815.5587957,18988.5010638,15753.7467059,0,6
33845.234323,-1200,25847.123201,40465.6457446,26343.5216837,28249.2190094,12018.2818714,35519.2280716,0,7
19094.88169,2247.04245307,16649.7048309,11683.6167433,18898.9154042,28426.9647279,25891.0642442,20096.951351,0,6
7346.2206822,1115.33105502,33855.6904734,26989.3972837,16870.3289599,32119.3822141,31402.742603,31411.4938595,0,7
5271.94884549,8206.89873627,6826.1195127,14563.3733817,23009.2515062,25699.7240529,24750.3235511,19071.5862814,0,6
21608.5721586,3489.43338233,24293.5840021,26602.6907728,30187.0460047,22563.67626,23291.1939283,20892.1781475,0,7
14405.4021604,5657.06141527,15651.7434015,7934.13667705,19490.5588395,18777.7230377,30752.1579951,9840.78155414,0,6
16377.9305431,7920.99611424,19074.1828614,22798.6159075,18497.7418179,24403.1949807,21425.36915,19126.3000686,0,7
21347.0621842,-1200,25854.7106608,28211.1357358,42861.8567064,24906.6992861,21023.7231408,19847.1887681,0,6
24530.1983632,2093.56459837,13570.9809678,19848.4342978,18410.9122775,19684.736258,25448.5561813,43729.4487787,0,7
16352.4278665,3991.44028179,37926.3748491,9874.74473403,22272.9250397,20200.5586674,34339.5911515,17150.8865244,0,6
9460.31496471,2588.77300793,11293.0625368,18082.0337485,5245.05175338,21386.1301961,15100.2035116,23735.3959637,0,7
13594.3028813,6096.8380476,11335.1076879,17072.5167849,28523.8290289,20296.4489541,29562.0098247,21746.4547053,0,6
19675.7312123,-1200,13342.3140449,22946.7602817,26090.7449669,28467.6795072,26746.7829353,30114.4557608,0,7
18728.2567805,1838.30282232,13232.3532427,23641.9056632,23966.8803879,19798.7549935,11311.3393057,11514.2719621,0,6
20177.8957373,2654.33776606,15179.2982956,27729.801712,29135.261056,33963.567329,15038.127738,23150.2512305,0,7
15143.2652871,-1200,21034.1159973,23566.7622733,22899.2268044,17067.4027228,30415.9879473,19770.5636989,0,6
15565.2851844,1834.1018685,22096.8507915,21329.6349713,18316.8913006,40918.0487375,21889.0069336,29593.8613083,0,7
15663.8011534,6422.51963474,24443.2395894,11791.2390177,23742.5161536,24237.7078724,14733.5801451,31334.7288976,0,6
22677.246187,3969.283921,12690.9959165,19501.6072949,23983.1994232,27732.4126002,27875.223693,15190.1879838,0,7
12634.5225342,3191.42799118,9719.1920522,11438.170656,9538.69350688,14751.407955,13978.7129394,31613.5300431,0,6
10716.7996546,10264.7161141,20495.0454274,24032.2951653,26773.4238589,31895.8683778,34276.6504006,27922.4585199,0,7
13463.3374823,7711.04945674,18135.8401022,13112.1804176,26399.696532,19358.8949434,20368.6999641,31026.0309146,0,6
19392.6257271,1946.0910792,30435.7341414,17555.1885866,21146.0028796,18002.2840137,31245.3184491,21909.2977746,0,7
20236.2149693,-1200,23939.9703032,29630.3877996,22102.1871368,7649.41309187,14170.8432447,29887.8838172,0,6
14262.6125462,2589.94221709,21404.330969,19496.652214,30045.3885512,20417.1704714,30492.1610585,22706.2263374,0,7
15828.3235379,15052.8047973,20712.7806065,18036.4140085,17392.0723493,15589.5854889,32756.5946687,21586.1491659,0,6
13998.5125862,6672.8956335,18174.4976845,30088.9113272,21016.0853149,30920.7896128,14818.632952,17626.5236173,0,7
10944.6858379,10702.6641922,17254.709597,17030.9747203,19360.1271339,34368.572948,29655.8719391,19335.5582342,0,6
18000.8077968,3809.73392971,16775.096317,24671.7959263,17362.8489445,26612.8379272,16629.4187984,29973.9590159,0,7
19849.8294812,-1200,33900.1500488,22717.745199,34264.5026114,17981.5092739,37895.8648943,25760.5997148,0,6
12656.85145,5199.5202598,9831.48139792,29950.6922051,25558.8714076,25477.1851871,13587.725808,24403.3511927,0,7
28917.6218769,-1200,30026.996202,19822.4549199,25033.1468221,12855.3275276,22245.3388157,24646.3621764,0,6
15351.7503601,6070.18920883,6160.12090073,11319.0493772,18953.6007966,10506.7291527,25818.6241269,24637.2283905,0,7
15802.9788284,7443.79370554,17787.3133944,25868.6205879,21161.7237254,22154.4440754,14186.9996457,16201.5355237,0,6
22037.4930301,1772.3718685,27414.4579162,12064.4607361,17026.5460975,35029.5499801,14061.4805374,27304.8555676,0,7
15416.3027143,293.442222067,30891.1717781,15590.4814428,10994.3962088,33514.6745323,11078.1278026,32493.6067149,0,6
21273.010488,5798.44774032,21332.4650865,14862.484256,17070.5510628,21751.93172,22748.7524289,23936.6740361,0,7
17856.4363487,6347.55771524,21854.9384874,21854.6349377,24193.7626795,33912.9093685,7038.70352538,20883.8814125,0,6
9585.38624757,6221.27631379,14515.8392511,22486.5923019,13495.7341297,17101.3716534,18765.6113222,34341.7622918,0,7
23216.9476118,1217.68731102,21140.6002638,14435.0872175,13432.2254986,25547.6050685,24826.333759,22301.6737934,0,6
12808.0052603,19687.5000043,25389.6278239,28570.2997933,13476.042809,33594.3307735,36587.6961378,21441.1105894,0,7
17418.0338418,11508.0184015,9655.87856203,17370.2548834,14355.8600364,16222.4271641,26781.0222753,36976.9534058,0,6
16696.2219395,1830.70152044,31411.8769728,25961.2752808,25210.3497406,26011.762416,15627.8538575,20126.9458568,0,7
19010.6489793,5743.63567245,5209.21327581,25956.3468016,14207.3290893,16240.6276845,26311.6220082,15320.2375107,0,6
23584.9226202,5832.15844809,19821.5375004,19833.1404475,31901.8380542,21240.2651648,22704.3058625,8785.48961106,0,7
15756.4412096,7522.86559711,12699.1028188,16066.1564017,19279.6095268,18504.9281563,36674.9185496,11492.0488013,0,6
9424.84410234,12994.3014121,20443.6143736,31966.5511106,23703.8524202,38595.1575036,25837.8391218,18555.2886376,0,7
18590.3990861,3563.16098378,21754.141874,13440.0811786,21905.6888381,21954.093675,16662.7190779,26941.6673745,0,6
15109.2705939,2606.21393441,24836.3353488,23072.5335625,25679.6807222,27823.6405992,28809.7959911,19379.3162171,0,7
11603.3129764,4912.80323675,17240.0995365,28231.2755712,23492.3958631,13025.9681465,17088.3336467,16477.5016441,0,6
13096.8801807,8897.24881,8952.96182915,18349.0302371,21773.4064853,19094.4226496,23732.4739479,32077.9742301,0,7
18838.2368568,-1200,27183.0454519,28986.7728314,29320.4067694,12878.8450093,20423.1840793,14792.3279543,0,6
16065.1309577,5477.57191947,16698.1977486,21781.6948901,28060.3678556,26365.8942851,29363.7681598,29884.4050203,0,7
17481.7317871,3905.99096479,20813.9666354,19201.7338915,25532.3160724,26161.4587894,29956.0370769,20275.0821149,0,6
27884.9650771,-1200,32671.1839312,23688.2654084,22433.1283776,25388.924949,30177.3808253,25189.5725077,0,7
12711.8842664,3633.44203776,9197.55881025,18023.4664464,18438.2489365,17732.6517507,17907.1133739,23701.9152371,0,6
20962.1213671,2992.79747935,27465.9088975,21346.4856217,12978.642923,32677.2436924,17498.9177824,15720.0157807,0,7
13942.9917672,5357.62821939,12895.3745402,13771.693749,24156.7652454,28621.2424947,21845.2599201,30541.3127379,0,6
25372.4755986,4863.78855762,23827.8020608,24435.754054,23318.7816376,19999.9384176,22698.8520338,32614.0839905,0,7
17894.3485841,7702.00097412,45286.3517494,21096.5808284,11586.3935974,28239.789457,27286.4910639,33162.5542409,0,6
21331.2278469,-1200,27103.3170488,25422.8032593,23451.8471143,27021.5636541,19347.427843,21909.929716,0,7
14512.7258216,1031.44597363,23431.7861256,10429.4663086,28193.3218095,23159.2930512,23890.0055495,25503.5965481,0,6
14906.1980285,7317.48375052,28739.4283381,19120.7787176,23869.4571785,31436.7791263,30849.5675514,6310.82195905,0,7
25154.5225829,-1200,18370.230326,10819.6108102,22209.7954278,27860.7287701,25661.1032487,26522.8483433,0,6
26485.2860688,-1200,23071.3813642,18700.8119046,15015.8912788,24752.6134194,18881.6778286,19867.906795,0,7
11534.6886209,8896.26315906,12356.6021744,16430.860744,15748.5494698,19844.0423397,11663.477505,20255.7158117,0,6
29674.2293373,3478.14355256,29640.4483754,4246.55323702,41743.5984582,28548.0291447,35822.8866721,44273.8595091,0,7
15888.7041529,12935.7309861,6395.76025717,31180.2573381,17416.8632572,20163.7277557,23753.2628519,16752.6787854,0,6
14788.4056162,1969.95210505,11200.8504973,29975.0215053,21923.5314217,12102.1195311,37552.6788052,22103.9472457,0,7
17539.8132452,6657.14563408,10651.7031789,20740.9595897,26915.3681312,19350.761667,19655.1831989,29122.1654841,0,6
7225.48253224,14248.8880694,9990.16405535,11324.094666,28666.5021012,24797.7114284,32731.671107,27120.0283832,0,7
17288.0840226,124.456611375,5353.43186446,13586.1934262,26359.3665044,14213.2441303,20403.7726958,25501.0745625,0,6
19325.2245973,-1200,37955.5313159,29811.2524356,12520.7013922,30028.3287566,29829.7345133,36430.5994375,0,7
14693.2102178,4303.85327917,27448.3155082,12928.2296486,20840.1808459,19917.5545531,15031.8490649,26614.1775442,0,6
16438.9927771,-1200,20634.1938988,15405.6796501,22621.1771956,13642.7729472,37328.9544437,34891.026875,0,7
24472.6885951,7831.08921147,18782.5309823,20261.8027182,27147.6246219,13633.4886595,23397.9207638,26094.2696372,0,6
13656.4658823,10864.6290982,9163.14427117,8389.18086361,12943.5752568,26912.7583693,40284.0368891,11496.5806106,0,7
21763.3985372,-1200,33336.9524029,5748.16224572,18943.7050927,31311.4192857,23891.7763252,34100.6358486,0,6
13340.6789165,3196.15999156,12885.4391453,30618.4531923,37816.9913284,26694.9841229,35549.6278,23494.6199797,0,7
26183.5275487,-1200,16484.9012689,12017.4244167,15885.5716272,24528.8505458,27677.309273,27375.8063418,0,6
15968.8741291,-1200,12544.5087001,13966.8082838,23103.0045898,22574.4692868,14527.2313077,19087.7960344,0,7
20473.1653496,-1200,31026.1191667,34375.7381916,29869.7511559,25915.3546402,28208.0330753,34910.3303564,0,6
20765.7977441,1697.21440548,24278.2274698,15078.2343117,23396.2117897,33454.7464681,20547.029141,23912.3119667,0,7
10500.3506571,8604.99419008,16605.4835796,10212.2754101,23574.6943009,20037.6473102,20396.9000608,16216.4360652,0,6
24295.0660385,467.151048709,20126.4175567,32380.3966269,30257.0717757,30793.1112719,20513.9609687,28535.5543904,0,7
15875.9175513,1909.24572886,21471.633102,12898.1693783,30702.3282182,16595.1824906,31372.1146405,28905.2504831,0,6
13661.7376608,5714.38732975,18690.2822286,23251.1087173,28806.3729126,20547.3351776,27538.2240819,22837.4390234,0,7
7265.66263493,11668.2122067,16249.9744463,23355.0797493,25913.1918393,20020.4930468,11931.2246899,31316.9374536,0,6
11876.5682296,1330.48756958,12517.3786092,26312.5681692,23160.6879149,20545.3161688,31158.5149458,8017.21320055,0,7
19109.3835795,6383.97709964,11196.3089755,20677.507571,17250.3750941,15228.6275478,27933.4053044,34898.5393823,0,6
16430.116534,4599.66750909,19727.9330535,28972.3990477,31522.956,16773.905075,20797.8641331,26687.2948716,0,7
21380.8881489,1603.16715227,11662.5230336,18947.5416449,21611.2820497,23333.7375884,27439.4647755,29216.5691668,0,6
17143.8695772,4138.10595031,13857.8123578,28393.162759,16490.8213838,16808.6033794,16693.4303818,26815.107465,0,7
17866.8247068,-1200,22439.1656228,5809.47966558,23957.4722524,31383.715932,40416.6764285,36918.2016071,0,6
10465.253017,6445.35187162,17216.5789271,10976.2672928,31349.1538871,27748.5360616,30380.6205697,9607.49178286,0,7
19486.7299744,8051.79714537,17790.8914293,28362.7628474,19909.6420192,30458.1794025,25234.5489273,38160.6596236,0,6
20379.5408637,3464.43214122,28899.5845916,30752.3566433,21413.8335361,22601.48645,8859.81043102,25491.8696332,0,7
10326.951342,6659.61558954,24171.6799212,24003.0813611,4990.25096927,24681.3565862,17469.4736214,24159.7205171,0,6
15518.7815399,5716.74086813,12202.6725069,24051.900702,15760.6870594,25133.8885668,21754.2191069,23404.0758933,0,7
11277.7665862,5711.4643027,15726.5545498,15405.6481095,17400.2336301,13357.1803947,30041.8012581,21602.2637746,0,6
18589.5323621,7163.42896017,25373.1083686,21109.37412,22345.3425714,39114.7379848,40128.7979759,27206.0894019,0,7
18645.0044181,912.519524227,16373.6578685,24179.8537844,18003.1616165,26649.5243446,24254.1334429,11416.2717911,0,6
18188.9620059,3084.80957434,17760.0157925,21539.186172,25766.867729,23838.0282585,32111.0411479,28275.5934112,0,7
17849.4656334,3979.15163249,15670.9736594,19335.4459727,14746.7125572,25210.110609,28451.549189,30492.0061166,0,6
22225.4200796,1873.67117506,21081.265455,15107.1502873,43634.6132961,36547.2321442,28142.9146022,38220.8520499,0,7
21555.2813655,7262.41476941,3725.00821703,18580.6282817,26658.4325743,25713.7583903,10652.824626,27645.1954107,0,6
15989.007501,6706.02269737,37226.3067564,19432.7134714,12355.3689245,28257.1512194,48440.167254,27297.0114932,0,7
15472.1313851,7506.42702833,29645.2035313,6243.56510305,26616.4745569,20363.6123893,23694.0150265,32965.082574,0,6
18424.3104157,1911.723043,20525.5140532,17322.9044544,14654.1923404,23873.3294784,44602.7521663,29204.0600381,0,7
19644.7509259,3011.60469939,15883.9694205,25828.5753738,23078.3499403,23483.508332,31150.0169676,21023.7376528,0,6
21547.05186,1051.59385614,17304.7359383,30377.913443,32782.7582742,16610.537299,31025.8385176,31511.4169955,0,7
18206.8996236,218.676883952,23883.7737884,19858.4187972,26861.2893253,33277.0495155,30576.2359186,28189.9854327,0,6
22304.2244874,-1200,38118.2078794,12846.7348176,23510.3727733,20520.6779547,23989.0496333,24246.4717967,0,7
18524.0890972,6203.22136064,35120.2645748,31986.9790564,26393.5970304,19329.9595197,25585.1544056,29622.0778415,0,6
10114.6117308,17264.0713586,16716.9011157,32344.9601272,36758.9486618,9976.0637573,28235.2441031,36387.1408668,0,7
17175.511312,-1200,19419.10514,16498.0601629,4065.5567358,31309.4555497,48930.6914558,17800.4913651,0,6
24097.4050571,-1200,12377.5286529,13106.9777697,31408.6228011,35869.8079163,31668.7120897,28573.6203752,0,7
21102.0117063,1540.36004819,17359.3739639,12270.3337219,20077.5683119,30769.7529546,19711.8955391,29412.1644627,0,6
22250.6400296,-1200,19211.1171156,16377.331227,6591.49454161,10937.6175801,29024.3942035,18217.2789445,0,7
10965.8718918,4177.51658847,18648.1639495,31052.1197555,17317.290645,25487.2658448,30644.827287,26368.233334,0,6
13716.2576945,6880.86443221,16778.9970945,17426.8586993,38863.6849975,25805.2080512,35133.5148883,28123.3577251,0,7
22276.314801,3840.69024312,11965.4549829,25361.83497,18887.5629059,22882.4876963,25557.4054162,32295.7394068,0,6
12780.7925938,10503.53399,18434.4559583,25349.355854,19127.0881076,32435.7253689,29480.9904275,30959.3091071,0,7
17416.5897284,4003.97722149,21990.4981506,17317.59446,15907.3990614,16032.7406069,26687.8175818,20007.5572523,0,6
14976.65458,2958.19496585,14888.9668544,12661.7641827,15565.7683884,29981.0063565,25500.9504147,11259.9889208,0,7
7610.29381119,-1200,23132.7090999,17121.2771029,22456.8236612,19981.4121488,19855.2095392,24603.1337571,0,6
9800.7159091,6451.00461695,22604.0608911,10693.559426,26116.2602553,30504.3179987,39549.5232463,31855.8546757,0,7
15779.221098,-1200,14690.1210659,21529.1298768,18987.2948043,26291.2184667,27141.8412121,15749.33046,0,6
22658.0407049,1105.03166146,30920.4174638,32068.1775551,16402.7051978,22833.5815741,26929.9769001,23831.9299282,0,7
21174.8571497,6440.09394625,9192.22917456,20009.2721455,40559.5322579,14764.7600197,34901.1354587,26459.5935577,0,6
20198.3379931,1234.02558191,28692.2251998,21702.06113,32834.1501168,19147.7732526,27285.9736266,30420.344995,0,7
11027.2568493,2317.26554717,8501.41261973,20589.9375819,20511.997269,18059.500478,21442.7220903,33244.5054271,0,6
18792.5163458,7351.41054872,-1200,23231.4971021,17578.0685735,28530.4698448,21145.2782984,29092.1494853,0,7
16347.6349067,-1200,24585.7128803,2330.02827076,21203.5217228,13640.207788,39874.3983007,15404.3734046,0,6
20335.6654149,2799.64123071,28668.4793226,28861.2766251,32504.0462029,34072.5719291,21711.3599535,17675.6626549,0,7
21150.687411,3907.53575986,22868.645047,30815.0295977,19148.7027066,23272.8749536,27460.9046045,22157.4199982,0,6
18552.1698868,3026.02469939,15097.4251783,18603.2094639,19008.9539238,19548.9317468,20759.5118014,27877.1410099,0,7
16041.2006554,4139.13697219,24615.1667253,18980.2334289,22742.3567632,21146.6351111,17012.4757635,23289.8825326,0,6
8992.56856064,2686.80620097,23695.711867,33130.3926328,21806.4241848,22707.5313474,29158.0711271,31811.0447624,0,7
17914.2392722,-1200,11115.941864,23237.9924452,30019.1065277,31894.0673724,30994.1994551,30072.4833542,0,6
7296.94986931,20427.2674776,13425.7005488,16726.9847033,26100.4946475,22214.3393275,36912.2535557,34140.1815463,0,7
13418.7414157,6373.94272716,19261.1267582,12884.0387054,11830.667352,26416.631997,22128.6721094,34932.1695003,0,6
9354.33979217,9578.38508336,8675.11382124,16256.9853164,18805.0868398,19737.8973573,22204.4209724,15256.8073879,0,7
20576.8406869,5930.79510626,15928.7891806,20106.5475587,20203.7781092,33337.0688597,43771.4010346,22083.111617,0,6
19229.7643247,-1200,38633.88648,28185.7966292,32321.9121331,25714.5212287,19387.7141825,33566.921469,0,7
9704.33835083,6600.19084793,15028.3383155,29172.1150648,8823.36081141,17172.2968506,24221.3406438,12355.3191544,0,6
15606.7681443,7255.34820142,26326.7155182,20744.6514396,18711.4079296,32789.1155022,28314.0305601,20631.1096091,0,6
16531.0370808,-1200,25452.7521601,13214.8647735,23071.4344365,25096.665167,29578.032124,32986.6802364,0,7
21614.0390212,-1200,21879.3583043,17914.2232337,23047.8246411,19285.0343049,27855.5293612,20397.674068,0,6
18229.1201633,4307.47027707,26252.0667291,30161.6900902,27477.9378222,26341.1269538,22628.0499243,27953.0179433,0,7
-547.292385751,11812.4812876,5371.20189405,19977.3598518,18067.8973581,24227.3829592,29691.8044343,35399.4096422,0,6
10749.964256,3785.03358657,12710.3707208,24125.4086075,22836.0757213,19088.5350697,5244.38729568,18774.1312598,0,7
15064.2380932,919.729524227,24152.9447512,19047.6735008,30433.1686332,20490.9291675,23039.0262134,18429.8280089,0,6
19821.2143545,7411.18878367,2148.22494416,14437.803136,22280.3568496,21348.3375133,19906.7097178,21649.126681,0,7
16800.1691612,-1200,29857.9016337,15511.3415153,11645.7347598,33613.5128027,23515.0632691,20544.4850278,0,6
26198.3365859,8401.04648955,10170.8059009,15842.7143898,36341.690871,18564.1552654,27254.6958152,23764.1036471,0,7
26035.6604568,-1200,24521.9351021,15988.1115904,36253.8732841,40097.78903,27355.5945578,24414.6725144,0,6
20105.8148362,4013.85609516,21866.7137655,28487.2901358,25354.5475658,33842.3548531,32287.1496817,29522.7827551,0,7
22781.4562182,3040.18812423,28066.7783395,35488.6250398,25896.4227639,10646.0620442,33887.492213,18880.898692,0,6
25014.8855663,-1200,31323.4677484,14503.4099016,31330.3544869,19337.5535349,20872.0364336,35115.118852,0,7
17457.8422646,209.562710036,28070.6835452,10249.2083371,30042.3975287,23360.8928306,12015.2607248,19621.0477604,0,6
14912.1457345,-1200,27880.1808581,13166.7254989,6211.13608066,41418.4221071,35922.5808143,24172.1587146,0,7
16850.0712793,4935.49321227,18736.5935572,23678.6760622,20351.7256376,22713.2818733,26732.575025,27048.5069385,0,6
10713.0163616,16878.259674,13480.7104821,29986.7878885,20703.5114944,12394.5037976,21562.1045704,26763.1792416,0,7
11496.5068036,597.097150051,27602.0893466,13683.7830703,29854.9806497,14687.6983305,32655.0186407,16625.9905314,0,6
7679.39436872,8055.32504685,19046.6046244,10769.9076681,27740.634067,22044.2779197,29550.8967481,27458.5856769,0,7
16920.5204585,1362.36609329,17182.0199935,12389.1868409,21149.952595,21675.7638145,26469.0973085,10605.7844942,0,6
8118.67452563,-1200,17627.9958164,22093.6167976,24379.6672923,16298.4961548,18545.9858104,21337.9862115,0,7
17609.3475439,-1200,29633.5329066,1199.3109589,25919.1324096,19414.1262811,32178.747695,18517.8527288,0,6
6939.86595719,3653.00601641,14698.0572901,14824.5433084,20486.3036448,23863.2452371,31920.913496,18907.9490399,0,7
7616.66819854,19543.6562618,11329.3314279,18335.3108191,26978.890971,23263.4202367,25134.6868173,39760.7497271,0,6
18086.7037015,530.680908066,44942.2282466,15658.2902609,38389.6891406,24571.7345732,24826.2183057,9940.89894606,0,7
16113.0580466,5757.44355569,13380.5114283,23560.6797375,5801.04746759,26783.9700778,24879.9043845,21784.6032899,0,6
9018.90737832,3414.95825299,12044.0808429,22630.8073653,22147.5053354,27234.533946,25555.8419745,36854.6856296,0,7
16995.5253886,296.442016591,21305.0293018,22163.3692723,22229.7346415,15743.4789334,22512.1795252,25845.5799664,0,6
26239.2853418,-1200,40445.3887424,8054.88749959,24412.9342265,42500.7488545,35140.3896642,24130.0220632,0,7
14565.8134966,2856.48758443,22493.6624935,24839.0592445,31034.3100531,31347.4210892,28761.0984089,30601.8507629,0,6
17128.353109,-1200,28541.3514995,17128.0364541,41898.0122958,29005.9990228,41844.6323041,34127.8160272,0,7
11582.4944815,3286.42037851,12869.9851447,18307.4564945,11661.8012466,27554.6077803,3234.59132673,32038.4983365,0,6
14365.4306534,1172.07711777,18856.8414175,18831.0960167,16604.3353019,24954.9572136,22926.4182164,17826.324392,0,7
36968.4888359,3669.25690682,21045.4518625,14390.4422998,24055.2721446,32029.2676736,25588.2582968,37405.5438352,0,6
23234.0241129,-1200,26712.0875558,22207.4462907,19006.6389194,22064.7609535,26665.9266551,17849.3667039,0,7
7402.42790945,7175.00508917,11998.3969895,18400.8700292,13692.4130598,10658.6353626,22604.7949647,16278.8000746,0,6
22779.550589,7507.08295875,2382.9373791,35886.1740524,15865.9500933,23448.8006126,15610.3681034,21415.2006598,0,7
17272.5115347,2580.0949445,21718.547855,27593.9482073,29412.2167717,20100.1296603,42148.0554024,36903.6109794,0,6
16340.5269621,8.16317895004,18391.543589,22471.3844338,31163.6327215,26609.5322547,27345.2736688,31673.0018599,0,7
6609.15088068,6716.76310895,20125.5146753,9026.30718177,30999.7372727,11650.514782,19413.9091305,20723.8456608,0,6
10133.1097387,6071.62720656,12519.3541403,17157.2892942,30436.1430696,24867.3634398,12121.7946263,33442.2908416,0,7
10471.7566925,4677.50700345,22812.618439,15731.3118652,28696.3047161,10525.9735962,24521.2399098,31224.8467009,0,6
5510.62326166,11981.8856383,19473.1948103,7378.63891746,37598.1176216,5807.38544427,28671.9511085,24851.7317959,0,7
21647.9878709,-1200,29723.3321197,25976.1777033,27958.7286282,26131.5697344,14559.9122026,17931.8700912,0,6
19700.1761689,1604.43573358,15463.1592378,24297.5444116,33779.8480637,14302.3321039,17768.3947229,35959.0654356,0,7
19043.1830627,4296.93860331,17005.9288862,22964.3204404,31882.6337125,30919.9473921,20720.7381752,12996.895337,0,6
15065.4267659,8899.43689217,23673.1932163,24216.0229238,22726.8538859,23628.6233978,20735.1762768,23232.9381507,0,7
13922.3229858,4756.25499188,10728.883301,21874.0542374,26796.5900576,27501.6209098,10629.7953626,12011.8741834,0,6
11109.0288447,6059.06879548,24778.590724,11606.7015319,39029.206085,21432.7640334,24717.615512,21867.2204507,0,7
18568.3197149,-1200,11152.2800049,21883.3765984,27207.7469203,11172.5099205,22639.3880559,25869.3515099,0,6
23972.545926,5780.10775602,35417.1088883,27741.2749052,22856.5597945,29914.7807903,20087.0075322,21557.29132,0,7
26085.9346928,-1200,22890.8481472,32111.5561904,19643.3570686,17314.4858251,28461.4646028,28802.9050636,0,6
31617.5241056,6360.66433799,22465.4114152,39491.1358778,21442.4646444,22227.5135332,39593.364215,24823.9018867,0,7
22732.6881762,6000.22622627,8906.52566531,25794.2284133,10529.6299771,31260.3598334,15741.4461405,18497.296297,0,6
15411.3487765,-1200,25365.1388405,20294.8611033,22448.2662447,20508.3145869,24082.033004,15386.737878,0,7
6995.297544,3256.67278988,15997.842294,12113.2482667,17832.6924793,26242.6854218,15729.9485529,22481.6930667,0,6
12500.5657213,1612.44584801,17996.4416136,28265.0946872,29091.0872187,22320.0813371,22530.2419939,21714.324732,0,7
20533.1577069,-37.6640141719,11629.5660355,32637.4170391,14591.0105527,29624.0894887,6144.46042795,26274.3469792,0,6
22627.1315164,-1200,23950.8080564,21074.2099891,17401.1810034,34462.0472379,21144.0301294,42749.5093987,0,7
12351.0435903,3265.77124577,14378.6531186,33437.7146967,20966.1209294,20167.4832594,20107.8619551,18499.2061976,0,6
11880.1255054,2340.22652084,6870.34189003,32920.8077522,18141.1087373,23640.4692864,30158.0134093,20159.0276405,0,7
13468.6345712,11391.6291799,8630.15787162,25179.125177,20303.315239,28259.0704145,21883.626587,18152.6848998,0,6
15348.047331,4172.23666704,26100.7635584,27281.4403524,13288.5224793,42741.1123898,15415.1580947,27172.9676911,0,7
8401.45883726,2531.61349516,11023.8881021,22237.1156155,25330.0408393,25733.7256656,27265.762196,33251.4343366,0,6
13825.5087788,1347.60480096,22346.0680172,18939.5310234,25536.8743886,15956.3439922,21118.8075368,22369.661412,0,7
23856.3624208,-1200,23173.7136691,26038.4413644,27086.6380345,45526.491205,19093.5033238,18668.7444028,0,6
19300.1481222,6587.5010107,23349.3963406,17533.2921881,37297.6665671,34252.1548,39189.9374436,14833.1580383,0,7
19304.558036,393.40214317,21418.8550556,10383.1955411,43410.9099909,22911.0040864,20491.2375239,27304.7107175,0,6
15111.9779436,9022.16393117,15222.3835662,29587.8817681,16968.154671,22495.7361347,18709.744256,30302.5807692,0,7
11789.3807054,4565.25523049,20109.8256189,14072.276291,17175.573327,21840.8542967,14940.0425099,23985.5682062,0,6
18551.4232424,4359.46162279,14630.5094744,19327.0582849,32010.1746398,28915.4177965,27261.0819333,41188.0885026,0,7
15157.8366926,4200.90156673,15314.2710194,13581.6789873,17252.4641189,21053.2391982,36254.5482846,26513.6312284,0,6
24419.4354447,7077.13941285,20228.8160062,27473.7515582,7272.02859162,24146.9126533,33698.4493531,24074.4084947,0,7
25512.5510515,-1200,19861.2545659,18166.3125473,32022.6118998,31856.0868699,34626.1911012,30765.9708782,0,6
19237.1795085,4787.40334018,28878.3052922,10069.5041832,27619.6616591,21924.5472296,15233.1046825,15910.9513183,0,7
23736.2284762,-1200,17109.4528638,15980.995377,14236.0353729,21327.5893872,13041.0699584,15746.9942896,0,6
20463.4048348,9237.15496493,21676.7730498,32222.162159,26777.6345126,37619.0903186,21023.5107749,23348.0635554,0,7
15416.0401821,4026.86328565,14565.2755938,28920.1011104,34332.4145581,32508.938178,33021.0050467,38990.4936482,0,6
16897.3926282,6507.60923472,17118.6585547,17396.3925636,17176.068227,29020.998227,16804.780548,19342.1244688,0,7
14726.6045566,7201.38817937,15084.2465198,21695.7521732,24623.5934316,25247.7312519,19441.1324151,35064.8074231,0,6
14578.7626938,-1200,16820.5060308,17759.9812272,6716.99868364,12998.6545773,24547.644841,20724.8713086,0,7
14477.3451105,5742.6960732,14877.1168068,19563.0818323,26462.5317268,24788.4035042,22293.6926155,22519.1239304,0,6
10650.7349705,14387.2809152,14390.6315047,25714.0614835,12123.274312,20198.2789267,31745.4230722,23834.6260519,0,7
26122.1057008,389.352464312,29870.2957461,14454.8919497,27606.2840491,23611.7452557,25306.1420352,21637.3980788,0,6
27255.6960683,-1200,23727.2924443,14061.0136079,21104.7515626,39678.4668314,24219.2508375,13786.6766747,0,7
14382.938421,7044.15372727,20411.2178743,6460.2239133,5453.79244254,15668.6522894,17508.7342133,26861.0692498,0,6
25280.2923737,-1200,23330.2345294,15484.29594,51914.6741351,33432.1987509,34862.4814356,35175.8156287,0,7
5699.75178992,13469.5198602,17348.6991135,14699.0455808,17529.6352295,20608.152649,25961.1603767,28006.0598824,0,6
10240.1954651,13150.9182177,16147.3339442,32197.1541145,18405.2259632,22962.8946814,19448.700312,21764.3619616,0,7
15299.4451919,5448.51897086,2994.13660817,20508.1199374,19813.8198815,16052.6402647,36719.9155794,14780.9429399,0,6
24189.3014929,2626.88402919,24812.4174911,17745.9854391,24828.2543828,34945.2355353,31334.0204241,37848.9690191,0,7
9882.2673991,3773.94106182,11832.6001976,11968.6526694,25788.5572757,18456.3837827,18417.514356,13126.4366193,0,6
22112.3176165,-1200,22170.3322439,7720.24947176,22084.0735637,26443.0315607,18339.6379832,27117.1962102,0,7
14706.9267445,-1200,22709.3946018,10077.2575431,30951.8841031,24554.4253317,15901.4419275,31735.9065276,0,6
19575.8722743,-1200,28479.6386506,14906.8832228,19196.5186359,27452.6650768,20224.9882708,14499.7657593,0,7
17799.1223316,4780.01380823,12258.666227,11847.7601635,21897.0922785,16823.3074165,5116.93070989,18146.6807799,0,6
18748.3498571,2742.6591676,17452.5372463,21059.2511734,24689.677985,20643.7824251,30968.4210586,20959.285066,0,7
26445.0401779,3053.68531159,19894.9611714,21155.8006072,28856.5908886,38271.5025218,28954.7791118,22646.2096931,0,6
15337.1143036,2688.60127665,20204.9312046,23274.7495726,17604.2203781,12000.7334237,24740.0960906,29665.4888078,0,7
14311.3130832,9526.36507185,20145.2360245,8710.57595608,30030.1124166,20053.0044411,28610.5406208,39888.3518741,0,6
28400.3248896,8074.49860321,18722.2744518,19816.4531678,29453.1072122,24005.4409161,14915.0196957,32439.515127,0,7
5968.97279676,14585.1180504,16031.0872376,13691.8514212,26827.1570575,19097.2866618,20924.1151853,30935.6047196,0,6
10191.5195649,4990.02539172,10175.6619297,17149.0869554,29993.6342377,16973.216591,21322.0032044,29392.6840094,0,7
29020.4028219,-1200,21360.1768449,19852.4677565,18361.819608,23694.3949973,7736.55033004,28146.5121482,0,6
19353.3572,955.131414469,11156.8751372,10720.3133521,9279.68595503,40218.4423036,25798.5551016,31393.6449515,0,7
20096.856362,7597.60578738,14673.4507341,17711.4276643,17499.3246007,22185.7783769,20306.6446921,29573.0840959,0,6
26827.1476528,2637.24626106,21174.6002116,16443.8938099,34829.8800474,26954.878211,27188.575561,23037.3179134,0,7
9506.44081891,7463.64526774,13244.4252368,35467.399654,23165.8775129,27658.4654534,34103.3276857,12433.9880871,0,6
28190.2693477,-1200,18802.5006639,11898.7354076,21297.6575458,33572.1746585,23339.3496389,18346.5761224,0,7
16650.6659969,2372.54481925,15417.0293599,12599.2927867,37018.860856,18031.6119007,26597.3679403,25672.2477074,0,6
22591.180711,2041.78478496,13839.2685784,26504.0039297,23926.5928672,18503.6014376,27589.4197143,29604.2837495,0,7
15701.2256802,6125.08522134,25269.7611208,25680.3234818,11880.175995,18881.386049,24062.2373213,19056.884765,0,6
22751.6480307,352.555300789,29686.9357794,17067.8756153,22750.4612272,39524.9165699,26750.1125092,20307.3130695,0,7
7213.58644358,3588.42348369,23871.986681,9927.58908632,19135.2567684,8963.38463135,13557.1577065,11884.6114175,0,6
19656.1735079,1897.0253503,21827.1873017,30080.2274839,33471.1215164,31467.5026705,30737.1794799,22405.438163,0,7
24293.978573,6159.65266656,12240.2369061,20676.9676538,9559.0238738,29305.3033875,18437.7151005,12441.5225525,0,6
27456.4680454,3524.15972601,12769.4641055,24346.8934905,28991.4477475,33468.9875082,47374.6090326,34880.6886053,0,7
23234.0136059,1861.78323554,26017.2748273,14484.5182626,27768.3810989,10865.6725017,36113.0225598,20348.7868515,0,6
18320.3478236,3104.78876717,29051.1402778,20243.8572421,32290.377763,22277.5742105,27403.899957,33912.2797929,0,7
15234.8133669,7867.42702444,18569.537462,15442.9311511,21003.4830222,14289.0164715,11818.6677725,30835.7226049,0,6
6140.08752487,9142.53857028,17072.8622383,13444.4537631,26779.997831,34525.1949552,27773.4795145,24854.8003789,0,7
13037.8684985,8283.45332886,6517.43874402,24089.4020624,10557.2229158,14712.3686298,24068.3281863,30629.0623911,0,6
21117.9041096,4679.94588036,14525.0190028,24484.0555109,26044.6252529,12577.5521335,25971.1462958,21665.7187817,0,7
19930.1609542,6108.99715665,15506.8123462,22441.5237558,22220.931415,20082.6743421,29358.7774828,16653.5927969,0,6
24769.7841276,5747.11125258,18999.653484,20266.2413419,12209.7391892,13879.3913924,29581.3141285,44832.9637833,0,7
14851.4663286,8531.18526067,8571.1166927,19857.4724946,21428.7899045,33828.5771923,32049.095159,21048.6466929,0,6
20816.5675881,-1200,14758.9265964,24506.5679144,19206.2009718,27062.8051613,23350.7455182,28157.8287106,0,7
16024.5437266, 7069.26661884, 15112.9426748, 27421.2440594, 20738.437495, 38380.882933, 26088.7555061, 21395.1836019, 0,6
20629.4202601, -1200, 25133.9287937, 26015.1069683, 30625.5939863, 15589.4307714, 28896.508794, 24507.7985127, 0,7
17746.8665651, 6181.79292693, 16173.4863874, 18804.5930594, 13469.7582253, 33931.3810852, 19020.939828, 33483.8683258, 0,6
18850.6428487, 1357.4791872, 25782.4235401, 29616.7688521, 31758.9204335, 20899.8018407, 37198.5176, 33651.2097238, 0,7
5005.39438395, 4601.31487245, 14540.8687089, 20854.6012172, 25768.5262919, 25310.6569495, 25247.7906847, 24535.1242884, 0,6
18216.6682987, 8747.39352256, 21833.7476006, 22004.9573918, 33187.6011659, 17636.7533175, 34873.5361058, 8665.92714155, 0,7
15507.1828211, 1456.66725334, 19952.1425756, 13559.4411892, 22129.5567493, 14348.2322404, 33535.0402419, 11639.5753957, 0,6
16712.5329922, 2392.01184526, 25187.4704465, 24274.1907629, 25636.7462519, 27468.2119609, 33772.5874433, 19304.3267447, 0,7
22050.6521498, -1200, 16876.2265555, 26127.1939685, 23876.1922213, 34356.7671903, 32823.8509476, 21439.4905779, 0,6
6543.20801136, 12635.2767176, 17099.4441768, 6811.33776895, 24183.7962625, 19408.0061309, 16961.7758666, 17843.9403118, 0,7
20541.5139162, 1043.18263818, 26644.1478693, 24353.5519672, 24448.0663474, 39189.1467212, 49543.2537719, 24941.1849698, 0,6
19783.1395625, 7298.64270463, 21710.6150187, 25805.0732439, 16098.0571992, 21710.8942595, 24208.4965453, 25106.4997551, 0,7
19108.3568947, -1200, 11749.4702865, 7306.5607422, 27022.8075238, 32332.1234342, 30031.7123907, 31700.3477588, 0,6
11500.261847, 2210.67223921, 17655.0484421, 27339.4060984, 28812.8777596, 26596.4931845, 21955.8090578, 18295.4799071, 0,7
14704.5985095, 4307.82240047, 13699.4741294, 15479.9416973, 19121.731728, 18197.9383178, 18171.9651053, 19600.6213529, 0,6
32213.2511462, -1200, 28060.1556343, 19770.1386336, 30822.0436532, 33432.8977565, 27199.7385068, 32877.096771, 0,7
15982.9568635, 1719.89866554, 8731.93076807, 20536.9729375, 33557.5869644, 11009.2551204, 15461.7873446, 11781.5595665, 0,6
12109.9326896, 5290.83331857, 13885.1206999, 18538.8017988, 21863.6995372, 29856.3086509, 18913.4865518, 25749.9066515, 0,7
16559.1037606, 3262.76219959, 21634.567154, 20348.3909267, 7493.85802759, 23941.2927362, 39663.0729449, 37421.9197497, 0,6
24307.8718004, 5935.10077076, 17045.2587699, 4994.40529846, 40413.440882, 24487.7218926, 12289.2929637, 25388.758799, 0,7
13679.5003539, 1000.68842977, 30705.785694, 11645.0696349, 13110.416248, 21901.5989964, 18522.7104325, 15548.6093423, 0,6
10124.4789611, 9970.76806138, 18974.0785865, 20384.861064, 17736.6174226, 20061.4623526, 27169.6118761, 17293.8337967, 0,7
7057.82593151, 3094.70328388, 21037.6501078, 15158.125878, 20577.6119111, 23971.85743, 19345.2542292, 19609.676773, 0,6
17579.2076671, 7482.5673499, 20414.6082325, 13776.2646983, 30510.2291942, 37759.2962996, 15623.1851044, 19597.799728, 0,7
24517.8945787, 4347.100286, 21113.0958076, 25154.5421321, 21108.9336134, 36556.4343278, 15005.5437767, 13082.7469669, 0,6
13740.0366859, 9897.39045734, 17369.327568, 13914.4256632, 35113.0734199, 38454.7602969, 16678.9961586, 19105.6608322, 0,7
10438.4393284, 11731.6584617, 21796.5973554, 11725.929984, 22970.9125195, 33657.6382456, 21555.5762883, 22427.0251563, 0,6
21891.8031237, 2955.53250492, 22408.5433228, 16308.7414832, 32212.1144874, 37746.6380932, 50791.8277659, 24698.6320718, 0,7
21605.2661392, -1200, 14965.9100946, 11081.4961167, 32990.0246315, 33526.5730592, 16580.9626896, 27261.0899399, 0,6
25711.3029542, 1952.14054947, 18132.3962764, 26481.2428572, 21782.0561433, 15677.7945359, 19042.9165588, 29641.3902489, 0,7
24212.0619233, 7496.09261976, 19293.0113346, 20622.980129, 10534.846981, 18517.0915844, 37234.6504593, 21319.6154372, 0,6
15418.6858416, 1462.55969501, 34111.5606135, 22151.8602582, 34494.2528028, 38789.0299765, 14885.3788664, 31082.6427469, 0,7
10488.0797288, 4688.50231923, 15987.6489711, 24694.5128038, 29442.6213996, 18769.5332959, 26554.4054279, 15424.6733794, 0,6
22129.1315819, -1200, 28180.5822294, 18482.1099114, 30156.2448072, 22594.0134127, 24352.4762554, 26947.4528562, 0,7
22160.5771412, 5215.41985716, 18715.0354358, 27268.6905152, 37119.4249709, 25904.7061513, 35556.716632, 14076.8487106, 0,6
22605.2230028, 2017.85249405, 17688.5958929, 22395.6100663, 16045.9931605, 21080.7870121, 34166.9092735, 29582.6499324, 0,7
9158.43669493, 10029.2861179, 15896.137829, 14106.8747018, 26503.0085829, 28925.212427, 20049.5877833, 29348.5472325, 0,6
19391.3693559, 3635.51465841, 16138.5875598, 11994.2133856, 25443.7589693, 28537.5960305, 20205.3265886, 29378.4780772, 0,7
9780.63537018, 10482.7623453, 8789.8725915, 14980.7004472, 24461.4350722, 13815.1022838, 21782.8757469, 25178.1898829, 0,6
11409.6099178, 6770.1241879, 16063.1148013, 18558.9021318, 26874.6566049, 34239.2196743, 32233.6891654, 22817.4521373, 0,7
9022.63698265, 7512.45281406, 13878.5697962, 20522.8742748, 17225.0572, 18253.8943122, 9789.45071933, 18681.4730559, 0,6
26711.5298471, 764.612409268, 21597.8018979, 16427.2406833, 10625.5058739, 33440.4219431, 17662.8340682, 27147.5448644, 0,7
23993.6333889, 6252.50742064, 20612.8689579, 30538.5981432, 11954.2480984, 18231.8512686, 21367.2625476, 34824.7298267, 0,6
11871.6318339, 8391.19247654, 8365.43658822, 29245.1430367, 20632.1531419, 24823.6326364, 34595.2108633, 35861.6470784, 0,7
13004.7247861, 9356.52172185, 10261.7053244, 9192.00803426, 28349.1714485, 20579.253505, 30894.6642851, 28636.4691995, 0,6
17508.9197915, 4254.14907076, 12465.5744209, 16843.9259835, 24595.8440005, 27133.3091473, 25012.5895333, 21315.0037527, 0,7
25395.953395, -1200, 22580.3302923, 12762.7673261, 21358.0590184, 28631.9554149, 37797.3402499, 20799.5886502, 0,6
20831.763851, -1200, 10406.7873555, 21078.1532344, 26742.6625337, 27249.958815, 27407.8347581, 7568.47461066, 0,7
13095.2621122, 7207.64675235, 19700.4577302, 13643.9728655, 19031.5888973, 25728.8098148, 22385.4661602, 13745.154555, 0,6
15972.0885296, 3002.0259214, 20332.0026781, 24642.7833367, 18158.386301, 18599.7916139, 32653.8066857, 37628.7502473, 0,7
18564.7420691, 6936.44229789, 10482.2615491, 13538.2815958, 15043.5471499, 33452.6860641, 25230.2361609, 14663.2562173, 0,6
19038.2423061, 4191.62563938, 21834.6048431, 20021.6473321, 23772.4827159, 32106.07849, 41845.6239461, 30350.4276738, 0,7
15427.5523009, 5213.42307575, 15389.4277991, 25745.9254013, 30290.3306518, 25795.4434757, 23237.2252471, 23544.9608746, 0,6
16794.2859524, 7897.39466084, 27595.2923285, 38240.237708, 38432.8977765, 31063.2243013, 29128.6399327, 31631.3462801, 0,7
22677.9988208, 1704.42440548, 12216.9318932, 15085.4879705, 22009.5284671, 18308.1519263, 38292.8714158, 19390.6406511, 0,6
19121.5759819, -314.860497104, 15449.125353, 11643.8425349, 26149.2286191, 13269.2000441, 18055.4231263, 36384.7024286, 0,7
15378.8246767, 1825.35445081, 14248.7623495, 36573.6160748, 26827.8254218, 23856.0014812, 32423.3140018, 25356.9295727, 0,6
25599.6188534, 4060.7650564, 17708.5879272, 27989.0519833, 17665.7023702, 21444.33701, 21571.4294992, 16873.8131263, 0,7
10525.922958, -1200, 20823.1030228, 35250.8926422, 21827.2978634, 34309.2033767, 10531.4150736, 21846.7915539, 0,6
23040.5661231, -1200, 34395.4673472, 19698.6192951, 18237.2828335, 32926.9654532, 20514.0548865, 28363.2303663, 0,7
5208.39877656, 17270.0056269, -1200, 17476.2202056, 22998.4517247, 26033.7474338, 26881.830455, 15451.2668755, 0,6
17395.1265575, -1200, 25939.7513888, 7674.65696246, 26994.5895623, 22208.3921802, 29534.9097989, 15618.1927176, 0,7
25060.0393905, 4840.41688386, 36093.1497405, 22349.1041186, 25288.1145435, 16520.977226, 50746.6068584, 33119.1529085, 0,6
15075.7004257, 231.075028212, 15249.7811117, 19367.5517375, 10063.4293563, 25382.1190411, 31530.6639923, 10988.1069302, 0,7
15659.7695759, 3098.75817127, 4200.45527253, 16240.4398685, 7417.8698709, 35697.3350903, 18090.1980911, 13498.2158998, 0,6
16474.3562167, 9029.12183966, 20529.0108641, 14298.1231789, 23942.0995932, 26662.333066, 35610.1624538, 21524.0480715, 0,7
23070.1361612, -1200, 15369.5440681, 23317.9579428, 29583.3838475, 19392.3595549, 22571.7987845, 12850.2604365, 0,6
15205.3019423, -1200, 28410.0907024, 24988.2301675, 39857.9940022, 28362.5361546, 26439.5779405, 15513.88413, 0,7
13057.7959126, -1200, 22275.2257281, 11086.9130843, 22668.4759961, 25084.0107987, 15099.1756645, 27305.2162521, 0,6
19540.7048992, 8957.30375935, 33869.6107062, 14506.5025775, 24337.5877456, 23560.9821764, 34864.6493273, 31764.973728, 0,7
13759.9298118, 7345.08614016, 28014.0916956, 21662.2566582, 27984.2646306, 6677.57450079, 21963.2830104, 30041.4258327, 0,6
26195.7561979, 7849.57339873, 24157.9577521, 31177.9261789, 20686.3152371, 30011.7250904, 21763.269272, 30364.9424877, 0,7
17163.2264156, 6671.85044863, 11920.4349102, 16554.0601453, 21274.6414119, 22102.2252022, 24334.900336, 17189.142418, 0,6
28509.7484654, -1200, 20517.99301, 25405.6486412, 21195.9876474, 18637.9254011, 24432.2894917, 31850.7729775, 0,7
22983.3339144, -1200, 17073.2475552, 17303.5229101, 31363.896725, 24558.7694353, 25766.2419334, 38845.4599648, 0,6
22769.629845, 700.13843966, 25899.9691939, 5985.80816195, 27202.755761, 22225.8316887, 18827.4765085, 18403.0010024, 0,7
22781.1305804, 12418.048285, 18173.7318247, 19832.5562454, 34729.8061532, 36048.4939973, 32590.0630207, 34858.5882876, 0,6
18216.2333215, 6016.89199832, 29348.6449722, 20236.3071982, 21339.8932409, 16405.0173901, 18160.3840354, 22427.9084025, 0,7
18518.5190612, 302.35462582, 25983.9597152, 30429.7695026, 18150.585722, 37915.7931895, 33540.3236094, 34416.922821, 0,6
12760.37331, 10001.362583, 19963.3645359, 33402.954014, 31810.7610332, 46348.1017405, 25877.622132, 12800.485126, 0,7
12692.0258215, 5604.67388576, 18919.6288887, 17782.8223076, 19806.4282274, 16538.7530843, 26046.915001, 19686.8368238, 0,6
23449.4902384, 9448.05997478, 20470.0359055, 25998.4762736, 24725.1255478, 24513.7761718, 38202.8507091, 31965.3644461, 0,7
15987.353275, 9805.80450585, 14855.7835409, 27100.4489861, 17299.2553746, 26203.9925346, 24483.2202363, 17621.933405, 0,6
18174.417656, 3910.12799749, 24179.8808396, 23870.699382, 14204.835549, 27616.6496909, 24754.9504769, 24626.5970815, 0,7
16507.4415482, 7058.37159682, 13911.3645093, 21772.6602435, 41261.5133164, 25274.4413653, 29333.6986837, 23776.1444443, 0,6
20694.0699697, 5670.15979671, 28064.8703101, 26042.1291234, 23400.4268266, 26909.4830772, 27725.2354272, 23494.8587293, 0,7
12864.539622, -1200, 8989.80486393, 23536.0842496, 18629.2800548, 9806.74371113, 17589.5245098, 11842.0761804, 0,6
14308.2025079, 3509.172198, 11986.6695055, 2888.49667883, 12800.2785906, 12790.4245668, 22611.0493245, 25817.6920944, 0,7
14332.1591992, 603.321499112, 32595.1019493, 32666.3866306, 16663.2858992, 21632.1131753, 11146.1703245, 29869.385437, 0,6
19277.8046046, 3148.46237968, 23332.8854106, 9051.16570975, 8465.18153149, 22973.467838, 11639.5879084, 25637.739529, 0,7
34797.9806012, -1200, 31712.6712534, 22318.1177408, 30734.7544347, 28530.3531024, 19880.8991709, 27193.9985628, 0,6
11431.3953193, 1205.3071973, 24996.7520216, 15398.8728646, 17341.1243182, 21015.5607195, 32729.4459139, 33055.1949738, 0,7
11163.3746549, 7562.99383341, 21757.612785, 31414.7121143, 19013.5579591, 28973.3264579, 31203.6531954, 20916.3905958, 0,6
12565.702054, 12503.0543865, 15851.8463895, 16087.3920344, 19857.1697054, 29039.335189, 16753.7602305, 10699.1707107, 0,7
10463.6171153, 7296.45186581, 14403.9030661, 27605.1563731, 20089.8427938, 12438.0851466, 15593.6670523, 21642.1760982, 0,6
14375.6109037, 4293.78696171, 34700.8208029, 24664.9513962, 17185.3431656, 32985.4735905, 25495.8523488, 34502.9788791, 0,7
12969.7652246, 9353.34278166, 10381.4894233, 19035.52833, 20661.6147699, 29143.6767694, 31421.9226739, 37107.6054513, 0,6
14671.6058142, 8343.99610595, 29130.23616, 12901.2164428, 30678.2246128, 29354.9717758, 32448.1659643, 13669.5267388, 0,7
19534.3173747, 3927.44821817, 25072.1428018, 31689.3167251, 32573.7328954, 29200.6743283, 20507.782655, 32253.3571132, 0,6
14645.4790213, -1200, 36390.1222248, 28448.6955466, 16538.3936387, 26595.069329, 19476.7748592, 18874.4032971, 0,7
