16796.2072142,1172.65733645,19611.4417723,14665.4303575,23492.528357,19381.8198307,15240.1557796,27267.6346529,0,14
17640.1867023,5870.66841432,28307.3692486,890.952279945,29601.0044747,28306.5202748,33897.948425,22122.8483334,0,15
7191.10762704,7754.17341989,26910.4300485,12559.4037075,21684.3480479,22283.5009818,25945.5809029,24780.4371849,0,14
18487.7727213,3980.00515189,20268.3091125,18702.6681778,34113.2706825,20360.4269985,8097.94017558,25794.8712239,0,15
22253.2962089,3397.23496549,24580.2663566,26909.122248,23445.1346308,17078.925529,37080.3202402,28617.7723313,0,14
29510.7447307,3396.72515882,7342.43529311,36471.8714961,32821.8478351,36863.3113297,24851.7232712,34884.7602258,0,15
13573.836195,8200.70472281,24168.6003601,22588.3984508,30174.8993434,23899.384263,30606.149509,19946.393749,0,14
21753.3079747,6791.74792606,15496.4941479,14209.1494796,9594.98286691,17860.5141958,25638.2016974,29824.1600427,0,15
14211.7013909,9009.58687106,6054.4428072,17306.4065786,17548.4750284,22190.1508233,34889.9548425,21421.9180537,0,14
18849.2103657,10469.823847,14309.1061221,23448.990571,12426.2903518,18686.5997783,16048.7666538,11421.4715067,0,15
14840.3894391,2083.81486919,16900.3424262,22837.3001935,22531.9244056,15281.4257275,26801.5565014,25706.6697084,0,14
11655.498656,13516.9438904,2989.61576961,24047.4296548,16109.8328302,7288.72370132,23930.016827,22546.5588328,0,15
28759.9192781,3524.49773139,22751.8204292,19933.6555736,20722.0779479,31074.418095,18307.1277031,23428.1297685,0,14
19718.277653,-1200,28309.4635693,16482.1004468,13294.6591723,23493.360244,24437.0051157,20140.4921007,0,15
15407.7479233,4521.73572829,17825.5193949,24061.5708282,24117.4130236,34656.8054598,29465.0626751,13837.4791238,0,14
14498.3104176,6985.53162618,14483.6949684,21200.6785349,18267.4448901,18515.5127618,25334.3166364,24427.7909681,0,15
19204.9650149,4825.94616891,25084.8553648,8995.52213788,19751.2417906,33857.8183653,25372.1693816,12610.9149687,0,14
18320.589993,9408.20444385,18525.8703627,26861.3392617,19923.1998533,8205.36955618,40418.7035575,29627.7844697,0,15
19729.7199104,-1200,26502.3151396,17209.7455926,20682.8747797,21215.5271452,33389.2374224,36139.8306724,0,14
9920.66077633,7048.6354961,19948.2373591,17236.9848124,8706.77610579,21811.8984521,22924.9954857,28158.006142,0,15
11432.6296267,58.90359217,15663.1249146,29860.2441474,23346.0228445,13867.0391706,27823.8216579,25790.9686172,0,14
12070.8777989,3147.65687766,26516.6649174,17093.0858017,3787.21891412,23834.5173365,33997.0020065,5762.11750022,0,15
13460.645795,1859.54152044,12226.9120103,11279.7103814,35747.5772763,31245.6303253,23825.5985123,12845.2246681,0,14
13119.5205339,2542.19152675,17659.7548361,26044.1871637,24319.3383587,19441.0950355,27831.2075283,19303.809459,0,15
14237.1721354,3324.82499444,15515.3867543,26507.7974607,16119.8438552,27111.8657252,15711.6945409,24312.1079986,0,14
11777.5842669,9145.03574487,19713.0013394,30458.6710599,11196.8997276,17526.2626494,19990.4343769,16610.051955,0,15
12638.5058897,7743.79344464,19769.5783293,20871.8607544,33625.1391225,39914.5355963,14435.2388906,36194.3336653,0,14
18249.8121099,672.696922803,30760.5017862,44869.4073325,35974.6630029,11184.2748304,15157.407727,15203.5740204,0,15
17280.3298195,-1200,13356.0909225,1593.71452918,27209.5939293,26763.7286746,25314.1717898,40354.8208126,0,14
21827.9875598,-1200,29424.5749552,14850.8700267,16474.8983939,39181.7419667,19054.0927993,26913.22192,0,15
5086.53373158,4437.10460095,18895.6359898,17874.281757,28699.5030274,11921.3496588,24265.6070694,21740.5902667,0,14
31510.8069495,-1200,25575.5034583,16759.5683257,33221.0201011,46254.91906,39897.7056708,21505.646092,0,15
22929.6116621,-334.131496301,34867.0740445,23370.4471865,46399.1617145,24350.5545025,33643.1879386,46562.9308469,0,14
21920.4415096,5266.07290056,53165.9752895,16530.2695704,17736.8841155,25133.9474182,25337.3969822,26244.3633997,0,15
20785.7753147,-1200,25854.5132805,20752.769058,18922.0343386,13497.540567,29891.1411061,33884.8852783,0,14
25203.1873101,1829.02412659,22676.147255,22399.7134817,31810.7747295,22828.5156323,30600.0498587,27387.5766263,0,15
11654.5587503,277.301983417,22530.8002027,10441.1803659,31729.1404257,28761.7698451,19763.8771606,13534.8035872,0,14
17373.3529476,4049.70398763,3011.11106581,22511.3773481,9551.48814282,11454.0230509,22270.1908641,32902.1859574,0,15
16087.5939193,1462.35235549,6516.53645475,32766.1875399,34641.1448471,25803.2426936,17517.2237322,41393.5709324,0,14
25134.262295,-1200,19874.6959578,36483.9308465,33345.0495944,31077.4999823,14492.8118169,23795.6936355,0,15
17921.8728804,14209.3309696,21610.983496,13807.8743143,31176.7658763,37706.7998843,26670.8555649,33861.2717363,0,14
21606.3929654,1539.15605305,10975.3442815,27485.7915133,14815.4733259,21990.9056362,34383.6876151,23365.2477036,0,15
14985.2217812,6193.58302323,24485.9750436,12121.5315791,16531.6179922,25160.9200338,29894.551089,11670.8625151,0,14
15709.4548323,-1200,25410.0305253,12517.2313371,16638.7892231,15714.411912,26174.9730852,12100.0955787,0,15
29567.5842517,2875.39255145,16175.1194326,20647.0459747,18738.4241111,21492.338807,25926.7590447,33794.8004016,0,14
15991.9698951,2555.84376942,13269.9345062,16556.6594629,23694.1114404,21317.776257,17567.7156245,20127.4197936,0,15
16181.0142477,2641.38008423,10516.4288854,31896.4619238,21116.2458449,22894.065045,16217.3213597,10179.1581913,0,14
13274.663847,5383.69723412,6829.22569299,19165.6104778,21585.1845875,19375.460626,32968.0700591,17078.9630047,0,15
15366.5930758,3839.77944001,27307.6733667,17764.8235173,14259.3764243,35217.2499697,20409.6215477,26492.4848443,0,14
12928.4782845,2865.82678132,22842.5656662,26033.8008099,30304.4292194,22404.3468282,27606.2202573,23879.6900224,0,15
13594.8450456,280.842307644,11191.1791961,11815.8658527,36688.6120392,18606.1547614,23362.6015902,26914.7484435,0,14
18711.9388395,4554.72237908,29941.1997112,19790.8541978,34904.7593602,38002.2305682,23606.8800129,41929.4214949,0,15
10847.4437726,6236.33705031,10091.3229203,16119.9910715,13987.7972944,10078.1396072,47437.2191355,13546.0910882,0,14
16750.7508475,959.732980483,33797.6360928,17524.9476194,44807.9130698,11020.1154625,22132.9539249,33742.1926783,0,15
21999.0576138,-1200,27115.1689239,19703.2114679,28468.0617629,18186.4535592,35715.7204754,24461.8694399,0,14
11118.2872614,11475.7582382,3630.26411581,32034.566654,32082.2804175,21699.2437487,26169.9420699,29750.8251386,0,15
5381.24599459,10895.3183062,12097.9387848,18147.9132754,28530.7360003,28753.4689181,21091.6858134,37600.3478325,0,14
15821.6176126,2495.52995765,24724.8696798,28644.3509558,16043.3647034,29931.7925004,29221.8644203,26102.2638992,0,15
13829.7190352,4957.86306281,12138.2810773,11641.1269584,30021.6902351,21091.6618872,28406.7364957,29838.295039,0,14
18004.8231302,-1200,24857.4034294,30119.3307496,16141.5459562,25072.6862825,21286.0656643,21741.4427023,0,15
11481.828721,3225.37995701,21150.2089568,19014.7356046,38360.8151795,23773.3376139,24179.7867538,31494.1241244,0,14
14029.1928083,6566.90578514,10203.9126813,8461.77113619,18664.7002598,17920.4090611,32672.7483515,12153.8851531,0,15
13520.1785692,4201.24237584,19030.8506281,32570.6965402,25527.612709,16091.9913084,28266.890314,13802.3015045,0,14
5502.72086746,11603.6076945,6665.12827913,25055.7377461,18860.3657167,23009.6227876,25130.8172295,24357.3099803,0,15
16422.696109,5223.0014426,26449.0836906,26331.2595767,30719.1884642,26943.1374437,13050.7229435,19938.0458391,0,14
8443.088729,11123.961603,25437.9939638,29805.7747324,16284.8452993,28720.209191,20919.1015214,29917.443944,0,15
11942.3654604,-1200,16391.2906823,10939.0089911,15367.6747199,34294.4008966,17159.9424855,12960.9749839,0,14
12506.3388327,747.58312517,25058.9939963,22660.0120896,40569.2129405,25391.4277607,33836.7773792,13185.9639572,0,15
13196.9164085,3284.41796391,16895.2181043,20702.3784736,24738.4582979,28436.3439477,28471.6793432,34796.0190829,0,14
13867.996366,1224.87623772,25570.8267667,34672.7115556,6986.54063053,13083.3826903,15794.6012543,19725.4531859,0,15
14190.6019206,4786.03564464,27284.9367409,15334.3425411,32695.281011,19011.050907,10854.0841646,14341.7501596,0,14
16048.5307238,5315.18244119,16433.7032537,33743.1955721,20593.8780886,11640.794376,27718.8437656,19059.9199498,0,15
11789.9068666,7667.81630162,29020.7979008,11654.4756636,24444.0433242,23447.7545949,18375.9958389,42947.6245601,0,14
21855.4103805,4149.31769719,11069.3752279,41333.6344897,30586.5945688,44277.3536236,29837.4292884,15653.4557654,0,15
18153.8341187,7644.17002514,16881.1245051,32775.5176491,23341.6190398,31147.269656,32767.7016126,22170.7820301,0,14
22869.2377274,4583.71407587,16791.3482452,23590.970693,5038.52898108,32480.6278488,38043.3605221,25284.6560698,0,15
13529.2654523,2572.90219328,19131.4755812,24881.0655804,19395.6130437,12979.9327225,24391.2446567,28092.6947065,0,14
9722.64377889,9877.98804081,11947.6688971,22926.2003327,25202.4792118,28172.3796498,28637.8887203,15211.1565782,0,15
13032.3563239,4856.80833829,11180.1384136,37289.0597548,32152.6105336,22210.2933843,14493.0111988,33715.7221337,0,14
16386.6902247,8262.73122071,20297.9739456,20574.1857923,16838.3810952,39173.6566152,43677.9090948,28929.7498343,0,15
18614.9851954,5455.03990274,13475.6928381,28979.2779712,22129.3140919,18605.7126369,29789.1499788,20817.227111,0,14
19373.8344889,-1200,11188.3630626,8518.98164224,17377.4427707,9987.58700534,24296.9372509,20391.8615298,0,15
17630.8592398,1306.57461094,29913.9500522,16863.6005126,33167.6834559,24930.3220378,26326.6124107,23149.1012728,0,14
21094.2441125,577.772390157,12648.524325,30024.9856702,21261.6625627,33852.1683218,30713.6731152,39498.038151,0,15
14888.415892,1240.76417883,18382.1523852,8950.33057251,22839.2892621,23401.4073904,11862.4969385,28491.4897332,0,14
25249.4986729,5236.13506153,11235.776545,12114.9815707,30710.2649013,35284.3373997,26986.4365073,44821.7636083,0,15
20160.6990297,1969.48070197,16071.1371967,10877.9518718,20349.466959,25578.2925451,10029.93147,11792.777557,0,14
19475.7318867,5662.73199635,10520.4550672,17236.5483421,17953.2277672,40547.2126521,37289.3406414,21589.5429514,0,15
18732.1209989,5262.98298852,12627.6129194,5460.48482414,17775.734782,16964.4946499,20521.2751805,32146.8367894,0,14
17739.2512344,1675.70208731,22035.8134281,12495.0417151,33946.7398212,12306.9769519,21205.3163928,30575.8312366,0,15
15045.3863732,7875.09615669,18355.3717702,19062.5570032,35731.1612194,33571.6499219,27616.6128332,34087.0427914,0,14
13654.4841688,1246.04448745,13505.0251244,11054.3716536,29493.3745494,36318.2628965,30451.6590375,31522.8850254,0,15
17265.4393325,976.255255532,11959.3044424,10811.6086459,21501.5323521,36066.2024078,30584.3567543,15224.6974454,0,14
18218.486323,3268.98654865,6734.42661696,25990.1917861,22513.5900774,20157.2095569,27197.3406663,22565.7116223,0,15
22666.0737031,-1200,24524.5744314,28131.6539788,28715.4819518,25864.234707,16556.1274299,32330.8701106,0,14
21073.8164978,-1200,30698.8695844,27048.9956732,44436.3331422,12397.3285385,33477.9376072,24985.7897133,0,15
17441.6809171,11543.4633387,32655.1002338,18330.2840088,15209.6800856,34251.8129523,39817.3796817,19864.8168808,0,14
15266.7918583,-1200,25739.0339841,7864.66400779,20337.6501889,33131.3584293,31125.5987902,34030.3199201,0,15
27698.7719527,6963.00272555,8782.25531577,32122.2226957,22102.3127516,19238.2974731,26711.0168565,10020.8999227,0,14
15941.2300289,5047.52536191,24290.4609476,24606.2032394,25702.219108,23581.5896091,15967.1822643,38374.1308389,0,15
20727.947127,663.270282634,19353.6208842,19647.0515214,32082.3364704,31208.3363438,24946.7145416,14682.9797959,0,14
13843.2844439,4571.99741893,11237.4765439,21048.7591225,27047.9933185,12504.8069901,34784.3069149,25061.3917295,0,15
26251.1406729,8677.67723891,18645.0459206,24040.3914643,8266.29065792,22174.4072275,27107.4424648,28616.0694978,0,14
20472.7260384,2629.15069113,25511.2178939,18128.5981236,28279.2740979,19102.4412647,29057.3062468,24786.3238769,0,15
19782.3613032,322.582182619,11624.6620099,19603.1406013,9358.9519462,23277.129526,15851.4121487,32933.7851411,0,14
19306.6935762,-1200,20957.7891368,11850.1909796,27454.5697089,30446.5456806,33525.4490386,16684.1266425,0,15
7075.01084101,11813.1413184,10902.3503798,20487.3103766,28077.600708,36382.2811446,29614.6221445,8643.17807631,0,14
16335.8908668,13980.4046219,19266.5830692,23863.6190144,20538.9342946,16314.6115106,26311.0459875,36788.1022354,0,15
19893.3701341,1799.90074222,8058.43199656,12468.1164554,17622.3127639,20295.3604623,31945.2791417,15506.777301,0,14
20054.5645519,1461.64285775,13713.4285356,12502.6854651,11039.7503396,23758.4365827,18129.1741604,15341.9819636,0,15
19468.4778545,3885.56048252,24587.478437,12849.949816,20638.0959217,13964.0057222,31576.4594313,26962.2014583,0,14
11099.2740421,10773.4302417,19355.9483537,4133.5817835,30540.5960172,23174.5280603,17667.308899,22435.6685343,0,15
10501.709056,1078.90846695,10935.1379355,16228.4835167,16108.8760477,13165.5453247,10464.7653722,22062.8817093,0,14
13093.1670036,2302.74771006,24406.2638035,16442.2549446,30169.4723053,16087.7057274,24883.5003748,25165.7162005,0,15
11233.2291172,6920.93473334,33029.404174,20784.9974083,26121.449276,20259.4200067,18583.7062158,28252.8868293,0,14
19240.1784715,2692.10431739,19189.2587003,21952.2589307,15075.8422029,20637.3243058,28634.9311184,30570.9666642,0,15
20261.683791,3592.62967644,9979.85805421,17471.8409082,13449.2552882,13270.5154681,28767.3850889,20375.4729265,0,14
11797.2653994,5530.68054811,16969.3549654,18680.3069162,25099.1896382,22346.7972302,21446.0476823,25653.8826302,0,15
15248.4067776,1760.89699356,26819.4737731,8406.6516733,24620.6983881,12957.0616403,40751.4490617,20109.590857,0,14
13800.3550706,16294.9646546,25658.2350525,31790.2955747,29357.8671772,26144.3720401,23400.3152728,25250.3672348,0,15
11754.7130523,3879.10889941,27737.1459843,15947.4013117,25011.3036301,32012.3348306,37029.9731095,22834.4900064,0,14
20127.6417436,358.337794109,31981.8295927,11081.8514295,30342.8200575,25552.6563406,10868.4700728,11445.1673728,0,15
20530.3910602,-83.2210294683,15392.3894423,36558.6066983,33487.0753299,5528.68462896,30637.3840855,25022.7013191,0,14
10941.6154594,3162.76698591,18117.6229073,17246.678816,20072.1016504,18968.7077441,37972.6941854,38671.6214883,0,15
26911.6230005,879.477030907,23667.747793,18870.2793554,22218.4729115,18165.2028068,31222.4851643,29306.6273632,0,14
12501.9090729,16371.7701844,19751.2628075,24485.1678691,24198.6522158,39472.2006464,14502.1407134,37686.0057545,0,15
18677.9247381,1485.43247497,22781.5495233,20649.6087581,22949.139487,20711.0547309,27885.2416172,20164.4052937,0,14
15186.8701649,11496.2848601,30248.6464989,23086.0108374,28044.0292602,34018.2632818,34339.3023106,31418.5604127,0,15
19260.0919466,8521.32180271,4288.54826359,20099.2434006,20696.2255656,16759.6516767,7882.33957274,10434.5082646,0,14
20380.9456854,-1200,22239.132062,27712.9351485,30637.512809,27268.7942196,26487.5242215,17955.724688,0,15
18267.854932,2900.57753522,19570.1524666,2565.80192035,38494.4916115,39996.314892,30983.7186865,29231.3026361,0,14
12504.7849852,7773.88983776,36665.8860717,21107.5010209,32239.5329265,30701.7774575,27458.1089278,26845.8948359,0,15
12629.5417537,1154.39698724,14663.5542781,10772.5053831,15283.414025,30921.1117658,17284.100265,31224.8158123,0,14
16441.9395553,14801.1483359,8968.18859254,31100.0319218,30135.4274395,31590.9733432,26997.1811219,14641.0275185,0,15
19006.7130569,5043.19763455,9246.5141568,12546.8406335,25207.9651943,24392.6033828,30440.9583977,19741.1112206,0,14
14802.7821276,1106.76281601,7299.2705912,30103.2111063,10107.8744708,17354.0946545,23269.0879454,39255.8897624,0,15
13325.977314,7581.98027708,18504.6787124,27943.8972614,29116.9960139,18284.3533989,28911.025764,8354.84769584,0,14
17641.9511714,66.9145163902,17302.3659344,21674.0676572,19732.7454056,15224.8673446,25978.2291718,22674.0838414,0,15
14250.2986577,2809.26199426,16052.5275577,18078.016556,33699.1137215,16858.5716459,31940.6990971,21069.2433994,0,14
8555.25143909,3711.80916181,16082.4979964,4599.99080968,33642.3715664,26880.5643979,29867.4445479,20333.7074737,0,15
21687.0724697,-1200,19918.2686255,11470.2535799,11569.1235767,20990.5563062,28128.6446031,23996.3913598,0,14
27057.6776696,-1200,26716.5099085,23780.7606651,18269.5089318,23502.3016823,40831.2587406,27901.6022452,0,15
29145.6611388,-1200,13511.5140054,30042.4918263,19656.456739,24202.3051666,27573.3439876,24119.0551597,0,14
16966.3574853,6043.8566725,28551.3361298,16367.0769807,22949.4489687,29295.2996396,16399.93531,22772.7315387,0,15
16890.515423,2839.51749342,16544.0626578,30133.6274925,26482.5302587,24329.8082171,21208.2953676,32955.1179345,0,14
18330.9129957,9002.73050686,31818.3095957,21755.098453,25354.1529197,27617.3962194,19730.1936323,33476.872258,0,15
14678.01368,-1200,21834.250097,12294.1756505,26013.2217861,25079.4934734,34376.9476463,32605.628525,0,14
8328.17926255,6809.68996945,14571.3504271,18775.7967576,19647.0099716,29037.5539193,31388.6664967,33934.6669354,0,15
8935.72016123,8412.64424665,18039.1257418,11534.0320488,21082.8468851,18637.5252959,14022.7601834,43204.6060417,0,14
21566.4014917,6899.82483301,28680.9959846,31598.4618903,16428.8436994,22975.4956135,26507.640295,23444.7406123,0,15
20769.3543553,-1200,27940.9433713,22558.06566,33721.5790568,13390.4332867,21800.795418,31662.5504122,0,14
11482.0957931,5805.550386,30903.7611931,28881.6600964,18108.6960566,24305.7281739,19191.8809344,17278.4105548,0,15
24239.4322764,2559.02622387,27873.41168,19019.1909635,17293.8227675,31366.9052453,21540.1935223,18289.6694027,0,14
19875.7265154,10009.3799903,17241.799441,8280.29703723,19945.3037104,29323.0656001,17768.9894246,21719.0694994,0,15
9613.24190969,9533.74218779,18322.5956176,18659.4577978,8093.22212605,25567.6198821,22132.5747463,25415.6206415,0,14
9850.41896562,10198.6761579,16312.3040153,32846.784969,25875.7106203,30779.8447822,23689.9062577,28930.6650527,0,15
15983.6509379,8823.52517356,18361.4771972,38637.3954808,18135.1719702,20867.466398,30023.6534675,23477.9955537,0,14
3669.02433691,13067.7085993,17389.5035749,12007.7130198,16348.5879092,27385.8298424,15626.0604944,10720.7696351,0,15
21183.227165,6932.27493721,14090.6888696,17934.3442064,21049.2297711,34403.6440795,29429.625608,22578.6867941,0,14
19504.2814875,3123.35035364,26518.0615109,35552.959831,18042.2153693,7928.21732245,22920.291706,28795.5401297,0,15
12150.0083308,10651.3245484,20626.9048344,22639.0598792,31837.1742958,38631.7289499,26003.2143317,34685.3182456,0,14
29779.0075668,-1200,12151.5183887,28537.4553575,16235.2106563,26370.8201938,19798.607554,15536.1224566,0,15
8727.2414723,5931.24052025,11339.9677036,33122.4660621,11884.4824836,20214.647142,21156.2490773,28036.0202565,0,14
17508.4490828,15473.4805649,-1200,32238.1894582,16239.5645698,25182.2626966,45108.0497278,40708.7099209,0,15
12399.6732031,6395.86609666,16242.9908693,28463.3432023,29610.5760336,43221.3568095,15840.9553059,29526.1633008,0,14
21037.4850193,-1200,26179.0454299,12828.8506332,18623.0275378,42983.3085264,10450.9970189,18377.0152796,0,15
18311.9842794,7546.49629964,24280.5982535,9879.35925615,37762.43582,28912.3863552,32020.4953644,27005.8306271,0,14
19603.000707,1690.00440548,21952.8538126,24600.5480097,24770.606043,19926.4724149,25699.2611065,31546.2243884,0,15
16246.1080161,4661.62919621,24625.9847488,28081.2508351,18369.1802639,25643.0725524,20227.1823507,29321.6217081,0,14
16417.0784451,1561.99023323,14084.0724617,17252.2197456,21253.8309442,34162.2982889,14717.6533179,25730.2863645,0,15
16225.4180062,-1200,18368.1546228,24141.5749054,32937.1303161,19650.4350333,28730.3483339,19204.2333171,0,14
25387.4958095,3773.05476647,18618.2323976,25168.7945584,37418.7437633,43166.5679621,21430.513405,32570.4603748,0,15
20848.8414695,4156.06356193,20294.8697399,19465.2581195,20746.1974859,26094.5680134,28063.288534,28247.5399822,0,14
14801.6232016,1282.28769534,16901.841527,27418.596896,24674.2020285,11859.8919334,33279.8303046,31222.7346782,0,15
18182.8288394,4773.68805424,19420.4197536,24502.6929765,7185.91489908,21318.8829126,23419.0382598,21716.0725748,0,14
30623.0671796,-1200,40240.597649,30971.4552532,40494.2006352,27166.0317859,23485.7808238,29458.1256601,0,15
6651.32617935,3627.61787734,11761.6530911,24839.2277521,39024.6366708,22963.7265521,37638.8615744,31939.4936722,0,14
5922.73443871,9286.14354436,19670.9287334,3463.22984044,35608.9965748,18522.8665856,27303.4953385,15776.209958,0,15
16906.9078098,2065.56835412,16859.460766,25442.3147711,17420.2040652,12839.5862739,28385.2226915,22762.2363051,0,14
15198.1535968,2417.72175357,25231.7899534,23158.6891759,17007.2371504,30241.8770137,32316.2135767,21655.4393749,0,15
14725.7582949,5733.06610106,24293.4816934,13137.428883,17894.901001,23220.7939561,40581.5733384,33601.8222497,0,14
13584.5061668,4874.60087003,23104.6637353,26962.0976971,28444.9255224,20135.2487395,20155.5716679,27312.1229013,0,15
23250.0765178,2314.43793074,29822.4824825,38308.4369516,19470.5355735,32485.1725228,27468.3349911,34513.744616,0,14
12611.029832,9694.56311839,7113.49402975,10307.4476051,17920.967203,30254.9478584,15724.0706827,21293.9143514,0,15
10816.1174563,8564.30454614,21673.7487818,27801.2166194,9681.10669579,30097.9584965,20494.9228946,24100.3950582,0,14
18565.8072921,4421.72587828,21535.9968733,23065.4183806,31474.6434938,37177.6490585,14961.4309843,33903.8734232,0,15
25808.8670037,3394.06162269,28309.1318772,14550.6279465,29125.9063284,33876.4322457,17289.4909125,26100.4708498,0,14
24159.3995377,-156.755412297,24683.0442144,6619.46081591,20313.6502104,18851.5077334,13533.5460454,28806.9081188,0,15
21542.6742566,1493.18858661,14561.2452062,16834.5219744,22998.0400935,18887.1516481,29056.8180326,23306.1957787,0,14
18224.697272,-1200,21672.5522085,18327.0258372,22574.3716288,33593.2594565,35908.0253932,31988.3236576,0,15
13859.5869231,3552.02668817,9121.49608893,18301.5064762,19983.5916721,19780.2287244,29607.2178942,20465.0352458,0,14
11585.5880282,9636.38748553,25525.6247825,30430.3367369,15739.438597,31746.6232564,15171.7246935,14829.3200121,0,15
5702.06033584,15911.5017261,12742.6191827,19722.5263304,22122.34713,8948.14629246,34407.4178354,23889.534538,0,14
14207.5974291,5166.91049991,23293.0322009,19307.779686,28244.5014066,11166.9680123,24261.3526834,30180.2787166,0,15
16177.150864,6644.02791733,17970.6222482,15150.6072243,36858.6586388,18678.8725411,17883.9295069,10870.3072018,0,14
6122.92899204,4435.01443384,10955.6362117,29938.651612,31263.092719,22410.9677489,33845.9088893,35940.1918756,0,15
6391.19335506,14886.3378393,15284.1246034,16079.3751655,20199.4624857,13497.764974,26684.5105393,23616.5238877,0,14
13573.8247501,4531.51011285,12737.9445437,22517.2709688,12937.0322793,17403.5016258,17143.6270914,31303.6023618,0,15
15110.0238591,548.649005791,26855.9379181,19126.0173082,16198.4281822,12373.1424432,29525.856912,19131.6765821,0,14
18988.5858788,7520.33060571,10464.1904058,14728.7464189,5063.98047441,33055.4876864,22655.1077236,17407.1389287,0,15
17594.5370688,6779.21343023,18070.1736098,24033.9646262,13756.5879137,25130.8392656,10545.4315544,35907.7190042,0,14
18181.0652962,-1200,14073.8567994,25863.6363418,11627.4707726,20975.8766617,24280.2047216,22292.126264,0,15
18588.0599925,-1200,18497.4199109,20607.5604511,19189.2878028,32243.8615632,26252.0779145,29913.622444,0,14
29069.9627084,-1200,26737.8902628,23610.4572495,32475.5714047,15413.4798746,32231.6129886,25270.8613135,0,15
18335.2457461,7345.73757035,20045.3718344,6171.69624547,38453.1738078,31998.7044475,27286.9550031,26547.020406,0,14
14824.3113341,10348.8733671,11688.5338082,26116.0006967,25845.6579653,26349.9563008,18896.7371821,28206.8082975,0,15
18532.8278604,4538.7168657,32752.7435394,20543.7119016,21333.683507,29064.017931,33627.2473444,35654.0561376,0,14
30168.8736322,-1200,26235.489984,21499.7793307,29741.5100105,31601.3734544,21620.7568135,17289.8083892,0,15
16194.2418716,9489.76039152,14749.163849,16071.6988391,27172.2406711,26659.2555572,6963.90817948,25824.6627105,0,14
15945.6882467,6312.79725859,23172.0424346,20677.514482,28990.2075559,18674.931841,26213.6760023,26884.2569134,0,15
12148.8042126,2892.06618136,13577.6996274,13924.2692554,12576.6197402,22209.7839872,21051.6896059,37525.608127,0,14
22962.7158341,2886.20486387,27480.5977371,26209.4083178,26948.3255266,19780.6188805,28250.4272453,24993.7038251,0,15
21302.5986758,3398.89937532,13066.4323897,11553.1262618,17159.5862317,31315.3060382,16378.8620951,19716.8818944,0,14
15313.3684562,3626.43852717,23223.5804394,27028.8955829,24712.3478461,9318.97969593,33185.5976461,33190.4312986,0,15
13722.5623063,14702.7882597,18035.4936109,35518.4002988,32574.1255105,36560.881929,25938.2228955,23682.7299651,0,14
29123.6265006,-1200,25296.6964085,16963.4045454,16824.2560612,25316.7361298,29220.8581638,33963.9133198,0,15
7702.1918932,1303.66942532,17786.4123522,24943.061441,28444.183213,23997.8473816,21017.3406252,40048.9514388,0,14
12101.4193877,3434.16998108,19930.9578265,15671.0917485,19978.7028243,16379.6770232,30989.4005199,39833.5692324,0,15
18170.692142,977.80968511,19239.7202871,19915.1677697,9059.53451819,22349.204512,13769.2977485,18149.3738333,0,14
18778.7937028,2686.73061012,11679.5466264,20149.45243,21448.3743878,25687.6511684,27691.0091774,27560.2891881,0,15
15793.1860472,2315.39044219,24450.1907587,9316.90535279,29624.2941373,19882.3868951,26372.366389,26270.1384848,0,14
21523.8586873,4679.41722781,21713.7507626,19375.6346703,25122.106942,19846.3611426,33717.7538393,30239.0530023,0,15
13478.4216852,3138.35575116,12205.2472946,18573.0042318,22404.7497838,27515.5103868,19257.2013438,34196.257307,0,14
18646.7910594,-1200,23276.0628198,20972.7229428,16815.4620473,12571.7046139,20226.0179534,24830.1377731,0,15
23362.4709962,-1200,25881.4025214,20862.0849027,21868.4996984,37334.4692637,23672.2868845,18935.4426325,0,14
16440.6744516,8443.91449897,12919.3997596,34597.2475931,16836.9869633,29072.416217,16996.0472431,25666.6727049,0,15
14647.1038012,1790.40778358,20966.0986215,29872.8768321,21699.4595079,19381.8690824,20511.0087877,20937.7626957,0,14
18733.3376561,7729.35834304,11547.2826165,46915.3572964,27631.8251266,38673.9118849,20105.2642365,28509.8657251,0,15
22813.3393124,2366.43006274,9309.03869756,20877.0891055,19226.3477223,17445.4435992,37773.1253403,19499.1911244,0,14
22491.7524031,7975.57458977,18696.2638198,20227.523061,30122.1139314,23936.4037152,38855.3422897,34985.977652,0,15
9322.42626523,3887.29248719,17562.0207946,19744.8360695,18151.4339264,28989.5413031,15679.9033431,27436.0206046,0,14
16610.8376361,3988.35649487,13756.45661,11999.1412672,33243.8064156,29887.6701052,23323.281875,29497.2135609,0,15
11359.8394687,9317.29063515,4125.12206096,16012.8147441,18104.3257278,15447.7723859,18297.4845115,26507.3171397,0,14
24115.9950836,4273.36277039,11875.7527374,13769.9861812,6057.2975532,28611.7632951,16411.8238545,20995.0604224,0,15
26025.4829041,3371.45777237,21034.9169491,18131.3728127,21024.4113458,36712.600746,14260.5447546,25716.9387425,0,14
14419.1484192,7457.13021749,22007.4024685,19223.7419347,23505.3005088,24785.1155961,13361.547208,38356.8636841,0,15
16280.4231366,-1200,28872.1805906,8153.46972217,20260.791278,22371.6729057,26295.2471046,32145.6031965,0,14
20376.8336106,5914.41992449,22253.4906992,27203.817408,28527.4958405,28651.0935776,34615.9276365,39070.5898329,0,15
13332.0760222,3958.40965147,16892.5109001,18858.3627333,11774.3883078,27079.9625822,17536.5440763,19732.1174914,0,14
19781.5907435,4624.98042874,32152.4144997,18696.8705541,34089.4313596,23177.2648551,39894.1030664,25972.8035479,0,15
9839.56069505,5250.96408298,13615.5620223,28252.3335792,32514.4056113,35206.5079419,16766.6695009,24233.3662967,0,14
13499.5408628,-1200,34938.1975278,18598.476698,20924.0208901,28834.160331,33885.1933753,15331.2515164,0,15
19190.9296507,1498.29349265,16907.4668821,27947.6110189,33574.0817981,26661.7654279,15313.2812352,31565.3990025,0,14
19486.0214526,4033.10817637,17091.7839852,22982.7180534,19319.7568485,14764.2815989,32857.4828803,25790.813726,0,15
21865.1024385,-1200,25448.5975064,16861.2973788,21290.4112552,23514.2211413,27458.9085804,33134.1506455,0,14
18102.5937498,6135.73588134,15971.2539168,21647.3548619,14038.963117,22660.8647911,33845.2552142,15611.138478,0,15
11383.2996981,2081.42517111,12870.6046541,4655.90361459,27045.8362638,29221.2669935,17201.9359231,33905.2931435,0,14
14669.9153691,4303.61826865,27559.5195234,5201.34267336,18602.2895779,23608.5798814,39628.7006611,19926.8417573,0,15
15756.027009,9204.08040582,15518.5747724,21956.0833703,27393.8143953,20049.8433244,19718.1278357,20408.9514679,0,14
21435.1522481,4196.63192701,9323.55752808,19347.2001755,48176.3520931,28300.5874177,35345.5407118,37647.2395519,0,15
11974.4860858,6470.94494222,22597.1566297,25360.9214952,22297.8594335,28134.1873256,25670.1900665,9370.12811584,0,14
19911.7771003,4479.49279458,38767.0352835,28251.3108329,25817.8399286,13677.7869976,29015.771714,35129.7802463,0,15
15882.2663509,4555.01077937,21169.6548087,21904.9743472,35115.7443528,37759.4753265,9903.17442583,25400.650069,0,14
15012.6181129,7425.77270231,24192.0889029,26944.2751824,11013.8739547,23415.9846828,46495.4330179,26963.8811946,0,15
10344.8365825,964.834973106,27354.8951746,18008.0091558,33649.1256782,27220.5797131,21721.9167865,22659.0693745,0,14
12439.4846624,9649.73095117,10329.3069554,28969.1066726,22689.4058458,28975.5733823,33857.2417925,9462.59498015,0,15
13108.5103284,3189.02522423,17622.5855562,10872.430538,30835.4149481,28045.3511531,28483.2334354,25433.8277772,0,14
33791.0853666,-1200,28625.8705005,20326.5265999,27277.2799252,35526.6597918,27843.3734054,28800.3129748,0,15
16836.4268502,687.931131222,27734.1073319,19606.5224266,25685.9609832,14856.0526795,23779.7433974,10752.0263507,0,14
16154.0104629,9385.51433764,34091.0348202,15026.9917466,29667.8249819,32860.7277403,26397.622382,16950.7141554,0,15
10924.963578,10842.960806,3823.16827877,23292.5001498,30567.0937584,27370.3167856,27899.3414168,29391.934956,0,14
22834.2281806,-1200,22223.0320743,14058.3755146,40091.3693179,24088.2952846,19303.6912284,19580.4050244,0,15
14429.8366283,8393.85159207,27108.6564084,13178.1151669,28304.9482821,24278.0624094,15173.903887,36151.6975473,0,14
7906.31513476,16048.6443113,11253.6417346,6367.25577213,28532.7313706,21791.1350784,19947.8950496,30500.3382978,0,15
21392.3502568,1817.26717138,13923.1652538,18306.6039621,22145.6744287,35479.6595827,16581.944939,17347.640263,0,14
13131.7708997,9920.13089291,12490.412147,15411.702018,14533.6151742,19065.3160431,28612.2163063,29912.0021392,0,15
14831.7340837,13091.3927491,10806.2881644,18965.5559499,18572.6422684,16205.7553584,17334.8444194,18840.7876884,0,14
17051.9422135,1163.67702443,16297.8713474,31909.7895681,25206.3514294,23796.2419561,33225.6364596,26936.0586121,0,15
14527.047053,1824.47717138,19613.6794205,16802.2900648,33347.5067463,29146.1204243,26461.9395726,24829.815958,0,14
18789.3921845,1016.37786119,33288.20949,13682.5752743,25649.5859042,16728.2065759,33957.4876812,39792.1011968,0,15
14972.0312404,1600.1397983,24145.3414059,25949.9861273,20685.7020322,25602.6170144,13401.7929638,25414.4527879,0,14
13960.9193248,5400.67105729,20702.5890462,20531.1493166,25765.0137916,28626.8566616,31023.1357424,21641.5491077,0,15
4646.2130476,12681.3632472,4740.08283288,13685.5799291,17409.7631049,10733.0457478,22835.5337959,28728.299504,0,14
18705.1067503,1678.40718545,12716.1905387,21413.6850836,15231.0921558,13677.6761329,10396.381914,23859.353261,0,15
12205.5824033,12423.8978496,18540.6902977,28759.8450003,28591.5695262,28562.5695664,34919.2817909,41304.3468374,0,14
7678.8330036,5212.77713011,15425.231078,17451.134722,7854.74938884,12388.6864175,28995.4536146,13036.0610717,0,15
10213.3286279,-274.093755917,14349.926797,15976.5020697,24167.6594917,19420.7140239,20296.7898766,23486.3845053,0,14
25812.3733733,-1200,29882.2823936,17596.7060203,25702.4406923,22477.8735332,15166.8335706,36317.7260154,0,15
10147.3038591,6462.95451742,25655.8315246,10401.2378317,20980.1642006,28862.8812519,13868.8612799,35058.5677196,0,14
22061.1959906,2949.50659874,22520.1314759,11801.0532634,27705.2694682,14868.2148812,39952.9102095,17841.9518558,0,15
14472.8794404,2777.13310116,28707.3643681,15818.9617991,21921.1564093,28385.7951509,20382.9395846,20248.5836504,0,14
20069.9324918,530.259823462,19411.8504356,22641.014742,17485.7527499,26036.2527246,26718.5455341,23252.2546539,0,15
15032.7736775,1226.11086784,18973.2896166,9639.695858,25242.6637841,27569.9810417,19516.5873695,29654.3195325,0,14
14999.0908358,308.633585691,15912.8619683,20430.6428905,22615.29933,14150.0091531,32579.7978248,15447.2842652,0,15
22861.5361309,-1200,19268.5960756,18654.278291,28991.7650575,32370.3492197,26172.0679875,26653.7349145,0,14
16125.5045262,3251.09322901,19781.9414069,9105.49179361,12234.2175707,26082.5536258,10265.5328698,25202.9077897,0,15
22756.80662,-1200,20495.3243663,18812.3747019,18433.9168557,23849.656383,32693.6030979,42653.5509258,0,14
1140.52811469,12784.1054805,16800.5010137,26365.8531678,15904.0165755,18565.2792264,15496.1124607,30799.4123022,0,15
22866.4794636,2778.09785219,22787.2697207,23232.2693359,27707.9474626,21583.2071756,26573.8709565,26991.4328402,0,14
18446.5926297,-1200,32563.0073045,20211.1244588,31906.2963821,34732.2614531,28818.8747234,23224.5437066,0,15
17786.8889715,6205.9582494,27259.4122721,21801.5573876,30342.1856093,20586.8942449,32798.1875482,23826.9932043,0,14
21470.1191674,-1200,18443.8772488,15526.540055,44447.0623911,32635.0446257,32256.0201044,14054.7804064,0,15
13094.3760382,10630.2614169,6091.29256869,36832.6740681,21669.6947203,21214.3773003,25338.9236786,15354.3695587,0,14
11904.1829706,6313.5331027,22518.7653355,19274.2002449,19601.8930138,7525.89961469,29986.6129849,25458.5266934,0,15
15020.6166568,9630.36890183,18430.6746408,22878.1508297,29793.066374,6587.23982709,29923.5982034,38889.1285145,0,14
16308.1785909,9671.61845293,13932.6798705,34568.7177989,26464.5563286,19820.0418983,20881.4808225,26163.3698108,0,15
14049.9325034,10674.9260291,32890.260935,17086.0496074,21642.7698901,25322.7474328,10372.0074488,27543.6517231,0,14
22359.84808,3613.6624483,24451.4741594,20510.1798213,30692.1678817,32037.1793284,23323.4420207,15943.4402908,0,15
15366.5113932,5581.84274473,23943.0394822,50557.3616723,15059.3202362,26273.96154,26008.3585819,41664.5630608,0,14
23380.6350805,3743.73905477,24131.9903252,11739.3247753,22640.5404116,31833.1025738,25312.5936978,23699.4322211,0,15
14862.6399427,6677.96406669,12233.689019,37498.5931558,22204.4314603,30872.0389533,26936.0130583,29325.6739488,0,14
24152.2830607,10417.7586531,25688.2180147,18263.593622,33065.2324316,25341.9738086,19884.7367805,27644.3218619,0,15
22611.1265014,5627.84647739,15837.7673368,21290.7022137,28543.0373431,19664.4983867,28958.3264555,27526.3638073,0,14
27738.7032045,5766.91647962,11240.2805258,26553.2211731,27850.4458941,37226.0769744,19366.1814348,18641.1496819,0,15
22858.8647275,8639.4471456,10502.1356319,26505.0643184,28878.2909576,24728.1303316,33428.7456941,28036.8646349,0,14
15852.0768519,2807.81958082,22678.8196789,34144.8786206,24801.4103817,25579.1629121,10718.9108023,31968.0899342,0,15
17769.0545004,-1200,15888.8661968,28021.6284752,22084.1840669,13701.142805,19568.667443,19847.8911984,0,14
19550.1745145,-1200,37944.802698,27236.2693895,25366.7573863,22491.5725838,34151.6766354,25599.0014715,0,15
18010.4554603,-1200,23475.5183891,44090.58255,24382.3058015,23784.2832622,26660.2962158,23844.6839932,0,14
10395.3056801,8597.88700018,11518.4057853,23853.7308412,22079.4532346,7820.87098826,24621.9816138,20534.1903054,0,15
24219.5509272,-1200,11917.0621849,20672.0446851,33471.7192101,35141.4267052,6003.09257529,18345.7530434,0,14
17826.739584,3308.52658156,27746.6911164,29259.1514751,12094.851876,24705.4423972,39798.2232489,30487.8905846,0,15
23903.8506848,6082.56481162,21433.6289909,36065.7624044,23263.9984211,17773.9603629,16774.9932051,25175.9214704,0,14
18906.8926391,2968.05356867,29771.4281645,15517.1197592,28067.1221963,30344.7961539,51363.0733787,25556.0734305,0,15
15589.2453034,6064.15117601,26440.1416298,22410.7232546,35423.8917157,26974.1463168,30089.6348329,38191.1447051,0,14
16047.2810313,-1200,17292.6649145,24423.9204117,15883.6454423,29798.096264,45441.0203898,32011.0141823,0,15
10961.6647821,2960.92256546,32293.0148536,12930.4741708,40092.4538962,10517.3536321,16911.2718402,13037.8275757,0,14
17103.238463,12032.9138913,10442.5481451,29405.3874164,37023.0524857,31507.0829585,47673.9807322,38046.8039285,0,15
18742.2166343,7824.89927852,10701.8696951,24027.1105217,31418.8067249,29035.8881655,26292.0422625,25048.6936547,0,14
23893.5595913,1241.3034366,20077.3998368,17524.4433162,30601.8886723,40177.9882771,14569.3659819,33024.1075687,0,15
18630.1495488,6265.22029029,22381.438399,27746.3760714,25306.2879051,23735.9340464,23457.0713248,13977.8882757,0,14
23283.7096519,3803.86072449,30092.6115179,37429.8706564,29983.323393,43662.011607,28818.3613509,33244.971373,0,15
12182.7323199,3274.65866677,12663.7539725,22697.8649073,22937.2775853,10095.5261688,14506.4579129,29893.9905063,0,14
5693.14225606,14940.2684379,12981.1411696,32843.9671581,24331.3731026,29145.7278255,17480.9496145,21689.9700574,0,15
23708.0059304,-1200,26641.7874731,12924.2860503,15343.7223137,24977.7892934,14469.6491406,37343.2186547,0,14
17473.0348451,3538.32338233,18274.2473914,24511.1991572,14519.7370153,28027.9755654,13722.2957604,29010.5874354,0,15
13991.9867322,5994.66128576,19318.8620622,9050.33936235,9743.73932327,20658.2769744,15206.3171319,32748.8998033,0,14
24290.6730075,5675.80936063,22401.7851507,20217.4680054,19821.6228304,23916.9134564,32663.7375422,25991.5965513,0,15
13911.7992828,-1200,26589.00179,16802.9269113,18105.9468004,9220.61991548,25868.8834456,14408.8976641,0,14
8132.91169942,6146.76584753,20828.9227896,32185.9139568,16282.5868928,15417.1717816,20683.8191495,30243.2282687,0,15
16480.2225203,915.375841693,20592.5651316,23608.6326321,16869.3670047,7767.19640662,37994.0381633,30059.7741181,0,14
23249.7644371,-1200,37050.4452507,27930.0988127,25696.8016103,13179.1272657,25139.7393235,21707.5501999,0,15
5954.99793929,2839.6128995,30733.3172142,7482.8824903,18180.8665329,21997.3678323,21722.9829089,16338.8477205,0,14
15781.112285,6339.26970164,20224.6658128,28835.7432838,32606.5430672,37066.2303941,22229.1699106,30536.4406946,0,15
13510.3986481,11744.6251829,10860.0424656,21086.8179631,23145.4449031,12481.8367564,16580.8733052,16302.442506,0,14
15706.2990347,9771.71641826,33212.6848003,18416.304351,29382.0874997,50886.1600522,24942.4338827,29298.559731,0,15
18266.5644393,3689.60952282,24506.7045877,27885.2732924,27964.9514956,32871.2143723,30486.146289,24769.9091919,0,14
22538.0230419,6373.31118573,30062.2129611,23627.8266002,26236.8871019,31107.1305769,33963.6971751,26264.3217912,0,15
20649.7974994,3890.76019861,19658.7393124,27035.5321492,21423.5082094,32934.4909178,24199.7198019,34459.4893288,0,14
15563.8016689,4584.12874481,16016.4653529,24161.6629479,31261.3001922,22422.8905189,26198.0547362,29995.3525605,0,15
11891.2231979,6098.08624202,22167.1689315,44249.0495276,16185.5129646,23019.8797479,29769.5286048,19831.8223319,0,14
21388.7848657,1875.84590089,37971.5353391,16305.9316546,25001.7288517,12793.5380114,34016.5215757,12411.0345334,0,15
14870.6444731,14257.4868115,16467.5479418,33386.8644577,22796.039456,30221.2393412,35185.942098,15756.6700408,0,14
12768.7765212,5918.69755198,27215.2915569,-1200,26689.7047131,13637.4158698,23219.4193258,34799.545203,0,15
11049.6585387,8660.49628337,19639.8237347,7582.52479901,25545.693705,22197.5241915,22875.2617044,36166.4553529,0,14
21006.0195229,2223.54178654,21764.017633,29603.0707446,27708.9650495,17985.0494634,18940.941574,31184.7234707,0,15
17773.1214307,2326.71151971,26349.5229424,14441.3006569,18919.7353902,11501.5711888,36513.4645759,23677.8986685,0,14
11643.4391504,3197.72342826,11851.5221037,19723.9222257,16908.9598109,24122.7566437,24035.8671211,23114.5591166,0,15
8125.87346825,12200.9180706,11115.785324,11130.1787589,6996.59702077,29991.8488132,33394.3064949,28612.7656008,0,14
5943.44010068,7469.76060199,24147.8781999,41156.7724458,10275.0551582,20942.2294098,34320.1553266,15890.470587,0,15
16099.8336024,9560.01772509,11047.8008163,27103.6544158,24956.6686237,21146.4564954,26900.6031464,19805.1463952,0,14
21120.4144842,9623.8214388,17270.7179322,25314.4852865,12759.7156027,21161.4193999,29704.0164084,36395.035343,0,15
15911.5216277,5254.56380169,17607.245783,13339.055459,18581.7943248,29457.6547245,7803.04797574,19484.2315093,0,14
16859.5694433,4441.82451104,32135.2808389,17481.202762,17420.74176,37550.5042934,35650.4105247,38441.8437794,0,15
13031.3153769,4500.30940914,11355.8369961,21650.6302916,27273.1736962,21446.6076203,25909.2805535,46250.3348027,0,14
18254.7158885,6628.40597427,14274.6208879,19908.412713,29126.9212158,25759.6763729,40555.8631768,26796.7568546,0,15
18342.7389454,-1200,24098.8199588,11427.483285,23269.9750377,27869.323907,17340.3457332,24749.3223453,0,14
14460.7261603,6629.25676499,19749.5999363,27051.7813294,13987.5195912,35823.9076039,42679.9553035,28693.7635987,0,15
22367.1451315,3747.71511622,20183.1470429,24186.8841085,26979.776559,27735.0613379,46813.0370826,38641.3792229,0,14
21824.0583994,7599.29884297,17534.7620214,25993.2501787,16415.6292097,20836.5738574,22975.4001526,13479.6474761,0,15
8667.20005635,6326.36092768,7960.19235354,32396.9482707,28076.6021091,25179.7237026,16547.8617006,30695.0943649,0,14
18744.2550514,5550.45777817,28815.8062052,27186.4656106,18164.7310055,15928.6662853,30761.2592157,21285.0276394,0,15
7803.21404774,2824.27955284,18355.8415418,7030.83719411,42294.4076715,26098.803443,9695.09417751,28318.1485562,0,14
12746.9787922,5515.9067173,31921.9183878,16132.5675299,13738.361469,19974.4520306,27156.5279749,19200.335181,0,15
17832.2471002,1456.16476344,21895.5512408,22344.9627966,13408.0936756,29443.5381742,27683.8806408,18322.2044726,0,14
11043.2256049,12422.7450157,15324.9117912,27735.8473044,24246.0071153,23613.111936,18903.8883558,22658.6248155,0,15
22955.2982041,6473.47493904,5802.34821702,17723.5929642,21241.5114295,17903.7908597,22436.6640877,15860.5496808,0,14
17120.7732575,2631.51876006,13929.3462961,13308.3162699,14058.9560105,20179.4538676,11777.1888401,26289.4845533,0,15
17647.0768859,-1200,24785.3079412,7939.64254238,27374.8243675,30922.3741294,42131.631045,23703.5010561,0,14
16050.7278497,3586.1053863,21048.6214483,11036.2376913,28307.3149978,11024.9401584,19059.7334568,26986.4869575,0,15
14969.1470463,6054.56369854,10413.0934298,13896.5507288,22425.9491318,25115.1686106,21524.7669383,19732.0696026,0,14
15084.3649842,346.74057407,20623.61792,14761.0071392,16930.8171528,34163.2297578,11349.0580647,22161.604692,0,15
18666.2178991,10247.2905252,20989.7268824,9678.58915285,25656.642589,24885.1828289,22657.7600332,32761.7987167,0,14
15440.2226241,4009.26388162,29650.9066164,20583.7620499,27759.7558073,39810.0649347,31208.0599358,36342.6682431,0,15
19632.6546714,2622.6064017,19316.8532094,7631.35468047,20248.4813824,24018.7471176,21007.4844359,20901.970894,0,14
16876.1110225,1169.19665943,16723.1207569,17067.3661147,27891.8394608,28787.9302186,22875.5392458,29001.1671304,0,15
10650.222326,4727.23644422,22434.3865161,19069.4531683,30132.1935885,14886.9336969,29141.192056,24398.7775286,0,14
6761.12151876,11451.1241724,4123.95478246,35441.5262016,18417.9626821,26368.3975933,22394.0679424,26875.9342454,0,15
17170.8540533,6213.41340552,9897.84368114,17197.4917234,21097.4576322,27009.4709866,25223.0525816,31912.7652924,0,14
20512.2137769,-1200,33764.7912594,41930.3020108,26962.1790578,29135.6967864,27371.3830962,26110.6531489,0,15
22071.3826632,1726.27426484,14283.7088419,11312.1571572,9745.10946007,26693.6228882,30054.0083647,15536.7688027,0,14
11837.9333974,2242.40565517,21819.4023299,18756.3164703,13642.8440537,18253.3171479,25372.6388759,18142.1749544,0,15
9130.98783165,6461.1300143,25918.6363681,19612.1944123,20261.4704346,16747.756408,17512.959082,33769.4503084,0,14
10998.2217135,6078.81745824,22779.5864969,17180.7642852,31159.4299005,13276.0401435,7558.36308969,24336.3377682,0,15
20665.1059113,-1200,6602.31098081,29970.8661716,9935.9643845,29950.4738444,24218.8521383,37193.7562433,0,14
19125.3097299,-1200,22027.0510751,16048.8213747,19717.160441,20173.9341684,30344.5255128,20711.1793591,0,15
17420.7999895,-1200,18037.3744113,17637.3075062,37060.1415946,30858.1580651,13279.6309506,15364.4704119,0,14
19879.3949121,3684.29508666,11472.1313581,22312.8007282,20381.1221415,28923.6407864,21627.4779743,26455.9396343,0,15
24140.9565493,-1200,20896.3010259,9996.37648536,24771.0167256,16384.4601538,41211.9430168,21999.2697376,0,14
14493.9330617,6801.15532357,13493.0186157,20299.6996945,25229.090234,23043.8713729,23853.8717678,30318.0963033,0,15
10825.409235,6511.43304543,15762.7433717,39347.8359333,40220.049757,20013.5532429,30845.1745994,14781.2549156,0,14
9821.68458774,17111.8263282,16093.3360921,17234.0742943,30614.262985,27783.6791689,26185.973609,27132.0376765,0,15
31198.9768337,-1200,9049.33356698,28304.8305435,18915.2398395,35682.2344427,34753.1997923,33716.0605948,0,14
7492.8244966,19628.3977243,7684.59259674,24429.0213338,22899.936821,21309.9258815,17035.3175986,31608.6742843,0,15
10236.3896693,3863.95067796,20733.6241394,14628.3658499,12811.1736743,16737.2179388,16174.1995413,19870.1437903,0,14
8208.23044342,18904.5701872,2773.91386472,11492.8849954,25079.1597502,21710.6737835,20749.1303689,30024.3610068,0,15
22582.867835,-1200,28452.3847619,37119.7162313,25989.0490968,21247.3685814,29069.4937261,18765.3623469,0,14
5888.05090253,4416.86083694,13719.0319764,13954.5928009,4193.96976967,19271.0690707,26387.1451162,23554.4170558,0,15
11164.2549964,3159.81300453,19657.3913896,12965.5375018,31634.0209253,19661.3442873,25151.8413382,31796.5886776,0,14
15312.0661608,6276.61608204,15297.8137742,28938.7748496,35683.6966523,12116.4757275,14022.1977444,33617.7041499,0,15
