21224.9905783,-1120,22443.4841449,7007.08272153,25034.9884282,28924.7800804,29406.8081711,17121.5202983,0,5
19825.1740524,-1120,17209.1009097,21189.5115614,18662.8589487,16302.2711849,24779.2864759,27508.9826061,0,6
11682.2156373,4436.57240028,13096.8178682,9439.73000913,21132.9213719,7374.04155682,30446.1642347,19081.2260344,0,5
15592.4360335,2490.3049005,16155.5866595,22306.7572683,21260.8844599,11600.9030798,24953.5748285,23250.9279558,0,6
18437.7187413,7903.06276813,21079.7853025,25497.4386913,20116.7007564,35995.1972333,24120.8348586,24898.25819,0,5
11214.3922547,4935.01603539,15350.3521543,13721.894643,25512.4688615,21934.3216324,16055.3752488,12799.7502661,0,6
13804.8456418,12641.377923,9331.04330183,30467.8872904,19627.6247957,11242.5497283,33867.0572718,32498.3761103,0,5
19186.8860344,4090.83050446,10716.6616575,7543.45804283,18362.5756961,23574.2176398,26837.8945142,26264.8432001,0,6
22612.8906647,-1120,25648.6564031,18195.1231853,22609.4386335,9725.80866132,40381.8162152,21353.0635791,0,5
18282.1028114,497.784381472,31882.4033948,25863.0364253,16912.7510475,31870.9852059,18766.7072323,36511.2457121,0,6
10914.5060727,6495.75262899,20600.0210314,4645.21423254,21277.7066485,11141.8352096,14264.4033267,20364.3918142,0,5
14353.3359517,9705.75263827,14829.1527089,20530.5734715,15509.7420002,18875.9210719,16893.810949,23763.6205407,0,6
17324.4095596,6034.47386715,12043.0648043,9523.36364385,23725.9695983,8019.11201041,21337.0298234,32524.9340058,0,5
24893.4399522,-1120,22579.3977413,17524.0817311,21501.8275299,24963.9451305,21129.1468835,31497.9635491,0,6
11638.1002365,6622.75055371,15677.4337226,24946.8647547,19616.2670419,20426.8353012,19500.5753359,34581.4457806,0,5
14605.8355504,4756.56091034,13806.8858799,27524.09501,17848.5391054,3606.04818406,14180.4241718,28540.9339191,0,6
19454.8993435,7559.64318919,17949.0184841,30265.6583847,15279.5258486,27245.0685332,40336.4679008,25393.1284458,0,5
31974.9247208,3011.76272928,27634.9215995,18561.8809778,18422.1599088,28886.6507472,25058.7408383,21349.9785709,0,6
17379.3428561,2566.96271035,13459.3501997,24849.6287143,19261.6777501,19398.7845855,15041.0115408,21565.3760983,0,5
23568.6328254,-1120,20005.3186382,7530.70589488,32762.2103917,17891.0713724,16193.2062149,19180.353625,0,6
12723.1966433,8920.14084842,9369.40488708,14220.6405452,11517.8025425,20867.1730823,14003.8478925,23627.219482,0,5
18171.2764863,4014.83417431,25274.516178,12703.8989174,21148.8262114,23962.2902814,19488.676319,20459.9650151,0,6
11944.6944941,2298.61634643,9812.41870549,21388.843878,11402.0770951,35420.3220082,21761.5037963,23550.5208024,0,5
10098.2537537,2652.17250596,13126.6324538,11649.6066291,19272.1877657,34215.4609018,13203.1250602,23764.4711475,0,6
18520.8402887,341.34322428,15148.0643146,15993.9255087,19883.4641645,23889.8938056,24963.7724728,24893.2212166,0,5
23828.5634199,1885.66995134,18879.9625804,19753.252716,24036.8883847,18449.6536613,21309.6909709,20315.1559275,0,6
14783.029461,3611.15042007,16661.9057512,18403.2095574,14110.209784,27910.1527887,18273.7897221,6604.96252212,0,5
9401.43212829,10552.8194038,11901.4475786,10330.0636538,15137.0613104,29468.5049825,24748.7656473,22250.0490364,0,6
7575.30958629,8993.38603442,15100.8893063,18664.5403442,14206.8630887,26623.0618801,21905.9897439,20778.9586711,0,5
21203.2438824,4543.32407667,17910.3011702,20099.2023815,9296.98230276,25043.1612956,23996.5110232,36938.7316738,0,6
14139.227153,1352.3725972,10779.5301377,33362.497738,18413.4172433,32749.3299586,32695.1353041,22157.3599619,0,5
15039.4474808,11749.8871178,13171.0740856,8568.25845588,25926.8232077,17895.8056064,31064.3880866,19304.9057161,0,6
14539.8984946,10368.7734241,21668.1030945,14219.3863982,24193.7938717,31248.0352067,24020.7740088,14383.2182941,0,5
26102.8807222,7767.46483932,36164.3067265,23643.2918209,15050.7836141,16619.0481703,27805.5369841,15326.6016048,0,6
22596.9682996,-1120,22593.0162822,18257.7877686,19932.1692228,8986.62086129,9525.00190959,21161.3550632,0,5
23749.4981533,1838.75517091,23142.0891065,20890.903558,19948.789287,21166.6031254,8744.68074844,22547.4887171,0,6
23635.2866666,-1120,18208.0119269,4136.98145002,21569.3908889,27017.9663945,31106.1542083,21232.7162592,0,5
13832.743253,3786.08521227,1714.29570736,28309.7653099,22108.5169738,34122.0354012,16798.2473184,22977.5735956,0,6
18936.0872227,9497.10745378,13262.5573961,24906.5495682,13470.0718965,24886.9278213,25505.2726515,18454.3448499,0,5
13099.2410889,-1120,30454.0555138,22776.885427,14510.9912314,19494.399072,23278.0866364,22486.4938396,0,6
15583.213375,4635.80420283,13780.9084637,23278.0874888,18205.2697205,16580.3999069,27179.2429301,25523.4695632,0,5
20666.6990589,992.519524227,18576.5136072,17330.6317573,24816.9682761,34167.1650593,20079.7691794,26502.7195641,0,6
19619.5023727,-46.3095869475,10900.957242,12461.5803634,12335.5504648,15032.402189,24064.1081714,15999.897983,0,5
9315.56466324,3575.69984951,24689.6274667,27691.228677,17989.6657149,26535.3482105,30355.0171227,18988.6679548,0,6
17419.4219124,5096.54879578,11780.437951,22105.9681059,23068.7082973,20359.9857393,17401.4469607,10783.8026023,0,5
13418.6255919,922.170966748,22764.3336027,10590.2397161,12503.5601531,16284.4080928,13536.9418447,20906.9074934,0,6
14665.5811849,4878.68616891,10733.6281942,21510.2897296,16504.3774922,31171.9200275,16975.1835006,9099.31144913,0,5
18378.6107027,3301.26322636,24245.6047589,19112.4832109,39138.5259536,19285.0653745,29965.3297676,40364.7577351,0,6
16483.2179812,-268.888641364,27844.2038242,13851.9910187,20190.7761248,21907.3038063,35108.1451894,17428.7917275,0,5
13400.1497159,3578.77429896,3317.85297559,21176.2894661,23126.9017402,11030.8785137,24969.6223217,31484.4683634,0,6
21542.2123157,6723.80977772,15317.7618018,18744.107099,11778.7407912,10854.3344459,24594.7849622,19336.429355,0,5
8024.65565868,5875.31118275,25319.4610097,22056.8130743,22727.1746622,40935.4895033,30205.4144198,30187.813081,0,6
17997.4474954,12003.2240437,18354.9594001,14919.4424619,41227.5259141,21130.5971396,17240.9967805,21453.8209889,0,5
20466.7366628,-1120,11373.7910113,19836.8305371,20621.634508,22935.8428377,22281.0523609,30040.9020559,0,6
14950.5633119,-1120,15595.8172949,20566.7794228,28672.7758005,33064.8656934,36645.4464463,26801.7205157,0,5
10195.2696739,6633.56799476,5096.48172077,33188.6451672,25910.9739272,10576.3082476,11372.2749566,25379.9195621,0,6
21756.5783045,4280.6755323,23550.9143317,20281.6213982,21949.4451061,28832.0079307,14244.6952506,27497.7360473,0,5
24220.3484894,-1120,24726.7409128,26859.4600104,23742.1262092,21862.3676716,25707.4242043,24356.2826131,0,6
11301.3687222,4953.84206419,6886.48109152,33473.3848143,24399.6997086,33082.0953308,15780.7954939,24583.4050337,0,5
26389.7804449,770.9939381,15108.3208789,25990.4895108,18552.3048369,21338.3175967,25721.2731026,17924.5564471,0,6
4008.63298555,15103.8699224,3318.87221404,19046.9988457,14452.2110981,15015.5697807,10104.7467585,34328.1458125,0,5
23959.168179,-1120,11700.2061964,17617.3662563,27401.9036447,22330.2856431,29919.3453199,29739.6479479,0,6
15292.9127388,6841.75057618,12768.0876903,11452.6606373,19041.2983385,27726.5500498,13517.1740117,22271.8221671,0,5
11410.9714275,-1120,10383.5228762,27768.7293465,27224.3908649,16856.4408977,21841.4001623,22856.4650825,0,6
18535.6893718,6319.96703712,14662.0170953,9381.50388116,29364.6809325,29030.5724775,19088.4438818,20098.4919913,0,5
15065.0385268,5047.38540844,24210.716996,22570.1139164,31828.481788,27033.7592064,16385.5730014,17320.7126522,0,6
13870.1440701,5459.6789299,16543.9491058,19865.4255222,16423.9578585,16039.1235304,22381.7512246,25282.5183694,0,5
21597.033672,-1120,39851.3692851,26643.663836,11281.9030894,34406.4407245,27978.7540857,24332.9695143,0,6
9661.07843018,8610.6997392,27133.7853176,13413.4910483,33545.4023907,27997.5263771,19942.703447,23928.6072039,0,5
14146.9220317,4591.61201859,24689.1621449,33103.25959,27603.1892163,15634.8523018,18772.0479685,23677.3429353,0,6
18878.1312214,2277.88227524,12314.3941286,19907.5747725,23085.8257925,20651.6369556,24859.4905425,6741.40492256,0,5
11794.3907802,5300.21516272,26432.201772,19155.6641235,23319.4056981,19483.7241205,28369.9925797,18855.1320051,0,6
27253.9461597,1872.26913979,19183.8110084,16883.8238437,10860.4029257,26011.0781702,15242.6862603,25780.8927474,0,5
10721.7928599,20675.8626206,19753.6505538,29225.8784483,18042.098302,27823.6646379,38717.4191154,37497.1209358,0,6
27974.3942262,-1120,23417.1774686,11631.7484698,14048.7459268,21507.8792379,29035.6661086,35463.3794496,0,5
26151.2559395,-1120,43520.9848269,18339.1155722,18802.7412366,28495.4733716,39296.1661388,17252.7382467,0,6
24992.4040962,-1120,19232.915303,17262.2152568,23472.5481382,4874.55425627,18435.5689107,17186.2701483,0,5
23854.3918731,5092.91553956,11679.1353539,26549.1426404,24720.4488146,15878.2631614,27274.5097397,27525.6485645,0,6
18147.3965146,7529.11990715,10783.5356306,16500.8156486,27343.6683185,7437.01700845,15073.1491453,26080.4488647,0,5
17570.6891499,3603.75088633,28196.3802493,34421.7208199,29050.9410341,22638.9842927,25083.5933385,26368.5528461,0,6
21962.9242144,3500.52943095,13571.0415123,31850.2651182,19325.9810218,35944.9436103,30321.6963127,19292.0054276,0,5
15767.4212894,4573.83403419,25813.1632237,16934.9403029,34716.6578682,24222.5254348,14985.8250449,34466.0094195,0,6
22418.8283729,-1120,28468.666975,21640.0218478,35082.3270395,28891.0307851,24525.9439917,42518.118834,0,5
22294.9433938,-1120,27995.0708695,19940.2378534,25761.2473227,27613.2636102,11456.262101,17542.305732,0,6
15562.7371666,7464.16958305,10803.7804248,13634.8402454,25027.6626509,24800.2071243,15363.3902368,24823.9836689,0,5
25635.3076849,3533.65950039,14021.910111,32933.3277318,21627.7439287,26939.6836693,20094.8446952,13813.4797115,0,6
18266.3037845,1282.30483432,29151.0606167,12537.861924,24577.4450393,10758.5978402,20952.1310225,27866.2249329,0,5
23584.43078,2438.01455244,27440.5025237,19357.277353,19683.3854047,22128.8516289,16488.4726091,35849.5180076,0,6
13255.6148668,-1120,15703.7955158,17009.6425859,26917.4800608,25049.635948,12977.0343293,25597.0659498,0,5
18909.0722729,2177.94354174,17326.7320517,13324.698919,13893.2474736,20316.9813227,24758.4656925,21745.3039106,0,6
12342.280685,1805.48103646,17510.0371122,22378.2334137,30264.7642924,33895.4867988,13332.8820079,15802.2871272,0,5
16090.3414308,8301.14111372,8285.54424336,13953.6020206,16899.3461642,16887.5766157,20082.1427139,19616.5715096,0,6
9465.86037174,3300.45629588,14934.9472087,13145.1899605,19368.6202661,17688.9994673,24070.3637547,20319.8177951,0,5
20918.0487187,1575.62162887,22705.0264525,21021.3200039,26330.8190787,23871.8896901,26962.9631609,37328.9463054,0,6
18945.4549983,10202.9863718,26254.5374301,27283.5288259,22182.1471784,15083.6780589,6630.98212879,26646.6389693,0,5
14522.2600606,-1120,13971.6404677,21950.6736779,7594.8966603,8412.14119181,18605.0109989,25450.3455207,0,6
11815.218297,-1120,13133.4182578,24055.1464115,12044.812928,15306.8608847,17285.6290519,15723.490231,0,5
20211.1936348,918.837982044,20282.7520323,19562.960521,28621.3563068,11396.7563972,12096.5438277,31483.0691406,0,6
14172.4934794,-1120,30755.8499275,23036.2181651,25932.2902873,19473.0493022,28602.0279727,21400.0467731,0,5
27566.2389164,8124.0532752,24064.7056133,24231.1202926,10974.8591497,21515.7126175,18766.5072701,12602.0754469,0,6
12934.6220657,8902.22845619,18161.8536574,16601.1152228,27351.8617465,33709.419346,29540.7869666,23876.5344408,0,5
16554.9921675,2202.28453333,23493.9109118,21165.8000787,10199.686788,17869.6508738,29061.8141878,20090.782797,0,6
19453.1587213,6332.97061252,24126.8337675,17286.9035203,30333.251803,17611.448185,24692.233028,18768.1614215,0,5
15925.5050309,2688.83589411,14852.2041968,5915.74198423,26541.2691066,21284.2707988,20839.7382389,37104.2257534,0,6
26196.2482575,-1120,15535.4709374,7816.55278499,36238.8030704,37670.4318349,13520.9775786,25173.0927954,0,5
8055.7875744,16866.7489433,12130.0632236,16065.6288802,17438.7140017,21170.5814163,25955.7275393,24075.5302954,0,6
18909.8178941,5494.96921042,18637.6045104,18884.1393381,17493.1418656,10268.5435871,22823.4097359,15781.2233547,0,5
14971.0401756,7923.93314504,20082.7401482,27038.4471356,24111.4692189,31684.1994696,15163.6452444,25048.9264723,0,6
12346.6238861,8121.27125813,27877.0968595,11393.3127161,26646.7588271,28345.1824269,14769.3660304,24342.5118957,0,5
15081.9509724,4304.34309307,31271.1188142,22554.568719,26205.2473288,24246.1400184,24791.1212357,28471.7914435,0,6
9470.45529447,594.440560007,19257.9357005,3766.66546698,19152.7030954,27255.3392807,11734.1851692,23843.5921453,0,5
8098.55428823,6389.20985568,23219.5007995,5899.61306452,31002.6036643,23013.4965226,21079.063029,26049.1782336,0,6
13393.2205503,1212.12138111,10712.4271611,12085.4877885,21322.3799346,19231.9167342,14924.2845255,17241.1919305,0,5
25028.1837092,5976.9835804,22664.6317058,34105.8817612,26987.1088409,25523.8446558,12009.3540234,14973.2421739,0,6
12690.3020163,6905.01077554,12090.8753013,6711.53427135,12188.7632671,22366.9985648,17616.6517589,12818.162455,0,5
21484.7016727,502.462002528,28106.3138323,22901.9112651,15114.7329875,28738.4396985,10959.6033005,29892.2347496,0,6
13072.2376679,291.466883952,18149.2041416,23818.9261762,18599.1035913,27777.2057839,17673.5512337,19842.4771883,0,5
7340.8336041,2148.83330828,23807.93578,12295.7460936,9244.76043057,32716.8333671,29542.4048539,25825.6243709,0,6
19855.3321602,-1120,18301.7501883,22699.8508281,28972.7838913,20289.4359001,17421.0691273,10180.9234958,0,5
25333.8402305,-1120,25717.6278717,8287.01550223,14175.5140627,24784.4802329,19753.9703747,17454.6072716,0,6
13942.018973,7346.9027703,16195.3270327,12565.1260186,21507.9650203,21960.8640577,15236.3773955,17935.5308375,0,5
19088.1295452,6549.01525083,31705.3408177,16708.3032312,35990.3209034,38713.1358929,23288.6588526,18434.024802,0,6
15010.7000652,1868.5986139,18740.0092715,23240.0673857,25192.41924,24907.9112834,31603.5482674,26334.2944877,0,5
13581.8480896,7023.77569508,24425.9740703,13736.8939767,14073.5532368,16629.3604198,10205.6376415,27183.9323072,0,6
11826.5092341,6931.23013169,10522.6263148,11675.7164557,16567.3478108,21882.6922568,26238.7421208,6923.5043114,0,5
12308.0550402,4702.75198569,20060.4691026,17324.9210552,23769.0798749,10130.4195046,38360.8767486,21407.8621033,0,6
16362.1952379,123.270372806,20832.0458329,5321.08324415,17187.2450123,23304.8131632,19808.2969999,27408.599744,0,5
25787.2690125,8349.9877733,9574.01500857,26087.0476207,24243.3056296,44993.2789929,20094.323553,34537.7944579,0,6
16160.9120771,-1120,13960.4196968,11045.6548588,25235.0534584,15027.7000191,24315.7984862,25426.1833417,0,5
28297.8426056,3060.39556262,22383.1948858,15314.9707724,26529.201426,30928.4498081,16536.5175978,26026.8286387,0,6
8196.02850824,3545.47155553,16572.9362955,-1120,22487.211727,22347.638779,13680.0755726,15979.4557807,0,5
15228.1774224,3195.6197377,18942.3612206,17122.4887671,6243.3666028,26831.3166588,13755.9324689,25931.7418919,0,6
22100.1101096,2921.84772508,16166.72833,25713.7478445,13425.5551239,35979.4229366,15951.3444955,37276.7840226,0,5
17993.4276731,377.036365652,18719.8101478,23007.1651138,27130.4304112,29005.0340931,17444.5054868,18614.8996451,0,6
15279.9870385,4128.36338382,9053.62796338,29751.6121493,19102.2882512,19293.7868569,8593.49456554,9224.6700514,0,5
19274.7859419,-1120,16155.548598,25099.9218847,11843.5677473,4893.9324706,20498.2370262,20672.2957186,0,6
9104.58064165,7775.50752883,5763.35343244,20719.3117704,20404.637632,18514.5076034,27655.2114982,21767.8471187,0,5
19270.9866458,-1120,22022.3723318,21641.0040683,19693.5597448,18163.6419252,17952.6528527,24638.8504104,0,6
10114.3381349,21216.0010017,12080.7106965,14153.9771469,20031.9541686,17349.9939324,34099.4751759,26457.6161581,0,5
19812.0508606,4689.89612263,2968.74806242,11082.1112665,36028.8131801,16346.5121088,9342.88914022,33566.1161497,0,6
16592.31919,313.152184151,20393.011958,15077.2511447,11791.5948246,26999.9799579,34847.1195768,26072.5232255,0,5
14756.0042988,2076.53085312,13232.0733937,17539.8788819,18144.9045649,20705.9538076,15392.7068451,19682.3470934,0,6
11668.2150528,2324.88068499,25704.3150035,25239.8436221,8940.28176644,27429.7549402,34325.4736285,12292.4374702,0,5
16116.6704875,5161.96755638,33338.7216731,12210.4536833,24854.9904038,20999.047502,20912.5510876,17565.2378617,0,6
24371.0808603,-1120,12551.5140333,15432.1514881,25801.022259,16636.3873434,23771.0149127,14814.0394771,0,5
28431.5875904,-1120,37575.880055,19445.3284269,14775.8689222,36127.9096769,22007.9326508,17129.1971624,0,6
15590.2802375,-1120,26660.8099598,11292.035171,17649.5812915,20177.4028495,22381.2388381,13102.1179814,0,5
32432.5420683,-1120,16520.6449996,37649.8532491,38099.4249973,16082.9896769,22288.1019888,32549.476832,0,6
3438.48512845,14086.0713168,12506.521464,4515.4697276,17166.894987,20805.6449091,16922.0624712,12691.6840893,0,5
11042.9459658,5813.66559258,28317.240507,14211.2005197,19343.6133436,19510.389602,13158.4280758,13911.4063836,0,6
17624.3563197,-52.9252378866,23032.1862149,29581.8830614,37750.6929351,27620.8972355,15857.6036602,27663.6784226,0,5
8584.0858459,1909.92561938,13198.6235958,15076.4345122,16593.5650384,26956.3297429,10085.0820432,26837.5925329,0,6
14886.7070968,3787.42981696,26135.3716301,13185.6250757,31304.8561113,27548.1938109,24657.6351087,31042.0851848,0,5
21820.1067119,1179.22887749,18712.7679012,18336.7795219,18915.6980137,18931.202577,25515.5116619,15488.8648542,0,6
11286.3827607,9143.00738337,25456.3085867,21135.7197303,19883.643341,21583.9492636,18602.4931052,19610.0445846,0,5
19877.7684214,2446.43006274,14463.6947743,3343.96770989,17499.9933672,15327.2905709,24151.2253182,14800.9631899,0,6
25360.7269599,5050.62169136,24631.8161175,28728.2764986,34155.7613091,25095.3692047,25371.836548,33459.2903922,0,5
15717.8444285,4488.60102948,21062.9287515,28118.7405625,19152.55375,19537.3236577,22189.794295,22200.0729796,0,6
16172.1175728,-1120,20632.7089563,20797.3591502,22309.8558774,24676.5038921,20448.9290453,24526.1646525,0,5
23946.4143495,3600.97065104,17452.7821563,26422.7821785,32326.630607,27072.6903701,22181.0722907,17612.224547,0,6
30351.5855665,-1120,17637.7348199,26430.0767622,18506.6963583,25609.2072341,15731.1161964,19546.2229057,0,5
21026.5524265,8993.69365769,10357.4292302,26181.7370854,18792.781933,12530.2633109,20665.094069,14183.3417958,0,6
18865.4236082,5907.26526002,17675.645569,32814.2742859,27144.5889419,16874.629758,33694.8912547,21720.2404504,0,5
12466.0110682,1507.86008764,18383.4274048,12718.208184,21845.5111836,23409.5258524,38519.6863776,23072.2766026,0,6
10402.1695933,1144.26860759,12937.395573,15445.9491704,21562.6334508,29113.458319,28918.7536585,28806.5363291,0,5
24978.7312342,-1120,18818.421221,27972.44444,34451.5178553,19571.685903,15777.6165157,17223.8580302,0,6
12619.3228862,2873.34902696,13781.8668486,15318.5521043,28444.8558133,14089.5852813,31256.6666514,22898.7980685,0,5
16742.6505684,3876.29958065,22945.597465,29460.2878571,18991.6340159,32603.8361226,12950.7004106,24169.9136058,0,6
17629.6271877,2016.51328108,22574.4106178,13431.6157279,17905.4926739,31786.6430727,28262.9901802,30110.3076524,0,5
22101.3816871,-1120,15625.2726493,20734.7586664,25800.8634482,26901.2654302,27837.4618268,20610.8210361,0,6
5549.32280557,4555.02919019,17627.9476885,13746.7446214,23310.5613304,17100.9052239,23814.1242231,27127.6324512,0,5
20442.3082166,-1120,15615.9729735,27010.1521912,11369.4265988,29651.8514281,34713.6610459,21614.0350729,0,6
19052.2295887,9625.070299,11607.5279276,36931.4957043,28739.357904,24280.2359297,39047.7830162,31517.1732126,0,5
24597.1981188,4430.48131077,13047.8016475,29590.5327274,25888.2523349,14008.2953181,22640.9821615,21625.1655663,0,6
14508.8515536,8161.03529565,15897.1283853,15988.1127548,28707.1961757,21765.1155776,10240.9975717,19058.0517543,0,5
13574.1489432,4059.90442949,14052.880876,17825.9104528,25553.1331875,31016.6799201,16970.769123,24275.8074848,0,6
5548.84869686,10064.146499,17015.2577783,17979.8239796,18910.1132259,17616.6097627,33688.9190083,9576.2689037,0,5
25825.6123679,-1120,19534.8228887,19104.9940038,18853.6136915,31264.5952248,36471.1187194,22933.9126628,0,6
2587.40656491,12797.9109999,5575.25892601,32558.1382338,21722.5858784,27376.5515277,29848.366523,32853.7376451,0,5
9739.45013412,8658.70672815,21887.9857023,27141.5027335,30248.9867176,14689.9930103,28221.2697283,28844.8724241,0,6
25049.0543647,2309.57203996,17860.9528741,28869.7325134,16662.0877298,16289.4027511,22722.5187604,24884.430058,0,5
27015.1083632,-1120,20406.7928557,25496.3802558,22177.4760171,13375.8571462,18861.4305754,26969.4424688,0,6
19052.9406834,3050.52181759,9321.45504374,21787.1665065,12687.1617265,25086.4228046,6589.5490296,11193.4527731,0,5
21468.7632323,4677.98710967,17986.5563542,35475.1820707,23940.6661552,21253.6194039,22954.8868996,21650.3455043,0,6
26485.5526789,3142.85936048,25792.1379176,17042.2595837,23749.9862804,21082.607042,15128.5736317,34947.3642978,0,5
21433.3291405,4081.12090403,20508.1330449,20712.7214363,29162.1420729,20557.5553296,21429.1651095,25670.6826893,0,6
20434.4153858,6832.8425329,12890.0267072,24775.6887593,28509.323813,22860.2126716,21906.8786016,23269.8513832,0,5
11096.0005706,2141.21467158,24459.3722317,12555.7139583,21297.2284358,19092.4098594,17089.8767836,20604.2202573,0,6
23663.0523102,5598.17000001,11974.0510402,13077.1901078,19672.4418143,13728.9602002,16458.7805671,21409.1015034,0,5
22568.3749823,4489.26618571,15199.5797024,24126.6014666,11445.91243,24000.544211,12958.5286497,22573.8228654,0,6
10787.8415995,12661.6411127,13444.1787547,15778.7600411,33844.1665837,25450.765265,21509.4666302,23632.9197144,0,5
19810.5978548,1790.60705701,25575.2140816,19810.5179952,23287.1280136,19484.4147964,18068.1802505,8423.11623161,0,6
15695.6457564,5026.12219176,12012.5090187,18595.3496729,25749.1952467,26330.9862331,21721.4466215,15648.249061,0,5
9635.37783611,4312.82216566,20264.9848884,15679.6795234,27256.5558593,13042.7695375,25408.8801382,18715.5849107,0,6
9933.11499896,5389.18497116,24664.801647,18653.7115962,25454.9329293,18918.9686017,17155.4722509,9344.7152093,0,5
23927.1312475,2944.37978555,15556.5739151,24868.6254106,8258.2408758,25587.1169269,19791.9073802,23009.0321655,0,6
13275.5003894,2898.74767074,20578.718464,8326.54027598,22667.4346328,15993.3967194,22501.6711265,34015.7372268,0,5
25451.1284523,-1120,16811.3302189,39209.5680122,24196.2717974,27104.6438678,21276.4146818,21330.1837034,0,6
13167.1565747,4752.87910065,10643.0248497,11272.9853602,23135.5715676,25269.4891093,26606.8276683,19400.4002104,0,5
15996.6300014,3863.83219586,21690.0254888,17040.6495294,25404.2380418,27526.3903212,9563.47953381,20273.9445541,0,6
12998.144695,5862.83816417,18695.4912647,33699.2020639,34932.6033784,10966.5561067,31096.3520786,25254.0615122,0,5
22285.5154832,394.600818995,25316.3735985,14795.7636753,18549.3760532,16993.1853725,12294.937087,20687.9055985,0,6
16426.2292276,4924.64350502,8442.82387961,22524.3996079,3087.04487142,25895.4361056,28601.3077032,12486.4834582,0,5
18796.0278113,7501.8393082,4487.74666303,26920.9912547,14348.4691891,27924.4881578,8167.52526584,33115.4368903,0,6
33422.0482746,1632.67532212,26950.1481043,22155.2649649,14676.7849496,12088.5923339,27581.7399994,16221.0187237,0,5
14268.5793978,8875.95402881,21152.5885815,27537.714717,22535.1560878,19061.4650302,34772.8014983,24386.2707353,0,6
13882.6180265,6760.15680208,10526.3347386,16228.2001282,28894.3881282,23274.8633362,13756.9615502,25415.5518891,0,5
20639.5256467,7564.93708901,29001.668682,25886.1986041,18301.6355811,17605.1668099,17259.8896751,29385.0905077,0,6
11321.0236973,1654.23011719,13464.0186831,24003.9050198,21838.0085176,24671.0731734,14009.8851057,28901.6342682,0,5
10214.2777426,3574.61228566,14977.6967365,15851.828059,14732.0025601,27680.0836857,24459.0588755,8560.71908815,0,6
11197.2678216,4350.06643582,17343.1706989,25475.5194878,28169.4099349,25182.6596769,15185.1597024,21551.7278614,0,5
23223.6466125,2712.92731754,17681.8221929,22410.2373858,17773.5436556,14427.2595862,22187.1744194,18075.3475542,0,6
13059.2257954,832.837573771,14924.0110136,6688.70432749,12642.2431646,25329.2358444,16946.0248516,24727.2238606,0,5
15393.8965659,318.285028212,8185.28591406,24971.6287305,16299.3746733,23485.3968727,33602.0055075,32500.1913131,0,6
11688.518555,2112.15481223,16599.417685,15648.6362012,8179.10612805,25970.905425,13949.2887092,28509.7611599,0,5
21798.1855549,1313.49345375,20440.2983323,16325.7366026,18499.6094779,27095.9025864,19209.3055365,27578.5361787,0,6
15511.6252157,-1120,30024.7282371,15316.4368071,27512.6987823,23479.3112522,17158.1147488,37114.2367683,0,5
19625.2079404,2720.59248964,21736.9341624,24513.3017385,13193.3723582,36179.9356584,26945.171379,30507.5045942,0,6
17168.8954706,5044.87585224,19926.0759482,8092.59469099,11142.2286073,18942.3269722,24322.9411791,27916.2263351,0,5
14294.190337,8615.21731204,3734.61681475,21117.8608032,17772.1354083,26277.3707216,9293.81163786,25022.4633417,0,6
13197.3479415,-1120,15824.558121,21059.0113992,21244.5326014,24422.7900572,18396.4328047,31093.2533966,0,5
14204.4759051,486.174622963,12695.9465845,11496.1397224,8137.18163955,15959.9389854,16740.1268927,18107.869596,0,6
16480.6723963,1518.84690528,20362.9423851,19749.7528884,21608.0336128,14751.7121335,18694.9086151,19103.0783784,0,5
26532.7605426,-1120,27800.8039802,28781.2480169,29708.6039727,15085.7580293,21644.6691601,25743.7373018,0,6
19315.6144268,3380.105721,17149.9037572,18965.0205432,33826.2966945,14765.9137119,25993.4617513,26020.5231565,0,5
8076.71275678,6176.15535906,12349.8329263,14622.7592116,18106.45191,16808.2962063,21307.3095514,23199.6636599,0,6
13051.3897639,3934.00627846,20397.5033596,20505.5956892,19025.0363119,10281.1723335,19494.2768766,32970.933764,0,5
16803.4517478,8701.08686027,6484.08355061,27992.3795413,13956.8676355,23801.6792083,22804.3240531,19724.0763995,0,6
15240.7611604,4774.8364814,21983.1373351,14981.2646496,21488.8376269,28008.2057888,28048.859298,24836.6160999,0,5
20546.4006825,6792.43255581,16987.9540988,23554.8608881,20196.887739,29276.0689327,31301.7563462,41690.5800155,0,6
10908.8801309,11066.6410022,9542.29236636,9990.24773129,18561.7447423,13548.5071417,25387.1374121,9528.7312724,0,5
16377.8435929,20144.4236321,16152.4813861,27878.6043791,19069.1196846,29370.1185791,25285.6841794,22726.4074445,0,6
17677.1151377,-1120,26773.7792229,13143.3849696,8096.01930415,13495.9120019,5805.24362103,28802.430831,0,5
14010.3660573,13026.0121466,8941.92853033,17960.3445882,17993.0457224,12436.8380628,15446.0432018,36681.0287755,0,6
19203.8737529,-1120,20087.4056971,30456.3808946,18388.0444047,19254.1987733,13959.2493525,17193.1986197,0,5
15421.4383947,6702.32654174,20491.9732258,12590.6834812,23517.9139642,29568.5417961,20567.0322537,43215.2931164,0,6
21376.9209004,-1120,34300.0473047,14864.0392377,23228.2918738,25496.1006243,29394.8780206,35452.8518989,0,5
20247.5199489,1307.80123285,32463.770348,26252.9303774,21120.6298861,33923.0413389,20641.6425866,23392.3865115,0,6
16858.7426602,-1120,15170.3771574,10214.5479829,13435.8886136,15529.8976974,17584.4780339,20155.7521314,0,5
23724.6937134,6330.92781408,15815.0077638,32557.8074675,21048.1082038,15754.2814086,24225.6586614,19560.510903,0,6
21219.9872272,5162.37947952,25317.4814936,20091.6846182,12789.6156086,23451.0370586,10157.9035612,28917.9310469,0,5
12790.111339,7847.16768338,22000.1620921,15607.8935326,18216.4631642,13061.1436896,20604.3170203,14048.556842,0,6
18328.4271293,2161.85902064,31019.3946503,6456.22254056,17394.1533472,8528.07953349,15615.3863202,15314.215156,0,5
19337.3465256,-1120,25436.6718541,23148.932597,27712.4192679,18466.4246836,14328.7107463,18582.1802581,0,6
13665.7938209,7622.71212039,21015.6986325,19766.0753394,18733.8051274,27815.9189331,16963.9558808,25743.7036579,0,5
16663.8870201,-1120,24636.4317039,30214.5404128,11294.6302231,24024.3406525,30556.0964178,22825.4652157,0,6
25933.8233736,4976.12594076,16269.9541481,36217.5208457,26310.4000774,33287.7566617,29428.569896,17162.4976373,0,5
26326.2327623,5358.57401793,20143.9493778,24164.1137428,8107.67809343,32898.9918581,27231.3918854,27003.4146493,0,6
14661.8301748,-1120,20845.537579,22058.4990212,23803.9438723,20532.4619042,26930.6297182,23622.4611845,0,5
22200.7921698,5121.11607759,8418.7831432,20072.3993935,25299.5721459,12530.343818,20492.5098576,19851.9333447,0,6
15623.7131673,5223.42049251,24281.6599205,20490.2408526,11917.4639371,15922.6935682,10024.2695546,17886.0656259,0,5
15857.2994741,5823.74600404,16812.4263708,19616.4547594,20759.7258522,19004.6313651,10550.9208742,25312.4580904,0,6
16196.9233513,5747.11962696,14121.9675006,26231.8463727,15717.5179602,22812.6688919,18275.8895918,27353.6401934,0,5
10799.8685744,10171.5365374,2625.04784422,19334.1661984,26782.4328346,14154.3547996,23295.0873344,16978.6848249,0,6
21791.0767151,1204.07418037,14577.2075799,32922.023394,28763.9345828,17445.3047105,26676.675442,13889.0618566,0,5
19838.1123558,3669.11448811,19187.7350189,8673.39567974,12335.2408755,27699.5772434,24334.5106684,16863.963164,0,6
12082.1862999,4696.01865293,29108.9575091,24767.0500805,28592.5367488,24191.4042645,17619.2411944,25687.8430774,0,5
18452.0936735,7233.95142544,14870.4796781,31802.8662009,27698.6039718,21058.247844,26797.8635973,21543.9496862,0,6
16186.4706839,-1120,13583.5944429,12380.2572231,24605.5717324,14186.253785,21940.1382875,24115.7979595,0,5
16812.9181059,18440.8118198,14806.612329,24980.3315242,8656.10283141,13027.0420124,11624.8101937,28891.1989135,0,6
12092.9730575,7227.22191691,15241.341129,18976.0803439,11078.3875939,16760.9042278,21738.8980028,10336.1901306,0,5
23647.25991,-1120,23415.841034,28113.4075203,682.825032561,13368.8076446,22119.8075686,25809.7928255,0,6
16233.5700649,2296.49152171,20182.1374354,18197.026984,22957.8355845,30124.7185868,17220.8914083,22024.3296951,0,5
20433.1783817,11103.8986937,13562.456919,17199.0378779,23861.3387312,16380.1015328,9603.44575742,19560.8814014,0,6
10924.4659551,9426.24049406,13666.0581946,19045.8909627,13300.8450409,31901.0897641,18960.8137696,26354.5240525,0,5
16423.5021527,5701.69447232,16778.7134493,23749.8847067,27176.2638642,22912.7100345,15037.9348534,25624.3637946,0,6
17427.1876193,-1120,31126.9535903,14598.0463354,23476.5021413,12470.2403427,24530.4374504,22982.0552611,0,5
12079.6685548,5641.75105016,9814.89649238,23942.713534,11026.3833735,21380.3376882,22967.3336293,16271.1915041,0,6
22909.0839667,-1120,24568.543482,5015.94407268,26575.771718,41976.3065665,12399.0453816,31352.3367665,0,5
15190.9732637,7838.91360178,17957.1178765,21724.1005086,13894.7084646,23809.3664893,24690.4590847,25475.777779,0,6
19256.9866811,-1120,24922.483345,23926.8275188,18824.7359931,15397.6021893,22991.2187952,28665.7537246,0,5
18273.2411352,8513.17243709,31682.6241396,24741.3867108,30597.4815291,25557.0659766,27176.0695493,21562.0115045,0,6
6061.72391704,5850.2125158,26294.2850096,5562.92863639,24929.6219287,19694.4251314,16856.0017481,19683.2557318,0,5
17298.247465,7407.32196622,23681.1836132,23715.9794847,36057.2957372,15254.4373069,25617.3483325,34047.5619972,0,6
19300.778493,-1120,16468.9189463,9026.73076942,29206.6939108,24144.5511214,29653.2951747,13050.6168807,0,5
20322.2139946,4408.85131077,19843.488652,31268.763747,12528.7183395,25218.2104714,22163.8737266,13364.0104346,0,6
18324.7321525,6422.73573883,10562.508821,19433.0405079,20260.2639593,13467.8362216,17955.5510236,15517.572362,0,5
20890.7325288,4806.83802359,24296.1485077,33155.1465845,20338.4367347,21594.3092736,27351.6568403,22968.7507049,0,6
21302.4681782,2231.71331008,24346.4376845,12657.5389551,23840.7978867,23644.80308,25345.4550886,27904.1568591,0,5
25612.5723022,-1120,19653.9352983,24564.6654004,23176.7601954,16973.0235232,25886.7319961,20623.1532109,0,6
18979.0044743,3116.15910695,14808.0923518,29950.9969208,23734.5810202,23864.632227,27593.5499047,24793.3655385,0,5
18329.8836417,7503.64322551,26247.4795691,21711.107115,8762.81197052,15743.1841326,24552.5277242,17754.9721588,0,6
18203.6752576,3010.15480114,20202.0615143,30070.87177,20740.0775851,19126.312325,25280.9145255,36622.757551,0,5
19560.9198406,4892.23367315,21550.5493503,11393.1452658,18863.7074792,24572.9406977,30771.8558492,32163.3660517,0,6
15232.2489263,9638.43762617,30155.3736322,30169.8733581,27777.5970674,17891.8437717,21936.6116672,29519.8656397,0,5
12847.5650349,5967.05493511,22651.3329365,14501.0638191,15196.886994,28541.4343971,12910.9257529,18918.4487184,0,6
9503.78751583,4513.98619791,16442.0199898,21807.5109679,34276.2793894,18792.5740838,19144.3826978,29706.7286855,0,5
10652.6827445,5379.91432758,8103.65963322,27505.6075787,19038.2358608,21617.7390803,28172.3951689,27076.3111192,0,6
13986.8675266,4664.3624935,31576.8338266,13043.1350219,19118.6853967,26143.721595,29392.0664384,31445.4564262,0,5
19753.7701651,4289.86565316,19829.1563887,16440.8575941,12914.7053946,10817.637257,13689.0388745,24779.9025289,0,6
19743.5591095,-1120,24479.1496482,724.45081787,18176.7002691,19300.7101317,18482.3707701,34616.3655091,0,5
12703.2596064,2549.52474514,16214.6341538,15851.9858063,28981.8574883,20052.4905981,21853.370118,18687.4014933,0,6
23466.1632125,2754.45562075,21801.8468895,22792.8106399,26829.4739518,19572.9325751,35897.9768299,30150.2959071,0,5
16857.9723899,20.823667652,19031.6236115,25305.1637807,26951.5621645,26777.506527,24752.101434,23192.7021579,0,6
14347.1586308,4982.23471042,21196.168241,21169.1253117,25581.4268186,17229.1622428,17655.6221963,17759.4918079,0,5
13783.3789261,7816.7027051,10556.1480034,19077.4382,12477.5099838,23862.7822199,18659.9788682,24662.454947,0,6
10294.6021686,2205.85312787,21559.4371635,15035.7427267,27593.4654692,19398.9456011,32898.7018085,15558.0536585,0,5
17072.9639077,1135.12489779,23152.0497344,24650.5144734,12725.195429,18415.1900285,15099.2666938,26677.0069203,0,6
31980.6243678,-1120,21504.4002681,20429.8980895,23866.0671494,6998.32380461,24235.2558378,12962.9704484,0,5
18908.1938665,10252.6493405,16642.2424089,19259.5587613,27268.1946969,33163.4558285,22397.6282007,18399.2403757,0,6
8951.00893674,4189.5998541,10060.8557177,18555.2382703,21756.7853702,14634.5526943,22383.0135777,22152.6306612,0,5
22031.89402,-1120,27764.706889,32396.182712,17738.461318,12020.3082116,21572.6776005,21859.2268862,0,6
17202.1839728,3932.00827877,24718.8029167,24644.758891,14958.9071123,27750.3724724,23679.3508475,17910.8454282,0,5
20837.260627,7303.6175876,28963.5265896,13272.6439676,22165.0574559,33170.5314158,20362.9023379,37246.4732066,0,6
19786.3012799,-1120,26624.4274446,31199.7796036,24000.5889795,6758.4713068,28938.8940466,28790.6130442,0,5
20155.0437257,4061.49249626,24982.6954196,21197.8484956,27859.6548721,27644.3257189,26528.4730048,32380.5613855,0,6
9404.71075468,7012.76593166,4621.43972681,26751.9723193,16193.341526,19375.3703482,11380.2332687,26753.0325566,0,5
27658.5805725,2472.8353375,29566.9186725,29859.7233469,18767.5298499,29198.4726976,20310.6257266,29062.246418,0,6
13642.2309438,5726.21212252,14621.9715855,17904.4372255,28576.3368766,19159.3406134,26341.1214425,21539.1885184,0,5
16325.7209255,7427.91945147,18283.6102801,25334.8351682,22948.310926,23722.5972912,24898.2856388,12455.3819044,0,6
10282.9441819,12694.7168944,11344.7399936,17810.3222262,13448.3460073,25148.5093829,27594.4384113,25772.3272629,0,5
19863.0907878,2999.4959674,18263.7807251,25808.7580321,28600.1163689,18259.3080332,17219.1654667,33428.1185174,0,6
11653.2451025,2826.68745786,25711.6722388,30666.5248119,9780.04968382,17965.7663145,28484.2690015,13871.8517395,0,5
22874.4943576,-1120,40362.548199,19099.1300805,37975.0141992,34892.9504351,36507.0041112,33667.968763,0,6
21301.967341,6120.22086355,20081.3858196,24915.1659738,42751.8180228,20736.1665803,8146.64928824,24313.2627242,0,5
14763.3564224,975.398469214,33551.8450467,19842.9155443,15763.7101314,20414.8135434,4969.70916914,23374.7177672,0,6
14137.5222797,-1120,20941.8733839,22562.4491037,29166.7650688,21837.3925483,19367.416375,7365.86443013,0,5
19422.2464048,2252.09783998,31349.561325,10369.3093928,18946.6967986,28320.4009665,19604.8854266,19530.0344407,0,6
13672.8117007,3286.5820984,19246.5554174,32669.1022101,22011.332194,18148.8751508,24786.402761,28881.6756255,0,5
11936.4809121,8623.77099286,23002.9353097,17796.1844056,16082.1565918,12691.9464256,28106.3554048,20435.5617389,0,6
13421.9009086,4159.12109656,16042.6001581,29664.3863945,9242.28301867,15930.315257,27447.7882097,19486.6462742,0,5
6858.22264588,17216.7703508,2614.90596305,27588.6019399,14543.6424127,28486.0483946,22684.1765075,17856.2117411,0,6
13684.2319291,5395.53295302,6144.99412615,14497.4036201,26696.8194291,28185.4636079,15853.9513256,8463.1858964,0,5
25543.0413239,1922.24290863,18261.2378999,20905.183618,31634.31506,27263.2537444,37220.406352,11701.0115679,0,6
18365.5308041,2884.15494852,12507.0747342,22925.2279012,26874.6355886,13368.4474631,26051.3653271,19405.4003261,0,5
28080.6657373,-1120,28223.2033474,29855.3588088,25488.5360744,25539.5081486,20680.4413332,24119.9599578,0,6
17089.6963087,4785.40091034,33610.5707251,8945.69882765,30396.282289,30704.544917,19596.9000365,11592.8140207,0,5
22069.6370459,5570.84681923,14173.9471426,16663.8999437,31893.4587181,22083.1670074,16747.8949974,16626.2209955,0,6
11477.3891655,6163.40369854,10870.6251125,13576.6759708,25674.773725,28089.3485505,29366.9069892,21176.8453417,0,5
19836.5800698,3248.67190739,21895.9585838,20910.395211,23804.9685507,24434.0652868,21091.9006803,24572.9950106,0,6
17493.8650124,6214.79902518,18084.6738045,26722.5747478,19412.6209129,15374.48984,23957.7612962,28410.9709397,0,5
22231.1511603,6892.36124174,19527.6423054,13363.21571,18904.3095734,21415.9091185,14700.0490469,22977.9389994,0,6
13212.4968608,1086.1961403,14645.637139,30014.165576,17323.2703018,24880.9618923,15949.147015,24034.274856,0,5
15260.4224403,3147.54532003,23006.3998753,34746.6243276,25743.0227453,24631.2289811,36661.9385535,11450.2668138,0,6
15471.3150612,5422.7905806,21947.8132131,24349.6176316,17303.4266741,15001.3019187,13103.6379542,17857.2579266,0,5
20918.1374671,-1120,18345.9703351,23235.5941015,24082.1396028,27419.3089726,35472.9304913,8876.24767392,0,6
19825.4713367,-1120,31949.2422649,21006.8545385,36851.6825864,15761.0877094,31730.7446375,23724.0882967,0,5
20225.0925715,-1120,20852.5668468,14675.9548408,19379.9065731,11652.9663278,37745.5860028,13495.7008186,0,6
2257.9577051,8695.06130481,7880.0131656,29196.2142158,21613.3364475,14150.8985912,16426.0809937,18107.3027169,0,5
27717.0676106,5218.41883278,35115.4507695,27976.0789853,11931.1580768,34718.465062,28628.9006225,28827.0759113,0,6
16104.2905158,1302.13796085,22328.7169344,18042.9543809,44060.8365505,21462.3575536,20165.2555298,21174.9724803,0,5
13545.0045579,2446.23203353,29302.5579897,9586.32077963,12401.169655,29422.0936654,10070.561813,13716.432343,0,6
16512.7144439,6507.68469444,23217.4627377,35082.594353,32741.4033822,27481.1206508,30211.1044829,48685.7416788,0,5
23848.7305758,947.14755411,25731.1735078,26232.1039061,18992.3191374,14907.99725,16940.0226971,44853.1495834,0,6
15918.0674842,8987.3238706,10897.5900207,26043.8360932,15304.6948253,8962.1545903,15683.6832561,29818.3608171,0,5
19446.9836755,-1120,21301.1764926,27239.4210722,35674.8946663,22796.7132704,17231.2815317,15033.9835239,0,6
13895.9887865,2680.27168764,21409.3987496,12292.3129908,17968.6415286,6139.44705512,22664.2125433,27963.2472621,0,5
25172.6621383,2743.22994359,32345.2213333,27062.6583017,18897.2813017,24409.8059254,27415.0812684,15919.8813702,0,6
19095.3408796,5445.5216328,16520.1943454,26297.5325644,24355.8540126,26861.7040755,18687.7071486,29361.4601394,0,5
21287.6226736,2333.91993096,26728.7482532,15603.8338556,28229.8745367,27492.472352,10537.3855533,15993.1419422,0,6
21585.3251071,-1120,14753.1935659,20407.6895005,16454.4842771,22310.5096797,28588.9081187,22268.2882131,0,5
17259.0190477,10967.1796012,14736.063318,17064.6428778,21161.8937505,16028.6141186,33142.4645128,15933.6940109,0,6
22272.6330126,-1120,11834.2800601,17332.4086047,19337.7097987,24952.5658998,29185.7473338,24995.9186632,0,5
22041.7001291,-1120,26182.4622168,17071.5705542,23656.5197672,23026.6008866,28775.6654409,24708.1229577,0,6
18347.1734846,5292.96309621,16871.052002,25925.9386445,22280.7278263,39553.6880486,6863.32026005,24085.1240416,0,5
20954.4938836,-1120,21175.4899531,31844.7897667,18674.7361995,9373.41511292,19725.2037538,12708.5574979,0,6
22423.164917,6599.62838032,22963.8109614,24254.6853443,29625.7084956,32638.9690005,16177.5185936,21017.9497535,0,5
24805.7916367,4894.16384647,10757.4926975,5353.39615748,13901.9906642,14100.2602577,36220.6558383,17155.6509085,0,6
21736.7401274,-1120,18961.5305385,18558.2670874,30575.8747406,24434.3702174,22052.9708606,20432.7485759,0,5
15943.3345166,7063.44829695,17233.4051586,20248.4532359,19693.3436552,11416.9860646,18441.522834,20262.0499995,0,6
24474.4243734,-1120,11267.6249972,16316.3879044,14268.6839191,32334.7246662,16603.2502125,18356.5982173,0,5
19189.3221556,1158.87492944,25136.6024897,31308.4324744,26742.9342847,13345.3234298,15764.9290117,30007.9349412,0,6
7521.07056135,7369.83595536,13589.8678999,16880.855888,28637.0908278,33647.9969243,25468.4428157,14111.692486,0,5
14000.9566423,6844.7475592,24708.5649694,20353.8045464,20558.3284867,30091.9805878,19899.014421,14314.877488,0,6
7234.8046905,2475.45036426,11150.5506172,14789.1817877,15318.4319035,18692.2694816,23161.7387102,16505.7106207,0,5
15592.8135039,992.519524227,18208.6625971,14444.7058523,13327.5941242,29850.360011,16533.4296457,18084.8116811,0,6
19017.3578153,4650.19798707,17835.6528651,30252.2934035,17838.5917648,18251.8713413,27901.9169171,31756.3650584,0,5
30051.0094652,-1120,27856.4672132,24991.5673347,21555.9002972,31730.0914032,22968.9181478,25358.5412413,0,6
25038.4962077,-1120,23188.2944365,24847.9581039,16100.6566504,24729.1576469,13457.8267215,26259.7783813,0,5
22816.4887989,4932.46015264,3719.67032038,10285.79928,25199.5729824,18421.8836203,11579.4671,27103.9434644,0,6
14264.3093053,1891.04282232,24252.6623546,8663.66254064,13986.623542,9921.08807227,19807.5873856,19755.9154431,0,5
17514.5448688,-1120,10005.1839437,29858.0769672,19231.1066383,18752.4220521,9126.45953686,20528.4404741,0,6
27469.3254901,-71.4924310085,16302.7601998,16947.9173322,19689.9544118,20235.965686,25646.5882185,31484.4392136,0,5
21116.7935463,-1120,21910.4419991,19872.0508908,26641.6578255,21654.2524764,30729.4854755,18977.5201046,0,6
16155.2266106,-1120,37258.0145529,19558.2614195,19026.0276098,28452.1045711,21416.7169592,27922.949823,0,5
18349.9546481,7121.22358571,10682.314315,23970.6682871,23386.9124497,16073.1713861,15190.3481275,30832.135792,0,6
13251.4176847,7246.3238303,25719.8777261,15647.4805553,16890.5575461,16543.2892394,21869.8661911,21906.0792047,0,5
4218.32140606,5419.87808059,7805.76039209,23545.3991549,19415.0649164,12120.6796649,18618.6906779,15644.864989,0,6
19324.4141765,2507.62534246,19607.2810054,15423.8142618,21499.9440897,25544.2565987,16264.4681222,10742.8414411,0,5
25095.5370554,-584.234188043,32078.8625473,13323.8740788,12917.8564259,26037.1894609,17527.891878,29077.3408317,0,6
12785.4982381,3801.49698614,23812.6865468,21209.1562094,20121.479943,34275.8701893,16264.6793479,25911.9668911,0,5
14461.6914996,3845.58891412,14781.953157,19603.3708569,21907.9353913,24038.3368659,28018.1763389,16241.8659624,0,6
20835.633289,259.238202932,12117.89657,34855.9033735,17161.4366646,19043.9781529,17672.3628801,33883.3031526,0,5
21777.1165533,11197.1488839,24740.6441237,19046.5347916,8631.85246908,28759.3279578,29945.6482507,16368.6137054,0,6
17313.7958408,237.055944848,32872.5535576,15257.4432107,14874.8009383,24009.8250477,12022.7505091,26878.5951004,0,5
13430.0080031,-1120,23762.6131241,12715.9204296,11469.4089495,26950.2050665,18275.8688605,11028.1954033,0,6
17282.0786512,2102.97234494,6947.02857418,20848.9553384,22288.3745154,18349.9870531,12801.6383787,33193.2216719,0,5
18006.3972013,5335.44881728,16608.8802083,16734.3385343,19892.0638103,20195.4339862,21048.9339367,21987.9028675,0,6
22133.4857995,4993.64335291,17668.1417003,11242.763424,25838.1662661,13954.6558249,30069.601775,12843.1744903,0,5
19249.593803,-1120,22707.0181255,19409.8540893,23116.1490582,24132.6345963,23190.186142,23419.7136422,0,6
15507.2512798,-1120,19783.3858235,6637.92596574,9710.60427515,25378.2065194,11910.8954771,33942.8941326,0,5
18500.4698716,7569.56133437,26660.042182,29775.6299067,23359.2708398,18483.6891813,7394.4832422,8646.28632873,0,6
13546.4313148,4744.98424378,25666.9195866,31943.3423758,6421.96913477,29472.3622398,31524.4731884,17791.8283745,0,5
25536.3885642,-1120,32096.8135913,14072.4534425,19022.6302056,19736.7277958,33582.1497108,20050.6189489,0,6
27266.1934757,15766.7356473,12791.3657367,26542.9084589,8978.6442123,24965.8276129,32017.53394,14856.1788459,0,5
24418.3980409,-1120,17820.2598227,19950.2946896,22792.3463292,8976.36126067,27058.5685428,23619.0087787,0,6
27841.1959492,-1120,21474.904607,33620.9064646,17848.1261977,14413.7595431,18079.6139159,35347.4623218,0,5
30757.6543167,10872.446703,25104.498682,17339.8302816,18381.8256858,34851.0581754,35563.5435244,18670.6716307,0,6
24616.4417796,3438.44510881,12273.8091262,20073.1963554,20646.9030186,11392.4776676,23533.6648159,17934.6249725,0,5
26599.5713196,5074.2286277,19050.1985452,20971.4632297,34269.0960372,33343.3009784,27432.355328,19361.1851912,0,6
