18702.11551,3472.21273593,15156.0852544,19977.8648211,19712.9375703,20831.6394972,27445.6723604,21661.7173419,0,15
17179.4847325,4091.97466386,16945.1374225,20118.9970333,13971.13507,24107.4393253,20874.0272356,32405.5196097,0,16
17321.9346502,2675.91744759,8640.96753043,13462.2749511,15500.2866539,25130.1983423,23274.0911472,17871.3485539,0,15
17667.4918332,-1280,27834.4397493,15162.3332956,18702.3676266,23892.0588884,30849.27838,28078.5530787,0,16
17279.8017623,7923.48307752,6038.51161364,21046.3140818,18642.4020202,19643.8512186,25304.3561686,24986.0223033,0,15
13904.5522748,2770.73380463,29060.4183318,28217.3636447,28330.0409895,31041.2404221,38182.9426767,10245.2642435,0,16
23193.9569893,4251.29275329,25835.7333629,14823.7170968,9188.98562081,26602.6931564,17515.5566714,23154.5127646,0,15
24783.3689865,355.419684351,37300.5368575,17964.2616639,23107.4202327,20956.1995251,26049.3290611,32672.8723051,0,16
10317.158869,3078.26522032,25443.7138801,26677.3590935,19867.6975642,18148.7922053,36101.0074649,29704.0824716,0,15
14360.3504431,6997.96485578,22512.7624973,23715.7572808,14508.3549118,27879.7291241,40507.443656,18836.2770853,0,16
17133.6904155,4335.10413153,22578.7789226,25398.3162597,12450.4527012,22446.6902307,26197.2006005,32043.1514829,0,15
13591.4454992,3427.14585022,30933.4904147,14767.319088,24500.535511,31531.6283965,21783.1344537,23320.3388302,0,16
20858.3220285,-1200,22986.5891342,20460.1244225,29316.2431478,37846.9604859,20077.375125,26678.5346249,0,15
15120.0387082,11259.1600582,8532.81729278,21867.8591878,25000.1883494,17346.6113099,25163.1978704,25869.7366383,0,16
8100.7782878,2477.05621621,20906.3818305,23597.4281914,27478.7558633,33550.2417783,27251.5687728,16809.3797459,0,15
12002.1189162,-1280,23916.8957213,28182.6674087,23689.9432256,36891.4069026,14589.1864375,23464.0454919,0,16
17989.9207442,6689.80618009,22324.0134877,24528.3895778,21421.1607987,19489.8736178,20792.8760457,26481.598323,0,15
10123.4966355,8610.97596692,19362.9437784,21864.1553739,15610.8645624,18946.3284835,23947.474295,25508.0367879,0,16
19590.9604948,8233.17279894,19902.7327803,6648.84525923,40798.2540544,29171.5058668,17670.2817045,19106.3022594,0,15
20331.1166742,4927.26839982,24050.8110981,24086.7190942,45082.0521229,23712.2544175,36272.39554,34356.676811,0,16
9988.31681541,4891.42829167,11961.7704295,25827.9766292,16433.3269878,20886.9968244,21413.6532799,23124.7091605,0,15
21756.2549056,2552.0581168,21396.1070354,13447.1329687,18510.1524044,20335.6650918,38312.7276277,21646.2781308,0,16
15834.4781106,3576.19028816,23759.206999,18905.985672,14807.5340019,12199.6440415,21738.5714246,18150.9742489,0,15
15943.2219957,4659.75612014,19151.300643,10829.6699801,21015.6698338,32846.9538008,34968.5200074,6440.3192173,0,16
13095.5774032,1529.36707815,24676.2735592,29806.2025932,34281.6226616,25555.398882,30666.732031,16437.5989858,0,15
19688.8263183,1070.24182525,37350.8078743,47424.6415064,27603.0636601,22879.2112211,38676.6098075,31510.3044855,0,16
14949.5794045,-1200,33131.6150326,12360.1292803,28242.9903945,23919.8433203,31079.7324379,14680.9363159,0,15
28538.1811651,-1280,27784.5354938,25892.9895573,10942.9258884,27311.4819716,32881.9482878,38933.9211131,0,16
13669.1757716,1845.12152044,16041.8697674,26432.4388606,28321.7905778,25267.9468808,10010.7883303,34202.0725653,0,15
17423.2255269,7146.06571625,4451.75470072,11645.8068103,35088.4422125,28931.6162002,25973.7830777,23706.6832403,0,16
16803.4590408,2103.01761757,11397.1643213,15856.6416451,20899.6351537,24645.1947121,18581.5346136,35849.5864589,0,15
16917.744011,4216.65652306,13489.1332787,20576.8689505,22138.8751411,27710.6672284,30949.2415546,12573.5135382,0,16
14987.8271644,13245.8659843,12078.686249,21430.5720731,29143.0391308,28918.5739002,21511.7138472,13501.4769388,0,15
14164.1882916,9973.24164157,30572.7280779,28660.9532328,24757.2232712,23740.3795117,29567.3543495,41909.9235498,0,16
19367.215724,10108.6402624,23826.4341834,29305.7794189,34727.629121,20686.6228007,20346.3474826,29919.938483,0,15
11782.5994674,7077.7725117,16775.7668494,18229.0653077,22424.1879198,22004.7099064,26464.8242189,31737.5731069,0,16
19115.5315125,8036.94764035,15851.7835821,23304.979788,16977.9254734,24644.0113325,30408.2953128,21073.501846,0,15
6828.40346841,11073.6243107,21766.9119763,21137.8477554,15911.6586553,26895.4633491,24388.3743723,43117.8953903,0,16
11194.1629221,12972.98148,18422.6234262,8996.75532845,15026.9359887,23620.4427158,23308.5632569,28311.6275407,0,15
12544.0770182,2724.84966622,10769.9492717,42814.509758,12518.1229452,23694.6692873,25339.5889217,30625.5268755,0,16
13384.8476842,-1200,21653.7667574,37327.4061398,24632.8875137,33820.5152707,28780.5624954,26721.2976691,0,15
20970.5130672,6132.66992483,18410.0724634,15784.2048291,26633.4165024,27614.6668919,36206.7306739,23181.5572914,0,16
20765.1944272,6820.97867705,23141.5659671,14990.3538428,20764.4549573,19247.3476758,19767.9738991,25294.3968442,0,15
15681.7885668,7436.6853981,25513.5082973,16868.7564384,23516.0416498,35997.8605883,32077.4245018,36798.4849957,0,16
23375.3871468,238.285028212,19384.0949913,15201.3250489,20506.5893948,21526.3932603,21171.8394797,17393.6678761,0,15
25342.8294856,-1280,22430.5677068,20075.696888,28963.2643233,26830.7156989,31778.9183776,29889.9593443,0,16
11419.8273554,8478.64555577,14678.800501,22020.7502507,7645.95350846,31797.8873578,26203.1454893,19747.7949052,0,15
19601.4484662,8423.95500606,15029.0855087,26814.2501092,28793.5288792,33384.6949767,14789.295362,23663.1333963,0,16
7169.69334473,11322.7126725,9313.47680234,31387.5122417,13290.2117409,31720.8128279,5906.15519045,21971.9207492,0,15
14193.7479943,5779.52502293,13277.1093299,17449.8444647,3035.7407664,13742.0994941,39966.3743545,38054.2482385,0,16
15099.2177165,19718.1012454,5612.9792152,35372.4237485,27093.4701048,25947.2821354,34330.6820619,22218.2518822,0,15
16817.7968214,-1280,19189.9255422,12936.9997666,28557.9443617,41930.698868,30417.8651478,36788.7969817,0,16
25731.666538,3234.10295243,26446.6924688,25852.7025927,8835.37795718,31502.5137417,44894.0286384,22130.8232569,0,15
17097.0670771,2805.65256815,10743.7856757,29782.1001261,23639.4116129,29493.7766072,32701.5510103,38854.0268533,0,16
25903.0753697,4399.37802738,19577.7559668,17504.0126807,33193.0153724,12881.0013743,36059.5590507,30491.6338114,0,15
14262.6242946,3611.22126459,32300.150428,26774.7356535,27570.5321195,18723.8233333,24169.6088248,21840.9889789,0,16
19272.5222304,-1200,24974.0388324,24241.5479292,16150.5045369,23503.6535025,28815.8543513,17332.5260047,0,15
10904.639094,3249.63828754,18746.2207443,18671.7347103,21150.4803257,25647.4666657,13941.9542664,27485.1927951,0,16
18275.944556,9797.11925424,21403.108574,31327.5570934,49449.0466187,23695.9838541,30377.503124,30207.1258859,0,15
3278.18518736,3784.48561683,21514.7158577,15092.9724371,26160.2433759,11860.2052754,15361.1330115,24091.3229579,0,16
14356.3998732,1718.85800814,26078.3564722,27203.9884457,31059.1934541,31311.3117176,18574.9337246,12499.4221283,0,15
15354.0772469,3059.3226883,21525.9034152,25014.7068873,23675.5453666,29714.9003121,29773.0516891,41664.206613,0,16
21646.6121475,-1200,18753.3409321,16361.2625296,22835.582175,22991.7535329,30128.8171286,25270.8200439,0,15
17347.6751517,4595.35540004,30037.6180356,24725.2505349,24748.6504643,19814.7269928,28423.1745806,10945.9564795,0,16
31589.901991,-1200,25451.7346514,19631.6034907,34453.437356,25897.976447,25994.3145924,15766.5639099,0,15
13059.4966644,7101.04606823,12428.7108618,17361.0125704,21845.5076201,30846.635933,26697.9009028,17495.9192232,0,16
23000.152216,-1200,28115.4672614,8944.78980637,10535.7143104,26652.0191201,30910.8524884,31413.3154033,0,15
31472.3294375,4400.39324969,31560.9607343,21360.5037475,28728.6185944,28501.815662,17098.1999639,46952.7113205,0,16
10354.3022213,1588.03390035,19878.2202428,14215.7614704,19028.9850246,22426.7666899,47027.1408781,29233.0812405,0,15
5809.4423201,11687.1604529,8327.59743745,21392.638958,23126.7497252,19599.6548043,33959.6050695,31185.6613492,0,16
18589.7627368,1887.61572886,20380.5783148,11455.6401661,32622.770143,20976.3567896,22926.9321311,21089.6535273,0,15
15062.9498346,2196.68366831,24098.968318,14980.6757888,34517.7451621,29363.8021857,41727.6984964,21481.6535784,0,16
19358.4414659,3743.70420295,13162.5012523,21168.3516148,16286.103724,23380.0331342,19298.0148027,23089.8214716,0,15
26068.0268148,-1280,24461.1930092,18192.6713459,12536.6104967,37732.5427056,35097.0732238,30072.6070796,0,16
9277.80458241,6738.73971267,18048.0131107,22397.9082717,16872.5869126,26515.8351361,23564.6698496,26492.8768501,0,15
11123.7712473,9025.20496716,16604.0698501,13467.597626,28345.8494538,31278.9495327,14408.2798576,19978.9335078,0,16
22318.7056624,3088.70252633,12934.4018505,12338.7342746,29245.9924278,13122.0532732,15532.1795364,18850.2829034,0,15
12416.7340097,-1280,22882.6769593,17743.86127,30349.3527409,23718.9016804,41589.1552967,24176.9785794,0,16
18201.2120053,2081.85902064,5669.88554587,12243.6836185,20845.717419,22207.8986,19440.4567417,14028.7344048,0,15
18248.5399675,5410.98080718,22656.3751446,22725.723844,32439.4227093,20204.5977997,19283.9459734,20520.6796498,0,16
16619.5842758,2206.38225539,19956.70643,3956.52754455,21225.5571901,21268.3674598,24753.9363139,37065.3548904,0,15
7793.61469237,4537.80785315,18732.1767423,34543.3911347,30757.4382433,32077.3691186,24959.8277226,24860.7260866,0,16
16377.341524,2002.7118769,19436.5876063,25340.355421,24471.2491036,21711.3212862,27956.0836915,31275.6287526,0,15
18616.0524931,6805.85300836,21606.0540188,21176.2996025,35518.1594861,28978.3393464,41188.6010105,30557.5567914,0,16
30253.2266829,-1200,24001.7075651,6520.75495499,35832.6017278,26048.848636,21279.7379714,22674.8167949,0,15
15585.1382913,4335.12656873,15259.6171398,32065.6950849,31069.6342315,18871.4993449,13884.7765325,23096.3087264,0,16
11528.4237975,5364.08908986,12245.1061741,22139.7268096,14024.2769412,14577.6258269,25242.9347635,27233.3020438,0,15
14847.2786588,1112.73688378,8078.00255624,13037.2074973,37071.6415936,21539.2241835,22342.8091517,23885.082845,0,16
15697.0735589,9521.38948356,11988.1050272,19736.6111977,17062.999287,19148.3607405,31904.1291997,29070.7189619,0,15
11452.2975026,2476.61152675,27597.102931,32319.7828027,28863.6596831,31435.9999993,21672.6078435,30923.3268266,0,16
13233.2463976,2463.05226606,15848.2842127,10810.4708675,19437.1350664,25833.4738273,31841.9614061,26941.0132975,0,15
17266.6873522,9382.38339401,21317.254788,14745.3913719,22767.9892707,25288.2367952,27462.1041574,19385.42942,0,16
16912.4326677,371.054598903,11467.1799601,15953.5674378,16802.619727,27845.3166513,5929.71170537,25152.7136695,0,15
16677.7369822,11440.0969035,20072.6770956,21606.4767924,15363.2248789,21218.7952705,15311.1671734,12825.7966677,0,16
15333.9003383,-1200,22052.3099455,25226.7653176,37114.8449527,24498.7404568,7442.5096898,27095.5482815,0,15
27147.1284185,-1280,10858.7046387,34949.5174831,26184.3187634,21481.9032907,30281.8971153,32439.4700837,0,16
31415.5167465,8000.99371477,17437.455178,16064.8584389,18959.1538032,28491.3466192,19511.3529548,22705.9382518,0,15
6222.61914608,5128.20635086,16937.5049377,22520.8489002,29769.2445178,20028.4499822,28481.7856988,21468.0986658,0,16
16294.2376022,-1200,35651.4080063,10636.3302766,29586.3218142,42740.5969203,28491.5468797,23998.5111652,0,15
6068.51462919,3501.12903718,20946.3094967,15207.5691542,25844.5308713,36415.9415682,25964.4210948,21028.9139191,0,16
19231.1162434,7860.60794906,16073.2194463,25260.4956342,25135.2158399,37519.2001676,31493.5440373,21695.9784238,0,15
13535.2308036,8997.21171377,8931.13900947,34712.9989165,19985.9193191,16049.1919593,27987.9009015,37021.9819759,0,16
22339.5661945,3881.51080367,17193.8403264,28802.4612656,18809.5927409,24586.4508038,24623.5236256,25540.8327581,0,15
9082.38968848,3421.26153814,13712.4703134,8212.68563486,21428.1725052,21609.4719482,25587.1353994,25869.6427346,0,16
20402.0044226,2594.8907145,19355.6997829,20781.4438673,30533.4284385,31707.7864717,21200.4853836,26836.0654157,0,15
4596.16110229,632.105179887,21551.2485434,13250.1677911,24173.4542177,30131.160393,15948.5798157,24690.310943,0,16
10563.1210598,-217.693795366,31194.2376388,30054.0246475,17539.3477401,21826.8276673,12824.9811704,38317.2356039,0,15
22139.8593402,-1280,25110.0927556,34984.509639,32088.3372085,26136.1585514,34550.9384623,31876.6481158,0,16
20300.8542923,-1200,33907.1360435,20725.9891639,34009.8221563,15404.0046941,21400.3195225,28509.3765374,0,15
27771.9735382,1809.81620041,30176.8151307,36469.6572007,21375.8374148,30376.2041986,32273.8774116,30927.8075214,0,16
22091.2799037,5477.53783422,20666.9955601,18860.7409059,38549.4126616,22736.5482612,27405.0109966,31909.8250922,0,15
12128.3576151,1462.38818977,17552.7971314,38301.2782351,35353.3021295,35423.1628782,27807.2888137,15243.1228404,0,16
17644.4091278,2744.52209797,24033.2056779,13547.5857062,23511.3191108,31656.6096217,28750.3751071,42483.6867665,0,15
14616.2590721,4362.40123843,29771.7736836,20219.6767899,10380.4891648,29379.6579763,13848.9870628,28761.3903668,0,16
5889.05827121,5932.53963076,7464.6017717,8624.15545407,22575.5932516,23388.7219578,24749.1767489,18331.9172738,0,15
15321.7669527,-1280,12159.1831435,21976.7559054,30076.2298277,30236.5721298,38504.802149,26643.0943619,0,16
13262.3987109,4719.94339213,20288.0973585,11053.1010635,23306.4237444,33574.0755859,21315.6487012,31062.1189833,0,15
19902.6852319,2109.5313782,21445.7748484,16805.672957,11124.1617972,15403.0346703,39828.3089949,21427.5040938,0,16
13358.7233135,-1200,18311.3424494,21872.5497027,10846.4245688,27119.791712,11427.3562202,27078.7823028,0,15
13269.4647858,2305.89348449,16549.9234822,24223.3747106,26140.8687533,17481.3643815,27928.2541827,23805.6370995,0,16
19003.400177,7208.56953943,14693.5261174,22833.789826,27217.5259631,26114.5709322,7139.80732357,27411.0078282,0,15
20846.0662924,6245.27654174,25649.093157,14980.0894798,33524.3164468,17730.4903435,29321.2527453,25181.2308374,0,16
15319.2960229,4945.93852068,17656.6920536,35353.4076929,25170.5614733,22916.3006133,22796.0322532,19998.4113098,0,15
9789.23764361,7087.53330348,16905.4028525,11845.9391888,34187.9575033,15921.8861754,26560.9694475,13646.8478864,0,16
13722.7355843,2486.26296928,20184.8318486,27167.343488,22096.5002658,18044.452989,18879.8715744,35174.2642602,0,15
13462.0146852,1524.16167782,22525.5545084,12166.138405,36824.8475468,25323.353542,22820.708981,27010.1404082,0,16
12631.3687431,2859.0356814,13814.3112689,24872.9254234,25300.7948516,27685.2065218,38889.7717783,15703.5571597,0,15
14935.1729758,3665.81623785,25867.6341744,32342.8864768,32244.5261904,25947.6302147,23885.2008256,26018.1960065,0,16
12906.8944857,5318.84762487,13976.8187853,39233.0791781,31819.3060922,18669.2020688,23318.9194362,23270.1256738,0,15
9057.01449113,8008.63552467,5566.71793702,17476.195654,28467.656546,13599.3968143,32970.5049774,16784.5015174,0,16
17657.0295532,4417.63104591,26640.774046,25499.896888,9430.71481023,38378.9345578,27614.7927915,25550.7559384,0,15
15795.4484228,8168.43890186,30200.9276061,30240.162585,44936.7981439,35040.3401443,30790.622547,42363.8070907,0,16
12076.4615102,-1200,27561.6378433,17069.720635,23761.9841585,40981.8465885,25808.8087277,28557.0626571,0,15
8088.6840603,14478.4815422,10450.2062709,17206.9870597,22119.477903,35604.0510524,26941.6616994,11983.7973731,0,16
31652.9723082,3393.76249596,19205.1878031,32133.805472,28068.5918925,18903.0797183,28884.9938868,32116.5242615,0,15
14671.9778923,7094.03011077,24764.5328135,12340.1245071,18418.1722467,21848.0384633,13548.1058208,11534.9578847,0,16
26323.1761503,7687.82612576,18889.3851227,18645.4571943,6623.6273585,21599.7655053,20036.3409641,16936.3453614,0,15
13827.7364486,18114.1505294,4202.01013643,29359.5758762,29375.8132129,35954.4596072,27945.2715986,20717.8030595,0,16
15671.7442083,15254.236363,17012.306465,20879.3465338,27312.7528505,25970.394679,20497.8842631,34063.5971964,0,15
4860.0153078,4598.10618459,18732.9181045,16186.4892166,16378.9023401,30302.4760298,24273.053366,20907.7393617,0,16
5161.69164859,8062.79029292,12491.244709,10770.8013568,29360.2896075,31089.5244089,17005.3966713,27676.4163226,0,15
21218.5951244,4618.19091034,21302.6635736,28607.7662431,33057.4743063,31872.964043,13522.207771,34185.6427503,0,16
18531.3361571,6027.37106189,13124.8733227,20477.8763309,18865.3201283,12400.6688966,20235.1033141,17737.1167788,0,15
8613.34058966,3849.80730472,17506.2707748,15300.5943254,24432.1731122,22374.6127498,19856.0742982,24299.5624784,0,16
5042.50695634,5741.00022487,8166.09314972,20514.8652278,23117.7166367,35078.3248788,11382.0623529,33575.1881088,0,15
14093.4448328,3481.43274698,23021.4222413,18208.8183655,17068.0835055,27998.7489454,11921.8676525,23778.1702653,0,16
16894.1591153,150.852575825,16269.6208646,25292.3435816,24899.3852529,19548.7983972,25119.5452605,31324.2376595,0,15
7362.15165018,5537.06670272,22228.4063326,23473.4286555,19610.1130224,22586.8714921,34985.4022438,26838.5228004,0,16
10699.3513865,8063.29385046,21181.4498318,42614.6097448,12869.8424258,26456.9269064,35651.766039,21499.622481,0,15
14137.1843147,2088.37282667,16046.4625166,22095.8254988,13796.0576388,35638.4902427,30967.0499391,19211.1353633,0,16
22364.4026257,-1200,24371.2914758,14178.2026865,36371.3825906,20699.9080716,17239.8330595,22622.9030148,0,15
18552.2492991,6778.82716622,10609.635079,19578.710464,13282.713885,22783.8450148,12996.8838964,9906.27153308,0,16
16692.012327,2021.66558822,13413.4520753,15502.4759918,15624.9291606,25800.0953483,24795.4242502,22613.4404356,0,15
15433.9199786,10797.6113894,22246.1368831,23992.408698,34305.7901838,17113.2534715,17094.035714,34964.2656931,0,16
17306.0336128,6117.66871851,21093.1306318,16027.6227078,22510.6596559,24496.9921769,25105.7214722,36637.4595814,0,15
17223.8297789,11010.2338025,16940.1948872,16537.1165674,24231.3412382,29008.3439252,27336.9988369,26775.4756654,0,16
15526.6720349,4866.73341482,16746.8183391,17424.104625,24804.4730923,32313.1067694,26679.1127187,25985.7024967,0,15
17903.5530656,2327.71876086,26366.7521672,33975.3872711,20144.6535462,17548.628019,12143.7655944,26228.7070929,0,16
17750.8559757,2025.50190489,21049.4489371,19264.7428389,21171.6621322,9467.17755634,24521.2404605,25837.1626822,0,15
14666.3650751,7361.03033184,22050.0030622,26992.34507,24943.4119744,13634.9854873,33150.6489439,24282.9297506,0,16
12569.4977077,179.971569603,8378.31926033,25115.6992979,21441.9773979,16828.1703705,20557.2044918,15893.6592521,0,15
12900.6121215,8448.00731204,7191.76054885,21518.332784,30777.7568857,25659.9701534,28199.2055404,22536.8857892,0,16
12713.7143713,8164.56278869,13773.906359,13402.0030002,15988.9887101,16613.7393462,27274.0407525,23895.1386926,0,15
17577.258986,-1280,17080.8922674,32391.3176185,24942.1570022,15688.6359957,12911.3486536,35551.1512068,0,16
14210.99932,11676.9195718,18109.9129569,29573.7510679,23050.0752811,16657.5305989,22769.5041892,18009.1764031,0,15
20204.0255487,9819.18461789,25637.7858994,28519.7654762,34907.2595451,28086.701001,38786.7768103,18013.1110453,0,16
18564.7661698,-1200,24750.8708468,18833.9340211,23002.0040272,20060.338434,20642.0703533,27158.9358048,0,15
14833.8491897,1075.640596,34617.7095956,32285.625521,22558.9043497,18473.4689759,28941.7818143,26212.8404919,0,16
15410.223155,1278.07024299,12289.9234465,12609.127992,26640.6540299,7207.71750701,16880.6895392,20924.0681668,0,15
24294.4561055,-1280,28745.1881085,16230.3141031,46737.0360728,35917.5091425,23586.6440852,27273.6650037,0,16
12342.7775696,4957.31268748,16556.8430115,23817.7385615,14409.7333682,23482.6549555,19014.7790244,17020.6830796,0,15
17249.8269459,2387.48928674,12084.4654375,24293.1165045,7204.11835996,30019.7027922,30989.8929991,23800.7335484,0,16
15976.2472637,7402.04521644,12753.9836287,35505.7149601,26946.101639,31430.5265305,14516.5719611,27782.0240527,0,15
9781.9697458,13116.3580305,11896.1051203,19077.8329302,39660.7743514,32955.6129837,34008.6281151,37425.3503512,0,16
17231.5808961,-1200,16491.9339799,8100.88772491,19675.5274839,23427.5385648,12286.5139346,13583.4961018,0,15
25596.4215028,7286.89067188,41228.8573546,23665.2653002,29207.9896351,31251.9798507,22491.0839796,30099.8613671,0,16
13297.6752549,7542.69468048,17418.3051566,21924.1593515,34694.6990816,21363.4885393,22293.3223016,21424.9477392,0,15
20697.7200281,6079.02332624,16651.9122803,29529.8825212,21069.9801321,29661.7370102,29345.1183562,22017.1605431,0,16
12682.3191354,308.633585691,22444.1252807,24975.957431,19665.3603493,16086.8608271,19463.2271077,22683.6704421,0,15
12589.3498416,7444.46240928,16620.6231532,8565.25995129,15302.5669698,24708.3050565,23810.2244009,23752.1631381,0,16
11423.140477,7392.50106849,15608.33772,24579.3434423,14792.525991,25949.6870818,25543.9769913,19263.5843697,0,15
14274.7521948,-1280,18422.1644325,11669.4272318,31635.0027771,31346.1323418,37918.5634341,24721.4866517,0,16
15868.9558891,-1200,8338.62849846,16355.1740946,24875.4018183,39324.8823782,20335.9430008,26751.638144,0,15
13955.5319016,7518.15243881,22076.6887412,24418.9672211,34040.6037069,32651.7491129,14624.9532323,31246.579455,0,16
8374.71584316,5066.90479048,13977.8917243,19373.7872253,20202.1654336,20192.0219782,15899.5424753,22776.2853483,0,15
14647.7898818,24339.3352513,18185.9002537,16154.3959189,16260.711894,15284.5323022,24639.3416356,14128.9349175,0,16
25133.2349142,-1200,12026.7665699,14424.1541979,22891.5325573,34315.7027897,38889.7547251,15411.370963,0,15
15407.4707554,1510.59598865,30967.9748913,13663.7285176,11152.8490923,28979.490767,24996.4493584,11288.3075091,0,16
12903.9202793,9680.05250876,14419.7851624,22762.55012,29637.7840914,35511.71426,20857.318362,29753.2514616,0,15
11199.6626946,4207.56261265,9777.07505738,11341.4083891,27549.2184009,26937.2427854,15356.387416,19939.4942363,0,16
27392.6790532,-1200,40997.676934,24468.1497353,20270.1210517,20898.6774068,19443.0952521,18294.1169931,0,15
9553.66428214,10063.3590258,13905.7388117,23786.6777909,19724.5125206,25064.4594727,24065.7007389,30902.4744994,0,16
26047.3393597,-1200,15783.8518198,8501.50517869,9280.58335839,26504.5982694,15943.2388266,35036.8690321,0,15
15375.9120881,6734.25078594,17840.8546659,28494.3018738,25630.2185944,30466.9009272,35320.3254527,21451.3090342,0,16
17646.1258982,3257.23393674,17349.9340101,20593.8921097,24574.3457943,28875.2266637,17958.3303008,18188.1831811,0,15
18863.2401606,-1280,18315.7545683,19412.2950106,29388.4036306,27487.8949199,15593.333382,31816.9069616,0,16
10480.32985,13972.4916982,12919.1698065,15861.7565211,32773.8651092,19493.8013818,30957.9926412,13505.365286,0,15
10770.4883708,14152.8650597,18110.7080236,29431.9549702,29175.0087664,28387.2039796,28102.7940599,18190.0276081,0,16
15169.3060627,6702.42271315,7819.65097784,22337.8599856,15262.4054098,29555.5640144,28048.1006414,31632.202467,0,15
19686.0577321,6391.31606306,18222.863472,14633.9126191,27845.1654116,40737.6853457,15665.8677676,23385.698161,0,16
12632.1397402,96.6022623141,27188.3478582,20205.9306374,24507.0460535,22084.5929135,29015.9242068,26843.691018,0,15
19428.8780368,5226.13867664,32296.1287722,3179.90588213,13269.8894298,16204.2801517,35132.2137775,22123.5766496,0,16
13157.5275232,5519.3341746,11261.4936027,14819.310378,32713.8329611,24573.9856273,29546.9300872,28511.3841379,0,15
22505.7027759,-1280,29516.7439622,26780.2180914,30351.8170286,27211.3582628,29887.2430274,32257.0579245,0,16
12717.0548434,7617.94897135,22849.3136466,23886.2152403,12152.4576351,17917.8998855,26730.9122256,22508.4370167,0,15
19162.5783197,5533.49347177,28347.9828379,16181.9334033,19673.0828768,14368.4558338,27598.1308783,41256.8415917,0,16
20686.574542,-1200,14500.2826713,15561.5637904,23930.9537134,33244.0616873,13791.7329391,22288.4523668,0,15
19026.0852154,1694.9323458,19406.1997729,22902.7045899,10521.4922373,24794.9031079,35097.5844988,15315.9384263,0,16
25919.1875933,6506.42562955,9337.54171193,16712.4311952,17891.6776648,38209.05272,22794.3616827,28508.0665557,0,15
20733.5133747,2000.96859861,20604.1668341,23683.941683,24648.3582882,42231.0619019,34968.0106976,21147.6436577,0,16
12573.2348531,4394.31195519,24810.2849462,21657.7197725,17118.7110831,14883.0843511,22831.0266724,21304.5935936,0,15
19349.7710831,4661.21079016,27543.3275979,18995.4945265,22095.055687,29187.3395826,48641.5210499,33875.6464903,0,16
10520.862124,9621.23836241,9551.41678611,23075.9379362,35941.5763349,18698.6807497,14526.4958748,16987.847353,0,15
18804.5165914,7236.55953783,23850.7810441,22128.8695782,33267.6586944,19008.1300891,29005.1279256,15740.7318158,0,16
21210.3377867,400.61214317,9852.15141065,18607.5906414,24422.3041392,10927.9300307,28401.7972079,22460.8736574,0,15
17095.7781231,2291.4489015,19283.3996318,13109.003131,23616.6238129,24839.7887255,14363.1540451,30275.5950579,0,16
8070.09366027,4026.57531846,7800.85767338,22091.8169833,7905.78481872,27370.6464455,8067.11207788,26120.5573745,0,15
11687.5554997,15689.7869796,14355.2629599,21802.9234622,34218.2589244,24378.1863555,30800.4271763,29505.4188314,0,16
20683.781848,1511.12467366,19265.0355871,18826.2335257,20205.8179486,18712.5927714,38247.3301029,22827.3947304,0,15
12481.6133002,11168.4562846,26906.4464974,15974.8368395,37492.1221069,20392.8599576,28644.6027758,21867.5735584,0,16
26192.7859212,-1200,21153.2396857,26845.923718,26768.6685715,20553.3246196,26887.0359549,15951.9245001,0,15
9976.95384606,3953.64503257,28056.6716557,8449.77737145,25167.4805162,35592.8196566,36620.8230524,18316.9000371,0,16
23189.5024026,955.846187053,11634.0826209,23539.581778,33553.7257979,23190.375236,36816.7899736,23497.5500265,0,15
16865.2602161,6774.7221906,24045.0243163,20592.5915219,25020.6096101,11488.8056297,20158.9916237,23876.1821511,0,16
18842.1617344,1524.53807043,17782.7977094,20381.7633344,24054.9658696,29234.8086144,27433.489983,33101.316478,0,15
12493.6890542,1753.11467806,13265.1925756,29983.2699764,24992.8880514,24730.936104,19198.5940364,29394.2287557,0,16
15735.8379862,2778.97958082,22303.0588075,18451.3765408,32881.3794062,29468.1597931,22359.2079441,17700.0641056,0,15
13225.9956469,3331.41192117,16525.085345,32962.20219,20303.1188958,23444.9268851,10286.0429223,30453.2721907,0,16
17621.0802917,-1200,20726.6385398,22634.4897408,21809.5362099,23787.684294,21814.3741952,19062.0644033,0,15
18506.7600008,10000.9722352,19176.5067683,13589.7287388,22062.3482383,24083.0008364,15524.2450839,24385.7727694,0,16
12451.5796677,12460.4143234,11999.9210368,14393.4207931,27426.6766053,27783.6851885,24063.996902,29424.083606,0,15
11207.4431293,4971.73922209,17417.1896192,27209.984043,32117.6730978,37656.317678,23895.8669093,30058.4300904,0,16
16051.6579176,16181.5909411,16504.1697191,19704.1683685,16598.1093356,12177.4715092,25985.5617858,24043.6842514,0,15
8065.9912449,13053.7077949,10348.9164444,21099.9731577,20215.532739,14435.0256401,31399.6703911,31172.7045029,0,16
8856.13508765,4542.60239231,18181.7621664,2999.15600127,20773.8231125,14316.9433474,26472.9717517,20275.8904346,0,15
19108.3962512,6307.66422044,39312.9685304,12888.7805841,19257.6912073,40000.1197129,29551.4628367,42297.6242649,0,16
16907.7800831,6870.90134379,13033.8368759,21477.3725253,17326.0228434,25932.7726335,21791.584105,32408.8317741,0,15
12014.3769564,13402.4914833,15062.566708,18436.658717,31922.9064687,22170.6346781,25889.4090784,26033.9705167,0,16
21685.5027439,-1200,8426.79558779,14912.034862,26894.9027583,28302.4942057,29599.288932,17401.1677531,0,15
9698.12382859,3348.87452647,26935.164506,29021.0387788,16678.1599308,8835.43195873,28668.6755962,22118.3281874,0,16
23104.1533736,6365.62455778,17167.2999975,23512.743987,21806.8483472,32066.8893671,17890.5987018,31103.3418642,0,15
13778.733058,4190.53381988,10462.4833751,16468.4885155,15774.6525966,22129.2629369,40549.7786206,24926.6764806,0,16
19181.0971401,5006.07819241,31078.983316,26665.1119512,22697.7491887,30037.9875165,34525.8721461,27620.6929173,0,15
18587.9017507,3057.11401639,10894.1140438,16898.4618893,21539.9927116,30806.3901681,49903.7346117,30550.962676,0,16
12312.1339414,1537.30247898,30198.4483813,31286.5595391,37458.2495946,21990.5540566,8926.62344795,31444.2325427,0,15
22683.3788172,5864.95362597,21805.2032466,11166.6970612,32511.8713148,23411.7197352,27188.1768393,25843.459162,0,16
13346.0061598,6104.33097797,28335.884246,13394.079584,15520.9514728,38576.4798343,26075.6249992,36740.856978,0,15
15913.4389295,8394.04303949,23347.2044026,9940.87759641,16719.1220402,20921.7451193,34166.7959853,7903.45224932,0,16
22145.9190424,3829.92652514,22096.3925934,19407.036937,10448.2936544,24237.7210154,16448.5303363,34611.0235812,0,15
7509.83898241,5271.56876919,29980.490424,13334.7337252,22465.859816,25948.9295804,25061.2039031,18198.956568,0,16
14328.2558828,1420.67902025,25645.0667612,9285.00299191,17375.5013222,27227.7984326,18051.8337036,23854.9348275,0,15
15627.1243276,2195.7783739,19234.8207248,31840.2326029,33758.8854978,33571.2483394,35602.8063781,41172.575254,0,16
12815.6935443,5396.07901469,25193.8741621,35014.729455,22215.9029997,29691.0977263,15074.4409524,13438.0659113,0,15
15641.4132706,6206.46761397,17449.7505962,26873.1095387,11211.4284675,20695.2633269,25954.8028258,25265.7046266,0,16
27459.426454,-1200,19894.9735241,13542.3525317,24253.7294623,33889.943294,33852.12487,38930.9900262,0,15
18166.7026981,-1280,12323.0397467,33771.0482856,21639.3139228,29479.177782,21628.1499412,21784.5358032,0,16
11883.377887,16534.8217679,1860.97059591,28848.9021474,6397.81471499,22398.5666479,18805.5673325,33183.354972,0,15
10899.0260059,7008.95052682,14458.7760449,31176.42891,12378.3685367,34257.070028,29445.6931823,32390.3874955,0,16
17831.4306189,5856.70978359,20220.9193727,30948.6919823,19689.0404235,33513.839859,28328.2393808,31197.7534559,0,15
22758.1896443,411.734797373,18160.6000655,23275.2265323,18092.8006825,16798.5228058,43272.2041584,21942.4188102,0,16
8057.42181024,9527.85030677,22647.6866243,19096.8062666,31279.4836827,27765.6946223,33270.765982,25502.0153275,0,15
10609.8693267,7425.37786175,12025.7092025,13180.2553975,22600.2196409,26644.7702413,32747.4906202,32743.7492872,0,16
23055.9938633,5753.84258472,28815.8583897,20069.7999505,25320.4262139,28148.4676205,30400.9839868,34452.5619616,0,15
9651.57114718,14386.8026758,13746.3968033,25792.3292745,10452.8819725,38382.0596454,27635.8607093,38597.204296,0,16
13768.144888,2825.21059297,12948.8469207,19370.8516144,17665.9554282,11543.7746855,30745.5736696,34140.3907154,0,15
14920.1894504,447.840097571,30258.2814442,3227.32667791,27020.4238112,20474.7669161,15067.3341239,18181.7193086,0,16
16640.6822354,4710.2606882,16015.8733632,22200.2205663,23197.1525098,21183.226818,28645.8072942,23011.9707558,0,15
24326.3215374,-1280,29558.0353526,14956.9968313,25945.4188439,30287.7832019,19819.4084165,7909.7327244,0,16
16205.7233378,4830.40308634,21157.9820776,28914.8143228,21864.2589579,12073.1106484,26984.5493494,25469.9978111,0,15
12235.1411042,5702.76184928,13751.482961,24076.3841114,24100.2586513,25433.716154,21425.3448381,25937.161407,0,16
15049.3910161,3557.45011301,21168.0910862,10590.8563956,34272.8320692,26882.5947812,33114.6265467,26330.883395,0,15
18277.8975588,4576.96003536,16638.0062612,11324.7247156,24935.7955882,20372.4380318,14175.2386123,26413.3517787,0,16
12905.0166192,6520.51286184,23677.0256707,22121.554222,28328.488355,15108.6028238,20538.8307457,13217.2727861,0,15
23708.2025578,5809.84359055,19261.8230671,12290.2906288,29795.4188587,12686.2993389,31641.7225666,24087.482461,0,16
23270.0585945,5658.36089772,23026.2070726,28034.2582663,28723.2295925,29382.8133429,36760.9966723,27026.5531938,0,15
19455.6791038,2849.69245938,6586.204159,39010.0038971,23229.4149908,8929.57630849,31218.7204591,22623.5407039,0,16
17226.7813205,3518.87975691,21167.3212739,26232.7937636,18510.4649682,37012.4264977,31927.8625296,18254.2546679,0,15
14559.081005,5509.69796159,19265.1541439,25462.592243,11195.9700218,38356.6891132,17109.2927855,21223.4031337,0,16
13591.2685909,740.035980107,17209.8615148,15786.25736,31978.042395,15675.6842278,16697.4055624,31781.9562595,0,15
15430.7425582,7599.34048688,30566.4307657,25720.3500776,16688.7755482,32595.081572,44884.7857185,28844.7246084,0,16
21980.8327469,-1200,21149.0066175,14952.6335659,23826.7056737,20873.2199432,26706.2751688,24064.1819115,0,15
13224.8513637,5072.29917851,27851.2589151,15943.8342756,33505.9961782,25025.2028961,28916.8158207,39720.003723,0,16
18470.0311847,-1200,20231.8840936,25372.0860594,21303.0086197,25636.0773353,22603.9372083,26683.5925161,0,15
16726.130611,2193.24599496,23534.0954231,32679.5291256,34102.0025523,22288.9186019,24941.0954438,19593.449343,0,16
14417.3345994,2160.40322906,17550.8084536,9639.67028051,9241.87442792,25643.8538871,17548.2048453,25992.5297226,0,15
20442.4538739,2260.45484041,15054.923572,30018.809888,20912.1409752,26876.605404,38322.4588825,31747.3646106,0,16
15267.8328246,5787.43971138,13668.1707006,18645.9145875,23220.8793287,28591.9322801,32412.5803269,15687.7894117,0,15
20387.9848637,10468.0140754,13621.2805919,31751.8848706,20936.8262228,6295.52829925,14593.607752,27266.609745,0,16
19354.0358609,9807.14521529,14482.739787,23494.0906305,19262.0949151,32724.9813232,36077.1639375,27453.0964833,0,15
22964.2593664,4231.12662292,33653.421489,30000.6847863,18028.8521822,30885.000277,21946.0243432,15168.5937805,0,16
11668.0881956,5174.6882008,32405.61959,22744.505489,19087.462458,17532.8634033,21149.1102138,27771.6172529,0,15
9117.91030147,-1280,15243.6687811,11067.3477492,27910.1407868,15325.0911431,21516.760355,25750.5695503,0,16
18850.6867185,9094.01222002,5455.03144254,26087.6906202,18931.4491785,29372.8363292,19265.5908105,26610.9221043,0,15
19644.7728487,786.607483575,15515.4669825,2349.81680024,21232.3513012,24000.5952116,38529.1016919,30593.0290177,0,16
24523.799622,-1200,34877.3893516,15369.0445847,14891.4357611,28199.6418166,25753.7030919,15481.1251442,0,15
14877.3965139,5478.80897639,19659.4672418,21293.1577673,29983.1645714,18798.2071631,23323.2325332,21510.8473339,0,16
3941.00594145,10802.6791636,3303.87828979,27133.1169056,17650.2641813,12454.4928834,22765.1632047,32969.1380264,0,15
22415.8288824,-1280,31619.5379716,589.895216146,40473.4448609,25159.1714552,38624.6067372,5504.43096889,0,16
19423.3590838,1483.98235549,9752.26390709,27527.5531692,23524.1194898,38749.4911754,32613.0817785,35126.479672,0,15
21351.7310496,3320.6451152,21346.0961259,17612.5907155,33435.7585962,27516.4805862,5299.14483973,13859.0283736,0,16
10601.2772767,14846.3957255,9230.03897975,32975.3848799,25274.6683191,9664.5968659,23719.7681831,26808.9784226,0,15
9755.19199776,8174.21124345,6758.14254594,13430.4121182,33905.0294884,21396.3873735,31354.4604689,17621.1197679,0,16
20248.279109,8343.07222072,18413.3129117,15048.8547647,23813.5397493,22237.4276608,26962.3582852,33402.4771813,0,15
15076.3775788,6638.72954111,10250.4693327,29812.2599469,29950.7867428,18887.864404,26213.8599159,23767.1715288,0,16
15361.5368483,3653.15807136,18757.0607094,23872.3250234,26866.2843031,27567.2214732,33055.3537054,20613.9679924,0,15
19608.9828029,2741.34682156,28155.0243961,14586.5236251,34615.6384311,25627.4004931,14598.581792,44120.6946007,0,16
13817.2430868,-495.291422146,9961.97548272,33401.4188736,26454.0052095,17382.8709211,19747.3658861,15818.4143108,0,15
23687.5294769,-1280,30796.7362614,16597.1342786,31840.5876785,27770.3092417,39798.0182748,22965.8859754,0,16
23691.5887593,-1200,19337.2394976,35083.273598,25487.6900709,38017.7035972,19455.0512913,31565.5991046,0,15
28074.6195809,1098.3799548,15095.3721828,20806.3441089,35764.0744034,28871.8826564,29125.3451411,21689.6512499,0,16
17653.1702141,1432.62255622,12410.3115585,17109.8245721,18532.1881042,14226.893811,17640.2860343,23093.4443153,0,15
22800.1985682,-1280,11642.674211,12636.2177738,23632.9459628,23582.7656428,33500.3986791,33305.5188207,0,16
10361.0516024,10090.2142799,13810.2216805,11846.4772403,26268.2783338,23239.6859599,25611.6389827,21113.6896097,0,15
14498.2064647,4423.42291126,15812.0794716,29233.7392444,19650.0721086,27690.3541998,22085.3877586,9832.81661274,0,16
16391.2914651,2838.39708569,13913.7368047,27075.3090768,33791.175516,26932.3699075,41031.4514655,32630.8030105,0,15
15453.0219086,5621.53159121,12668.6618891,20810.9992544,37732.0400498,28525.6332457,21992.357742,18572.2717784,0,16
10950.5701996,3208.85703736,22930.386436,23163.7706955,21280.9382862,20400.5200722,21670.6732686,20274.6300386,0,15
5105.12230511,15567.7367244,1798.55401153,17181.4773471,12334.6891011,21032.1715401,31111.6666404,13656.6999345,0,16
8919.04071126,11926.9772792,30692.5766168,12047.0142775,21746.302666,27939.5239105,35379.4465681,23691.4180423,0,15
11313.1109674,8175.80765891,2073.20208538,20942.4006381,16526.5867952,30453.0528361,26666.9234309,31213.149306,0,16
19408.9828684,-1200,38716.1014823,13208.0161474,24375.2078777,29723.6331362,13448.5555905,20788.8634187,0,15
20451.5456038,2268.19611845,11601.1682559,29886.9051256,21543.7186646,24488.2351142,31899.7671863,28457.3548108,0,16
13465.7560631,5245.11435702,26319.0421568,6863.1821704,6668.15063172,29132.5141359,4681.79562463,19467.2371501,0,15
6293.7580584,3180.1234564,14673.1689103,12555.677166,34306.4055799,28284.334693,27999.3724537,22242.3545056,0,16
18807.3425357,-1200,17265.7577316,17813.4214974,17177.2605475,16964.7438471,23167.4295065,18740.8532815,0,15
14409.5304054,3476.42236842,25764.7553005,16159.009416,34395.2616203,32021.1116158,27454.2401287,36766.269189,0,16
9849.03876921,11493.3701894,20957.0916073,23762.6263855,38689.0348984,10556.7034401,23002.7797583,29346.8110093,0,15
18483.4194549,7895.24134093,22538.8837605,30772.426371,21028.365054,24394.6251907,26806.609635,22139.0466446,0,16
16839.6779063,4305.79658467,10524.3510857,6768.69193785,23052.170516,28709.2889911,35655.1726715,31541.2739955,0,15
11162.6549321,8552.26911254,17281.2249142,22730.1912316,13445.8013682,15359.6853944,37183.0645358,26063.1543417,0,16
16243.5069272,1200.98308859,7302.9234624,18716.1065089,24124.8321769,28584.2270315,23327.5807487,32483.6726967,0,15
19910.7402243,1622.73404048,25681.3329528,18590.8294777,19085.9402185,22555.4509511,41170.6768726,15086.5283302,0,16
9545.19326982,5674.98269889,15374.7485507,20545.5966136,14268.1377932,36088.0304464,26128.0140698,35339.838036,0,15
14013.8479463,2399.79027254,18638.1143801,33497.213353,30096.2700676,12726.671,4600.58475443,24297.9567752,0,16
7359.78454799,8125.50640203,7834.99913349,11548.0918115,12141.0258626,14850.6461648,22575.8698789,19148.7118808,0,15
14629.4808046,8431.80058683,14077.7827892,21143.9214457,16512.9440173,16672.1015709,21484.4413082,25717.7067644,0,16
18737.7283059,-1200,30932.9947865,26000.7308172,16617.1651883,24017.3787728,25517.0620132,8204.11267973,0,15
15670.3767384,833.787255425,19828.6248742,33905.5458694,22620.0358658,31432.4532553,20532.4570928,31632.9869427,0,16
2466.16567993,6494.99620562,8276.63715087,12854.9956237,15888.0483159,16719.795041,22566.0629431,24792.2393886,0,15
19302.637487,5832.42731094,27298.1165999,25364.2487206,7793.97432454,24972.4015229,18612.7831477,31289.6381412,0,16
26719.0970996,-1200,20815.5389823,5848.17887892,20132.2255269,20948.7993664,25149.7017289,29605.1401754,0,15
19101.3925258,2037.22737338,19902.4290258,27132.7832819,23962.7899451,22600.9000226,22977.4107001,9069.13173798,0,16
19609.2977974,2432.84480255,23642.4133268,17575.8757194,24897.7254897,35910.2316914,14390.095519,28161.6904143,0,15
12320.9629559,13884.8800653,11038.3555192,18859.4969174,25308.5124441,13306.6946977,23476.1707216,17730.9343268,0,16
11700.59885,-1200,23409.2144017,34592.0105083,29075.8571211,21279.8870977,19183.2301681,27676.4911931,0,15
15614.7454364,2552.84721634,8014.66384828,28229.5925409,9560.17107674,28443.7098623,33514.7561204,25544.5861589,0,16
19723.3240144,1344.7134366,24944.7416814,8716.99074704,26884.6390764,21718.4432551,17963.2734686,46711.8125864,0,15
18903.4412459,-1280,29257.2636436,32276.304209,15101.7330918,24962.0176762,33994.6772935,23780.4893743,0,16
19868.7034639,3390.30229941,12176.6142927,15430.4472518,21501.4967616,11516.7257172,26221.6987935,29984.3693374,0,15
16357.1385219,5404.71987487,27038.6262447,30082.843077,35408.9682176,35560.3986503,32815.772118,37993.0494852,0,16
19816.8083495,3156.54917863,31136.7793403,24717.6746295,34359.5297622,23699.306234,30832.5552457,33912.9143528,0,15
22092.3068008,6549.04048782,16313.680663,20833.8673019,32517.7895999,27001.9711581,37506.1892425,17482.2873739,0,16
10939.0451633,14114.7490762,16157.0861233,14708.0672756,19251.6612643,27930.6584094,25938.4836898,23545.7001986,0,15
10881.2590806,7463.51301718,15776.7048872,21206.5085869,18105.2386496,32778.9760482,31288.8795471,20578.1512766,0,16
19659.1045954,-1200,15387.7342895,26944.6707344,25127.6024705,24125.3328979,24792.1375345,30450.3132316,0,15
17471.0844216,2636.39681189,9229.19935867,11280.6867235,33088.7145411,26493.2560952,13195.3914869,31498.2683145,0,16
13005.7322937,6260.37067285,3076.24725746,30876.6898207,17409.8344107,24237.2629657,17787.6841971,15454.1949814,0,15
18478.6957151,1441.74518215,16130.6799231,36389.9998852,19294.8064382,31783.5530058,47154.8723914,31198.1926191,0,16
14718.0139872,4489.27186804,25359.3124218,15335.1962638,16098.0095432,30608.0709753,27609.3854353,25130.7718684,0,15
8441.3378802,5978.94092134,9649.84750579,11791.9100405,12196.3330762,13575.1499186,20424.0656345,8782.88446651,0,16
13054.308649,5926.21150361,17229.5264958,-1200,14056.1833076,24506.3361055,13178.0654437,37340.930726,0,15
18244.4731033,7561.91927679,20859.1204144,13535.6141042,23005.7284041,26912.6431435,20585.3756452,19082.7800867,0,16
15285.0490437,4298.12815155,15865.9896271,19792.252512,22993.2483961,23064.6576769,10953.7387096,11576.8595133,0,15
22542.9412467,7955.89194136,26469.714206,10738.0672805,30025.6683778,26353.9828788,10313.7786815,10170.628362,0,16
10278.2308467,1203.38455714,14693.1840708,11412.0712785,29130.5421788,9084.17320891,14648.8819938,15201.4807221,0,15
8580.69390206,4201.12029953,28213.31017,12727.4909861,26679.9965888,20932.9758066,31125.8741512,20083.2195933,0,16
16375.2638249,5659.5322712,10736.2841099,21708.4360021,36576.144033,26688.9419149,15774.1494834,26921.8115789,0,15
17141.010823,5460.5010452,14091.8034723,25782.7154656,33914.183279,33725.3885537,29445.1383603,28757.8537345,0,16
20968.9674471,2809.49978115,21478.425865,15303.0370895,26490.2427966,16409.8675375,29684.5857328,9344.75686092,0,15
16567.9046277,4278.89682106,17146.1834456,15817.4431708,20443.2868351,16662.4037604,24921.6773552,16721.1042255,0,16
9169.06883429,5564.50617684,17949.5145896,15425.0149529,22981.8671349,25429.86742,22688.0661571,26294.2744279,0,15
16587.4421249,7927.5721968,39625.5815336,16161.4668816,15021.1644978,28953.1957839,31680.8924667,28977.5384593,0,16
5474.77006821,8615.64872872,14661.1991247,9574.85811425,18659.0833781,21946.2421744,21107.5873301,25723.1947393,0,15
17624.132524,-1280,23328.8414833,18371.780948,30098.3528549,25638.9117958,16161.2909921,32188.7807955,0,16
17308.0048905,1184.32137349,22493.0865355,4616.66743154,24068.2117493,20100.5235254,11242.4884917,36600.1342846,0,15
20802.0853107,1122.90216927,19377.6968213,15605.1991531,29826.3933609,12606.6986373,21397.1239511,33986.2764093,0,16
14771.6750592,3454.19972777,18818.7897736,16493.0753659,14565.4867799,24347.0402687,19640.1591264,22732.080121,0,15
9139.05148522,10410.6353984,12631.8235974,12121.3934526,33188.1103168,18128.992351,39031.728813,21948.1741144,0,16
15729.4908757,-1200,11786.4942005,27181.7046599,16874.4274744,21195.284515,9812.85542562,25180.6704488,0,15
11884.9604336,2935.93608758,31518.9898171,39648.3643368,24518.7695085,21838.0619029,20938.2752531,14729.2528936,0,16
21912.7046998,-1200,9946.04572912,20098.8632833,22660.9078099,32134.5265279,21133.2172374,29644.7309476,0,15
11086.8567468,2170.86964123,21089.5992586,36049.7389503,10174.1138119,30989.8561283,27400.2161631,28405.9038671,0,16
12668.7452557,4735.25685163,18817.0289478,25048.3955667,15953.6131771,17827.245685,13299.5056643,26762.1876148,0,15
25554.7594912,-71.4362088544,35321.9767138,21121.5431317,33822.1940205,25737.044739,26601.8371319,27709.0215566,0,16
9909.69087401,6058.6255263,16151.54676,23547.1115691,16962.1505607,14762.3276404,23777.586629,23125.58762,0,15
22422.0505646,9341.0865801,13902.799212,27295.1748746,12911.6189992,32018.8593716,27878.5533904,28337.7994545,0,16
14701.8014691,3245.2029795,19381.3616329,15544.8084634,30042.1719138,30493.284239,14814.5937339,31712.8337161,0,15
17752.2180931,5864.35547242,16573.8794458,15381.4478579,26391.2783127,20695.7801208,16062.4046723,21353.8133088,0,16
20549.0762474,8574.47434979,13866.980263,26252.5213447,27266.6976989,28853.4876571,25947.0561387,25282.0474831,0,15
16322.7563798,6439.77691474,17563.5259577,30289.0016373,32631.0658581,34110.2562245,26603.0894282,41556.745754,0,16
20530.7695979,4876.17869647,15309.0949344,15006.5412261,34029.2787188,12336.0012632,21355.9214582,26877.7936179,0,15
19553.3784298,3226.24205895,22790.7220922,18822.5796495,24607.0757486,15443.0174487,24912.8428833,25293.9295905,0,16
20461.5068249,-1200,15219.3863732,18896.2787514,28134.9676029,46074.3358975,28188.9087083,34137.7915558,0,15
23796.9554245,3906.45182665,35453.7039052,26979.3876533,24947.7033731,25489.4998695,35348.5451602,36093.7680679,0,16
21778.4520839,7755.38656576,18957.8437305,17024.5070476,20794.0951928,26491.6135097,23320.1910511,25883.7704546,0,15
9584.5746271,10154.3328555,23114.5664897,18626.9053099,27825.0626254,30110.732586,32083.9222718,32598.2522187,0,16
13036.2292072,5845.90040676,19863.5786267,22662.3244092,10245.7320535,22528.5328293,17477.1940661,25636.7904267,0,15
9255.96157079,4891.19519041,10862.0203633,17325.5680418,8679.26768774,28962.5648163,27963.476539,22468.8141287,0,16
17924.4407134,4188.54225054,14776.9667495,36976.9231649,14186.7885836,27847.9197193,20308.2189853,37622.2006869,0,15
26541.3870924,7325.71093933,21039.6189965,19815.3360372,29970.3249126,31121.9186042,18296.6190075,28753.9744591,0,16
10400.5671296,2682.90705638,19129.9457952,9819.34223629,33924.0340375,6845.77478363,20033.8998793,19046.1135975,0,15
15205.0567722,3951.24393811,28686.9560692,12953.2449728,18336.7861376,35641.988084,31921.9182184,28889.0196366,0,16
16927.2385593,3133.24619883,19286.4488839,31757.1830414,19108.1803262,39292.92476,14846.8957971,37023.2840788,0,15
9640.53354777,277.779549304,26376.1960295,12682.307897,33952.1126849,17658.6760906,27801.4395172,29233.6199975,0,16
22179.5552814,-480,9066.94303238,14921.3964049,12831.474327,9916.14289769,10350.8309583,3940.27581613,0,6
19798.5660865,-560,2210.7112372,10439.9043019,11155.2732293,11019.8148125,7918.96535748,11677.1362646,0,7
22887.0528162,-480,12620.2073735,12321.7196433,8931.0023972,7729.04491154,12940.7163902,6619.68995817,0,6
21704.699531,-560,9250.21737855,15431.3691128,8805.91128611,3020.66034976,15196.6718173,11703.1063198,0,7
36204.0794718,-480,13193.7750222,19269.1705487,10905.1671152,13781.3344052,9407.74057743,5994.02990156,0,6
11632.8449556,-480,2761.96512419,6780.2013351,8404.49384612,15953.3637285,11866.2148057,12865.0534367,0,7
27417.7777495,-480,15405.834838,8377.42570539,10010.8063673,3073.92309298,6711.6417909,10784.641337,0,6
24970.3852414,-560,14974.323288,6153.94071592,7379.73919775,13315.5408722,11171.4217902,14820.7311082,0,7
28416.1422867,-480,12597.7725957,13389.7008168,17491.8673859,11272.5940418,5180.77898643,15811.2310987,0,6
15353.3372103,-560,4854.06588293,3956.52823577,6745.25355789,11332.1303511,1263.91529431,11512.2454977,0,7
30106.4092074,-480,1410.99478821,4236.27816423,5388.07462001,9006.66454245,11438.7465272,12444.126194,0,6
12489.6052991,-480,4011.36686309,12919.613657,10291.3548894,9920.18710023,7355.48824393,14792.4645957,0,7
21957.8196242,-480,11961.7049431,9286.88111451,7374.85647812,16058.5751436,13535.8513591,13028.393593,0,6
23580.9538129,-560,6536.11886304,14593.9715771,436.254801562,16797.4783724,11939.8792396,3553.40179285,0,7
19086.9248964,2653.36650816,4904.02194679,7972.26069902,7878.49936599,3869.1278195,7124.82240209,4720.05968938,0,6
11826.4704398,3918.12318155,9559.6379364,2562.09328108,7713.75205963,7782.24545755,8468.76642872,6264.37847662,0,7
17944.8655643,-480,8867.02908204,10505.5666754,16430.0157656,5397.25470651,10428.2369288,5418.88470651,0,6
18280.9256575,-560,13891.5406411,10259.5532245,14888.4005799,10469.0309488,7048.54247487,6651.55234341,0,7
16530.6214753,7054.34582601,17577.6055775,12422.2918151,10018.2511761,2840.53963755,12411.9280703,14849.676635,0,6
22994.7706193,-480,8482.6880064,11736.9209225,4322.73338688,754.845516914,10432.6249092,11576.8859135,0,7
34236.8554354,-480,9716.15403828,5882.06604502,4341.69223865,12138.6137979,8712.38516618,13676.1122701,0,6
18469.4646771,2098.72217766,11078.579955,12677.6285027,13603.516941,5610.66060479,8876.27140758,8581.96505827,0,7
22922.8423107,-480,11920.625707,16307.8140599,15917.2615102,4847.85802567,15875.7774886,8998.16752613,0,6
23417.8145455,-480,7104.38683416,12866.990143,15260.4546339,10949.69292,2764.38752668,853.520466824,0,7
14406.78489,582.106477212,11693.9686464,8403.64492196,8462.17464923,9755.3744466,16424.3112409,8667.19532875,0,6
20313.5600041,-480,10984.3153321,14792.8816959,16295.8275989,18347.2161404,21343.3156909,5493.76996492,0,7
17727.0772637,3423.46171941,11370.5505617,9428.53158246,11503.0410152,14656.5944145,14731.9306974,12648.3499085,0,6
21830.1986934,-480,10290.4957638,11407.7551512,976.528282811,4460.7270724,6063.65727265,6617.05917894,0,7
16060.5577544,-480,11476.1554984,10267.7296302,13686.9668571,8125.89572465,5633.07855118,12409.0349672,0,6
14285.2529823,3844.86234024,3537.07156849,9023.24836932,3561.77774532,8128.78689899,7925.22163977,19773.5999378,0,7
13401.5027575,-480,5956.05111557,3387.71819757,10143.8793245,8050.0657585,6129.7175785,8816.65561559,0,6
30349.5339019,-560,9651.49604351,21573.3089891,11360.0478178,7700.98199615,5013.54834263,8516.57983049,0,7
26613.8751205,-480,7592.68621568,9374.67401243,5521.13036823,13265.3503426,3690.57797875,5344.94363827,0,6
19220.0759281,-26.4626189433,8421.26090523,10405.3363804,16855.7639832,16642.4511108,14603.3154182,13264.3369881,0,7
21380.9996002,-480,15507.9321951,12577.7578909,14085.4122658,12055.804122,7412.77851152,7969.38244598,0,6
29340.1402381,-480,12965.4013058,9739.81486596,10971.4434696,21060.282424,13801.0357922,9228.13435072,0,7
17396.0148156,-480,15595.9423147,9162.37750206,9185.9947817,7089.7529902,17214.8448252,10262.1902016,0,6
33742.6861792,-560,15441.2788462,4834.76730609,7114.87807382,16353.2979939,10018.2723249,9903.03127046,0,7
19994.9793413,2180.47690528,8231.72351701,3808.29085455,9306.14859616,4643.52278872,5045.03691249,18081.2418538,0,6
19783.8033055,3774.24409627,12460.2949609,6838.92593121,5217.95850157,17926.5745322,12084.1127816,14173.4341335,0,7
26293.8076249,-480,17651.8857696,5445.32636961,1725.82127383,3906.30042213,10228.9262611,18842.836911,0,6
23231.0730991,-480,9772.66602961,6084.18513754,10277.3634107,8049.46866912,2234.25179779,11356.8456167,0,7
20349.779876,-480,7735.00561435,20860.9140735,20208.67138,14118.7047346,16333.088592,13140.9502315,0,6
21170.6495987,-480,8090.71853548,10021.7821749,13122.6362279,12090.5279644,10364.895964,7051.72850236,0,7
16440.885495,4992.42768309,7523.60442472,12952.9943373,7597.37060985,7057.81470297,3598.5682965,11248.7348575,0,6
17529.431877,-480,18090.7504534,17740.8997312,14561.8352066,14687.682529,13140.1157664,12186.001452,0,7
20271.1255019,-480,5613.21484152,11975.4204277,12565.5296068,10402.1706125,8600.73659051,16538.1977869,0,6
27601.2138674,-480,12688.5230345,4302.76901659,10334.6038006,7631.68460935,17505.6497396,7284.67913235,0,7
26103.7930928,-480,-480,4845.23228817,3487.03451986,11878.1602855,10197.6994556,11402.9525564,0,6
20546.9198391,-560,6903.88622478,16335.5241869,6319.13702743,12602.7269666,8089.80382039,8790.75939312,0,7
25146.3914613,1746.34794106,13882.5331224,7307.7310651,6280.82639368,14545.7891198,15804.5298236,12278.7945221,0,6
14512.3699119,5154.93654369,8053.66978403,1746.34794106,9298.91703075,2978.82599496,8933.93111372,12107.301051,0,7
30874.7843033,357.467160719,16479.5375042,8944.00127938,4597.7783592,7405.6731605,6994.43142773,3029.80328698,0,6
22606.7469108,-560,12107.7159259,11757.4705036,12775.0609167,10098.9585011,9559.19677097,8876.22626995,0,7
17759.4576789,2713.44581573,7446.86718236,7150.0612163,14206.0637917,19715.5179586,7787.50998122,6846.10797451,0,6
15488.8668726,-480,7649.44908861,22659.2487169,11406.1339127,5930.52121429,11343.7145667,5607.52593033,0,7
22365.778585,4197.86969979,7790.40998321,14842.5860722,6766.15490486,5788.8707485,10093.8948793,13408.2100272,0,6
32722.7691252,-560,11291.9869246,17687.5352413,11610.0667045,9474.72044618,9587.00217015,23049.2700218,0,7
22961.0530357,2545.36102156,4619.33925388,7235.90068018,6041.80402335,2698.05114252,11322.3739081,9247.20373806,0,6
20845.3152493,-560,16432.0406306,4137.13567242,8602.21151445,10718.7624213,15600.6978978,23109.2903034,0,7
26108.2232405,-480,17450.4336175,26149.7324495,5993.71752772,8241.32636668,14750.7805882,2330.92203298,0,6
19133.9931771,-560,15033.1086316,5664.98654155,17754.9434499,13916.7170294,10457.3267483,5842.0457527,0,7
26436.6605752,-480,9898.08649284,4096.11715012,14005.1109292,5650.65618536,11647.7890079,12865.4647679,0,6
14801.8093595,2970.67445124,4060.32075707,8162.4793621,12027.3601129,7961.69122655,11792.7131385,11186.9565335,0,7
11674.689077,8779.47698024,8949.4232856,9265.93391257,10120.468846,6200.02259642,9362.19989974,12073.7802769,0,6
28639.7186816,-480,13773.7833615,9155.19559981,7910.5856686,2079.87290428,5989.62101657,8472.44892935,0,7
31281.768142,2880.03031352,10433.1593087,13130.7080245,10524.6074383,7294.96363152,4609.83014115,8095.88780583,0,6
17495.0310111,3225.67138611,11703.9363201,5950.49235917,11784.5590611,3303.22994359,11309.5866956,7038.21147035,0,7
19184.8904994,4515.31051304,10439.9561086,7398.83792945,15225.7125057,5789.21593712,7692.24175458,6803.85066857,0,6
17187.0935751,-560,2651.58227791,17164.1608271,16050.120911,10873.7319988,7472.98124017,10081.2830879,0,7
9147.90498336,1810.47214948,5347.84235286,6745.50383918,10731.6428661,9021.26413389,8770.10663369,5819.12619203,0,6
29047.146123,-480,10948.5068581,10246.493218,8185.74145546,16693.2144142,6473.1782786,12541.3548103,0,7
19754.9862865,4956.74172866,7380.38494878,1990.91077036,7591.36538578,6462.27486688,7715.41051372,16750.8699629,0,6
26723.6955484,-560,4295.20381358,11431.8396014,11503.1126718,13412.570574,16668.8375521,6414.14571607,0,7
25433.004752,-480,9035.6819617,5179.97763341,15864.480406,4568.00860159,7635.05627436,6940.74764496,0,6
25427.58977,-480,14193.7042156,16141.2408312,8490.77873735,9145.46879264,11499.0810322,21808.4757665,0,7
12023.2095751,2540.6077083,6197.50910597,6891.8538439,10668.9297317,9148.13175314,8893.70388526,8566.98068687,0,6
28116.9670107,-560,4847.94330777,10239.1854112,8423.99992094,8623.60982524,11567.4682848,8134.39706626,0,7
25578.5074292,-480,7649.55622497,10563.8757381,16177.1782242,7709.01570543,11701.6123855,7365.84590497,0,6
25790.4901583,-480,9480.51022698,15448.9578218,13621.31129,12846.386047,11674.6078037,16627.8046213,0,7
24519.1976455,-480,13928.0681731,11856.0028852,5682.7827596,6261.67066654,11981.62584,9749.70771007,0,6
14854.5191594,5295.64096985,2133.50556222,14425.9490343,4908.22875246,11333.068277,7490.4913412,8641.40925445,0,7
22667.0962816,4528.26908834,9230.12808638,10292.4207457,3617.58303703,7863.92611179,5150.20111904,12647.1046498,0,6
25143.5030295,-560,8211.97338124,11716.4749234,13249.3536597,6353.0973257,8382.04128291,21828.9306526,0,7
17698.3223185,1007.98923663,-480,1335.71964337,8436.15187789,4817.16128927,2487.56296296,12689.0452754,0,6
19317.5263974,-560,1545.30952423,4008.17510613,13128.2505934,-560,14821.7658675,12218.8788505,0,7
26041.2620101,-480,13953.9689427,11883.2804594,5791.79998198,1627.61385635,11976.6508066,14270.7495658,0,6
19660.3406566,-480,4650.81519134,11106.6012419,6455.12883718,9493.45104216,15483.5336071,13114.6506658,0,7
18751.5511398,-480,8869.80805688,7289.55816394,7156.09259313,9188.36439843,14588.5033094,5522.343206,0,6
24195.5144659,-560,11433.8224782,13656.6911488,8906.83268788,9744.53816643,9017.33739573,16001.6456519,0,7
27950.8530665,-480,9758.52301266,16331.826426,7168.50586278,12376.8970114,9607.66428875,8745.25835401,0,6
24364.9571018,-560,13384.0949032,10205.7301651,1568.81497443,11980.5912612,15248.3014299,7011.68926495,0,7
19536.3834224,2423.43875455,2010.93979033,2266.45097306,3248.75717769,12047.52939,6533.93696303,8288.48681706,0,6
19873.5915687,-480,21319.7694475,10164.9200933,9387.97780106,5540.58330099,10048.3558916,16399.723946,0,7
29380.6542599,-480,6412.33802821,4486.32869158,13561.2837226,9142.5448696,10830.7692462,4819.37049376,0,6
19103.7463642,-560,17134.003414,-560,3878.1525331,11633.7725439,12638.3845176,8245.09424415,0,7
16368.9700471,-480,10370.9250673,8745.55753867,14159.7691124,3320.43778362,8937.87743794,12406.139784,0,6
19925.8074126,-560,15834.1953791,10574.0494528,5038.70703179,4107.70598847,7447.82388103,10219.0577046,0,7
30763.2545091,-480,-480,4408.7713159,14206.8609635,12179.8277808,5544.92605418,9463.30496687,0,6
12679.8523128,9097.04797284,16468.9403598,14845.2636629,8994.75639529,11188.3366814,11994.8808677,10215.5701541,0,7
24070.3717663,-480,9895.11378472,15183.3844252,15838.8152383,2439.88652929,13253.3645128,11341.672025,0,6
19856.904109,-560,8734.33486693,14496.3062384,14261.8951581,8402.20779587,5866.31212745,8955.9694025,0,7
23266.3232119,-480,13748.9465926,8724.90034117,8183.08605381,10208.5103778,9512.61189331,6479.27003907,0,6
15081.7171135,-480,7593.21947204,14582.968286,16677.582763,14092.9196207,16986.4008832,23827.529047,0,7
21102.9236986,-480,18298.1278134,15340.7619749,5726.54628967,5425.24196612,9146.55596318,15218.8277289,0,6
20665.2895731,-480,10445.1414535,11686.6879512,18878.3143076,11650.7863345,7204.04720374,10723.5072807,0,7
14062.0247304,709.983845477,6238.79438513,9648.81613302,10796.3428723,4842.39591882,12112.5564877,5326.87750909,0,6
25535.9216787,-560,10828.5008582,8051.17071014,11307.9225149,16286.8987195,6616.59212765,12612.8222021,0,7
23161.2369308,-480,11532.3612534,4067.18141034,13503.7659845,11969.5954104,11536.8483397,10297.8968157,0,6
16224.3599029,-480,10842.382475,11994.0664503,7323.99979812,8393.31627533,14730.743705,12046.765467,0,7
25369.5953919,-480,14633.541402,19103.23049,5429.48045075,13531.6368752,12104.6258144,7410.03498933,0,6
20815.7674054,-560,3779.00108381,14038.5858677,8726.09938201,7891.76563779,5420.87648272,10819.4006423,0,7
20958.8461351,-480,11417.5521079,17769.1905551,4428.26674327,7495.20660879,5450.4689056,22010.9938994,0,6
19544.8563573,-560,13918.2321346,10938.6358133,8764.61720234,5646.27671295,10634.5050411,20962.2077825,0,7
18500.1760156,5425.6453657,6800.95318876,11377.8103835,8606.90845539,4430.17498983,2929.5711945,6313.13089826,0,6
23074.7225006,-560,10584.3506619,14653.5211983,10036.1734215,9156.13195115,6681.41575234,10177.3636391,0,7
25788.9809036,-480,15813.4357997,13955.370874,13361.1516002,12629.4816135,7710.42732205,4818.76293816,0,6
14437.9792418,-560,17075.7625056,15112.9666741,12518.2967177,4904.21642503,-560,6964.57271514,0,7
15221.2795107,-480,6904.68136037,14871.6774287,6367.0264487,2438.73557998,11678.021459,17438.5226653,0,6
15176.9270998,2095.72195046,5765.7161716,7580.89025094,15096.1124781,10428.6135342,7307.38137316,10509.2681175,0,7
13584.7928994,6248.23631748,12923.809299,19663.7517451,-480,9273.26483896,8346.79708011,2778.68984485,0,6
13771.4666889,-480,5351.58355985,12981.4007515,4546.5605502,15267.3597773,7998.72350394,7720.52911004,0,7
25741.4823503,-480,5426.60642064,9164.56673036,11452.4323788,11841.3535386,10364.720645,5845.45219942,0,6
26327.5257541,-560,5229.9169298,18914.3235382,8647.22650076,6446.30402507,11109.2553254,5572.78813765,0,7
25433.8789106,-480,7540.79446468,11655.4110781,17994.0289943,13103.3140127,16662.6886711,22802.8562003,0,6
27094.4765729,-560,7269.71929338,14634.3924192,12606.8565282,2450.71892114,7959.5309076,8520.65494738,0,7
31406.7559838,-480,9507.52184631,4774.00137028,13191.6815378,7865.6453894,7305.54286732,4218.12158157,0,6
10811.9870144,1154.44056001,8444.28846696,3766.41876717,-560,13694.2285638,10734.7606164,11439.705779,0,7
24229.6658994,-480,12997.7198875,6126.60990942,6466.69160153,6707.44854894,14410.5378944,5567.18135924,0,6
13428.402427,-480,3516.42520378,9565.08769177,5444.64401055,16148.6548755,4856.31926023,13774.6970585,0,7
22186.2738649,-480,18579.9535448,17385.6604011,11938.9116462,17173.7334621,1644.58127456,9016.24552291,0,6
18808.6136655,-480,9175.13660767,6384.47159058,10463.3641141,14386.701201,9990.12074771,8646.05599208,0,7
17982.6865029,-480,11193.8949699,4771.07301004,9402.6361292,11156.839148,10510.7847843,7842.01492938,0,6
27793.8644655,-480,18157.7561744,6824.91675907,5512.13625056,8519.95602788,8166.44014001,11486.2640139,0,7
17483.8853121,-480,3495.1134154,6950.87157203,22221.1226418,9170.68428758,3523.32148571,8533.57310552,0,6
19113.7403613,-560,9172.81399913,8180.89505195,-560,13243.0345821,6971.99897831,16137.2034762,0,7
16271.2183679,-480,9424.90579804,6866.50834609,9236.44239137,6671.46551726,15079.8957612,8792.93983604,0,6
21698.3794451,-560,6074.40196519,5258.23727379,3720.12222631,12046.2528603,15545.1779846,3552.69707879,0,7
18941.2605821,-480,18524.2751656,1382.80289797,10376.0984594,4347.10805043,11671.2945885,8328.54799413,0,6
16780.8483213,3127.16122875,10406.2485856,2018.12353626,3004.47209298,10121.6106076,5934.45531278,7803.82342041,0,7
26653.0117708,-480,13316.9692653,17196.0973524,14853.1252711,7707.85900651,9141.57095818,7955.97494719,0,6
13271.2726866,8417.34955542,9935.95559986,5416.45746884,10130.9895181,6626.42050715,2661.95432499,11496.1001042,0,7
29702.0803504,-480,15658.1517878,18057.7763099,13375.4226276,8410.75916776,13109.4346036,10099.3054947,0,6
21908.057784,-480,6699.37089902,7427.42803284,6757.36768535,17265.1577175,9458.49849751,1872.12896021,0,7
32111.942633,-480,10113.6927306,8094.43247912,5909.37552789,7868.17633421,17925.48015,13101.9819642,0,6
18748.7123548,3765.43311623,15026.8994376,8241.25129159,3807.70746529,3731.35441811,16852.6468702,14450.7097143,0,7
26318.6592199,-480,14650.3942988,7577.44422893,7880.91352142,11203.46756,2942.01751752,10388.9536758,0,6
27357.3115454,-560,13446.5692809,13272.5503823,21518.2475182,16419.1650277,12666.7286402,11772.4458014,0,7
17402.3872953,4810.62968938,11299.5508544,12179.6469355,9507.02485659,16078.9077011,13797.9207368,13985.0369696,0,6
12473.9466993,878.285028212,8105.98002863,11313.1368093,9300.02570187,4539.76982525,10134.7166463,8825.56505053,0,7
15707.9141498,2858.58795455,10990.0966245,9388.86748594,5425.13827071,4476.99623509,7632.74207657,10869.2152368,0,6
19683.6837361,-560,14367.8489571,17262.2122385,24784.410369,7366.67603526,9676.67624631,4898.63452911,0,7
24285.6699843,963.645341722,13162.3971134,10863.9395622,9981.58443056,9085.02879236,20664.4696678,7382.75994898,0,6
22445.2973119,-560,7199.04793685,14586.7666217,8736.46712659,18103.3372066,11471.788718,11021.7571823,0,7
10323.7541989,-480,6271.71893638,12176.3087067,15531.126419,10920.1575816,18117.9209694,9445.51218894,0,6
11873.7510615,-560,1245.29434049,10386.4045084,4878.32772123,4898.97944767,5887.63246686,11877.8565726,0,7
19878.6215472,-480,12812.4231542,17179.1188521,12215.6984713,15491.0936195,11656.978849,1326.74489265,0,6
17322.3196131,2806.33632396,-560,10266.886427,6787.25703368,4090.6872836,5703.35599307,7590.03938501,0,7
26842.5597482,-480,14893.347913,9642.10310657,9841.25916446,7570.69236055,18085.575526,11804.1145694,0,6
14602.806419,-560,4843.97879929,15973.1091466,2598.4316704,6901.98310988,9656.45270046,5888.58118444,0,7
11100.4547399,4070.6069339,12454.8958878,10140.8994219,2968.24796336,8671.69272412,10554.4748149,11436.1427318,0,6
20729.0479578,-560,5877.92867884,11660.4993257,2444.17000473,9974.98864902,6663.50083953,12197.4259294,0,7
20830.0458667,1652.19028551,8272.93383912,16366.1830251,11625.5012048,5298.00778867,6644.79951022,9860.08047773,0,6
26191.3710149,5333.83722781,18298.6180636,21006.5288452,8771.87115654,9426.91103377,4525.22288347,2026.03688834,0,7
17390.433572,-480,8011.02324976,12492.9400758,5007.35930321,7881.35668127,16405.3519292,8444.26012984,0,6
16781.5980645,-480,2960.59683435,7113.99434731,12837.8061503,21296.3182764,8065.71494462,5832.48238368,0,7
24789.5969814,5319.9880038,16913.8079288,6983.73870445,502.306204634,4722.32641432,10787.3367261,6681.05482159,0,6
26885.5074702,-560,7512.48759694,14181.2508663,11164.2716887,7819.19800172,21296.9063734,6111.34072364,0,7
24900.1133174,-480,8867.00434053,13619.9798001,9377.43410812,5765.68185144,8556.01698611,5344.01165113,0,6
21361.5189304,3454.99262961,9217.51198037,2256.79953054,13514.7421229,9597.66367376,10709.4019603,13591.1897927,0,7
19630.2302709,3120.50876086,11493.7717179,10988.6514139,8664.14341113,15837.6438171,12745.5861824,6379.85276591,0,6
21689.5981994,-480,16356.8046545,8532.72370556,17863.4495239,12242.430217,10107.2768481,11396.8914678,0,7
13121.4364327,1035.84358569,13000.2360056,12215.1845615,5547.66157607,10966.0408305,7720.6857334,5000.68984595,0,6
15231.4092979,-480,4241.36606291,11797.8674379,7157.6404871,14129.2624912,5581.11991838,14680.6377906,0,7
23652.952706,-480,7300.24893784,3674.10513693,5522.89910282,8406.01344867,8714.19113176,7885.05838426,0,6
19938.6057598,-560,8322.70194328,11471.5706358,8778.50171157,12735.8143785,4918.90432791,12804.9634411,0,7
24191.3305657,-480,13877.52885,6980.8436085,8578.21774048,11098.1725437,10690.7606419,10134.179957,0,6
24249.5733312,1639.20302986,9035.47982199,13468.1784804,11087.184133,10363.6885857,7166.26379091,21280.6276305,0,7
20740.2655585,-480,4737.08676139,8786.52727925,5822.84700793,7589.25791038,6832.90287297,4857.8721025,0,6
24325.9460554,-480,16363.405413,6556.59387463,15975.1694657,6953.78782326,4377.30797314,7271.12652026,0,7
18395.6070501,4381.50414529,8805.64096429,8311.51287169,5107.26296239,7544.93751277,12798.3863849,2230.7324638,0,6
16027.4771622,-560,10082.1161025,14144.4144235,3871.40311543,13031.9383008,7625.49310242,7535.48106573,0,7
22987.7983919,-480,22280.4187066,4034.31554427,11420.1181246,12730.8719093,8141.39843781,15799.9681596,0,6
29671.419501,2052.18679091,12456.2463604,21684.4336977,16176.2193532,16603.461618,9117.98113538,18127.4227306,0,7
36725.8277645,-480,8945.74820375,10532.217498,3856.38149681,6971.75493469,12837.1788674,13890.4409898,0,6
17817.5779295,-560,8238.09347951,13091.6666475,9229.1923641,3516.21561192,8172.91963013,5986.57585873,0,7
25603.4604727,-480,21191.869524,11483.2669269,10533.4138543,14981.9307708,8156.94835726,7938.91930416,0,6
29383.0565117,-560,8535.13933996,10611.7389582,17303.9122256,8822.06572202,7951.53063548,9441.58507203,0,7
11631.0908467,2614.89358355,3874.40359062,11300.2417829,6746.73109091,10559.960337,9782.83456184,15293.0469813,0,6
18441.5210114,-480,8322.23026851,11168.8355453,5483.90505253,2152.09212829,17540.3132798,12190.4796761,0,7
30619.5969035,1033.23515171,8581.19000143,4698.75671136,13107.275066,8930.10127295,16741.4869844,16573.8547328,0,6
23630.6795558,-560,7793.32278093,3607.5021607,7056.04197883,16631.2223052,5932.58343624,9443.63913252,0,7
24321.4071025,4731.01945391,14161.4193933,7949.81032211,9825.36881025,2374.6698786,12771.8109896,6578.52726401,0,6
21853.6863213,-560,7871.03910852,4921.3616679,15572.9883455,12044.7498061,10407.7587017,1670.24602464,0,7
13257.3080263,827.738527366,7479.89180725,11225.2826052,8918.90851945,15344.1038863,6398.11850232,4604.98705294,0,6
25028.4023067,-560,7598.69100572,11564.8699108,16758.6591703,3597.4805984,7087.65894833,7372.23754264,0,7
17864.2979862,2296.17598865,19866.0073772,16284.1857753,10152.1745027,13112.9074885,16245.2039701,5806.37587747,0,6
18760.970312,-480,792.151581073,9347.56083259,4165.06618091,8895.34585343,14101.7485986,13672.171636,0,7
25086.1959397,-480,11136.9773213,5885.34546336,8084.20516327,12187.184706,14157.3180143,3485.75512559,0,6
22898.3591281,2168.41630221,1860.4335517,6632.21516059,9490.31784203,2425.09434539,9297.32991481,9958.77817153,0,7
24958.4736857,-480,5618.88279118,15134.9111917,5280.46760321,5267.215225,17886.3301217,-480,0,6
17162.0347962,-480,11664.1113399,8307.01071682,5109.25723713,14757.6326591,20074.8996793,13323.0784873,0,7
23172.2183742,-480,19708.1819511,9659.7659151,12206.3249097,12520.2834262,9009.66148156,12816.8592798,0,6
27350.3973504,-480,12702.2731983,2273.13054513,5323.92894022,11435.8086977,8969.57508422,15019.3221912,0,7
29377.4088151,-480,13190.7148587,17899.284229,-480,6462.93095839,8756.12967767,8739.92920098,0,6
17531.2800934,7592.39320046,2899.8116459,9720.53823499,1220.43543495,7173.66988718,8868.35111372,6306.7422712,0,7
19881.8340378,6177.05363439,6290.06219107,16069.5075894,9270.80060468,9119.07815621,10493.1322896,11081.8273355,0,6
28772.6384266,-560,7349.63204473,8253.12438095,8720.63747843,8937.32069559,9774.47142719,10830.0545022,0,7
23839.2181558,-480,17596.6618608,18067.1861024,8683.73869748,4803.42532317,9970.61182473,12594.2087112,0,6
20823.4991393,-480,1918.79625703,9503.1369974,12112.8637321,16034.6394181,23258.3238481,17107.072656,0,7
32064.0602291,-480,12542.2447855,13280.0556503,17391.0611725,11676.7934319,8395.78041704,5449.63919021,0,6
21209.4947678,-480,16646.1130651,6425.40136599,7532.21033337,8833.87061036,3213.69282863,11746.0600348,0,7
19931.334261,-480,10305.8468304,10907.2962666,8757.63286344,12345.2440615,7258.33936147,5191.73958696,0,6
19703.1561809,3231.89573517,9351.69118372,17809.1080016,16047.791465,9083.33883557,5389.373318,3203.82152675,0,7
27513.2385898,-480,5229.01656863,11035.3336193,9535.22769569,11888.7865074,5781.22142483,6022.46129185,0,6
20357.3248465,-560,14005.5798361,7179.75833933,22960.4436282,10355.758182,7473.33563782,12348.9052603,0,7
19003.749531,3546.63239433,11107.3667786,5525.27864418,7879.01919402,11361.6849708,16143.7707841,12110.86028,0,6
9507.81598721,5478.07328235,6362.19388811,8024.21851777,11665.4442192,12735.3740855,12650.0957846,14177.1253503,0,7
22947.3439235,-480,8902.31556927,12068.0162468,14094.1358707,7058.05766896,9764.56809992,3153.76217781,0,6
23118.4825701,-560,10629.8998112,11855.3061555,10983.9479621,7855.56055842,6047.08657666,7155.70270405,0,7
17935.8194393,6826.8672483,11319.1328979,12779.3736395,9325.98975576,5607.00779823,17986.9953159,10437.8772963,0,6
15561.2600524,-480,6250.60947427,7457.77088582,18380.4003145,8843.10347845,10055.0520324,7302.59427819,0,7
21061.0628584,-480,3766.80403379,4465.39978807,14560.701767,12366.6702291,5885.47234337,11438.0290665,0,6
17192.640896,3324.01295451,7283.83874343,7312.89951078,10083.9878119,19494.5140306,4878.18989497,19124.85872,0,7
28937.061391,-480,8281.33966255,10950.1339331,8658.16916692,12671.7528138,8233.70778629,3648.16811787,0,6
18193.6008631,-560,3560.61179285,7060.0613297,13812.3100278,8369.87808172,15059.9738733,8871.20743118,0,7
13504.1955551,10942.7167266,4772.27529671,3048.28953685,12356.2110627,7205.83634529,6884.55014697,11763.884023,0,6
12887.2526436,9259.57099457,2694.0204286,15310.8983927,4033.30288539,14535.7616451,13691.1687982,3246.31573517,0,7
17731.5204694,-480,10483.1001849,10339.561412,9322.26537778,4683.3578859,10050.4097234,9775.16171854,0,6
21389.6137979,-560,14733.6045158,7567.74644527,15259.1439163,8783.39124365,11787.7612105,8469.75545678,0,7
22533.116023,-480,12979.4499065,13333.2892432,5377.99225784,8716.62107433,8386.78640922,11020.4464907,0,6
27527.2489315,-480,10998.9684267,8138.77483561,15719.168239,4596.37306146,7065.33712045,8673.71061372,0,7
18258.660692,-480,10646.7149293,11634.7493527,6096.68762771,12538.8709978,7515.87028853,10187.5586102,0,6
22177.2069658,-480,10003.2540408,4928.20484133,9330.36571796,18474.841674,13615.6646915,15745.9836374,0,7
19811.5217352,-480,5540.57237165,8289.97863019,11986.958235,15234.7832964,13871.391133,5608.4692808,0,6
23345.3481143,-480,11398.2556648,12496.246935,16044.510427,6924.53901136,13312.8586926,5041.94802639,0,7
33657.96084,-480,10261.5537422,7178.17236136,3775.05582639,13361.9107671,15559.8115165,4930.75593506,0,6
25627.9758137,-560,6236.24280536,6923.25673701,8591.440314,11560.3269144,10283.1354754,12098.5745409,0,7
23787.0822101,-480,6022.1362705,9351.60002214,16317.6866468,17791.7928641,8486.07751983,5943.039804,0,6
21685.3292698,-560,6763.07885915,5544.88290024,10712.9295817,19964.1075756,4090.8321259,5436.78339901,0,7
16825.851758,-480,12044.5752517,6002.92872974,8666.01407765,14505.7096975,11837.0452323,11637.6994858,0,6
14721.3100741,2065.41255622,2578.79813652,13102.2927689,17011.4377821,10497.7753973,8610.85516405,5595.65043296,0,7
18609.0740149,6936.65141736,10368.3478467,11453.2366882,4398.41365553,13423.8853868,13947.3577919,15018.3860102,0,6
26808.7427305,-480,8928.05423693,10141.4694813,16279.1534435,13265.6450195,10871.7389745,20836.8542281,0,7
30144.9308846,-480,4301.31487227,11009.2913409,9973.47530844,9264.61151743,8899.20399796,11579.619325,0,6
31302.5344269,-560,8220.42815729,7278.87723302,19871.6481466,15696.3335182,17606.1221589,2798.19568001,0,7
15912.7173655,9817.81455245,15759.4853221,12605.774083,5711.84261896,11108.1924657,8907.06241559,7532.9015958,0,6
14508.9083657,614.27969731,11999.8609012,8677.56505587,1664.21168778,9626.53004094,4180.40220335,13457.0127054,0,7
13514.8527657,-480,13697.8530053,7327.71808018,5342.99174978,4439.94653347,8292.11857139,9784.40101056,0,6
26678.0866272,-560,12940.2184254,10696.5962465,5911.6119301,10137.2222004,7011.88210904,12594.423347,0,7
28583.4998445,-480,9539.9738209,12828.5524585,19706.8135687,14380.6173925,17789.266777,3763.41123795,0,6
23324.5297705,-480,15187.8486648,8751.16346646,13182.8980726,6802.52150986,2972.88907856,4763.5608897,0,7
16307.9279739,11379.8630884,6723.22138116,6782.28315494,10648.4322243,5549.80701753,6610.92386689,13386.119443,0,6
26660.4663694,-560,8104.01508459,8673.15976247,7285.36692319,17830.0934699,12014.3267086,12355.9370183,0,7
19509.6787053,6471.38973019,8833.47426407,25677.4127077,15487.2018473,8973.62634952,10549.7232161,10048.6067881,0,6
16030.920457,-560,5421.03506774,9023.80737116,15609.2524168,18554.367504,14869.0500838,5690.47661209,0,7
20757.066248,-480,12255.8144521,11231.6624567,13737.3597882,12414.0582951,2135.80146176,7633.09956731,0,6
22012.4343033,-480,13993.6681444,7311.22562397,15010.1645885,9684.09954643,5061.72033369,12829.6630948,0,7
16138.201434,-480,5275.28185877,8145.38768886,5282.69834818,20536.4897946,9731.33164508,8723.58104217,0,6
21019.3427547,3315.06333976,10531.9930404,18639.2584354,14448.5317966,1666.80316407,8436.43108125,12483.9780442,0,7
21250.6649025,-480,13495.1274628,12137.9605565,10779.7959423,9703.27318973,11097.7337214,6734.54015361,0,6
18623.6438674,2665.51558822,6720.7036977,13020.2404961,9400.87601801,9191.4207414,17180.5704436,12540.9985094,0,7
26265.7577987,-480,7579.58685263,16771.3447441,10861.0330411,4185.02436588,13350.5392115,4205.63177394,0,6
25320.0463203,5967.28571552,5993.90069013,4186.14133405,4835.03337124,9217.11051807,4893.36302318,3871.84527637,0,7
13834.991015,-480,5263.86869927,5001.51856511,14593.0417792,2194.04100201,8594.30561184,11979.373207,0,6
19965.1418423,-560,12030.3709124,7211.84865396,15121.4750308,9547.32730646,2146.81498259,5302.13635793,0,7
25792.2056014,-480,4711.63919845,3857.13585674,5571.00359499,7634.14793317,14689.691695,12551.0296021,0,6
11525.6025255,-560,8420.68591408,7796.51234352,3987.57229776,7568.5416376,4782.34426021,13318.3765438,0,7
6793.72749828,6422.12711497,7045.37989686,3378.87626106,5792.2574939,6296.95487496,9173.52493138,15600.0145247,0,6
18027.3577833,-560,9573.50019911,11267.5758982,10135.166532,15536.4993518,7069.8135103,20415.643656,0,7
13672.1595713,-480,8902.41687829,4279.27022568,11816.1418097,9180.44307661,6523.11434357,11645.4998198,0,6
24841.8043608,-480,7360.82637049,13166.0731791,-480,10612.9534895,8207.56128758,4766.52739628,0,7
20908.2292857,-480,15475.8920705,9926.98146516,10708.0855136,15442.8474906,13399.6011507,16503.3537978,0,6
19488.2330887,-560,6231.50462262,2826.60677095,7633.71053852,-560,5779.45787915,5584.13882473,0,7
25979.6288218,-480,11697.9256142,8018.25951218,9342.16213758,13371.5933976,5933.90290764,7113.90808966,0,6
15626.0198513,3102.45005273,10718.4343514,3533.21645459,4169.04340078,5122.94433971,6837.7438295,9678.97941467,0,7
15306.2673963,664.970010661,7815.01181731,2549.13407494,16557.359656,8487.23737085,17141.1748397,9163.94009197,0,6
18584.1613279,-560,3861.84399571,10897.7666938,422.306204634,11509.8147457,16320.0842475,5827.55528243,0,7
27293.0052486,-480,11588.041045,12210.2132154,10622.4565792,8091.75547782,13392.3292485,8566.4291826,0,6
27676.1516035,1234.72349038,11629.0196994,5094.42156995,4878.14097582,7369.74414365,10980.7946202,12538.1813738,0,7
16101.3030591,-480,8935.75281898,10928.1302188,7277.79591288,10014.9249785,9471.74299562,9391.70553636,0,6
16405.5046865,-560,11386.6215418,5537.12542584,8939.21537151,8421.91489629,19922.9088358,18075.7921598,0,7
31952.9308318,-480,11316.4383916,9081.21233982,15852.9927105,15294.0375152,2286.06797364,14382.7066315,0,6
13856.7186595,-480,6532.79073956,1747.63964145,11569.2764649,13925.9826505,21202.2545417,12650.4860107,0,7
19538.8234121,-480,2334.92365348,17940.1189841,11491.1056321,10439.5464898,22126.0678023,12610.9101601,0,6
19970.6388202,-480,14701.81797,11741.9485722,14913.0483434,11253.7386807,15825.2202161,14924.399176,0,7
24870.9230153,-480,9082.05245817,6876.01656266,3962.80058033,11079.7687716,14759.5244719,8535.30384728,0,6
39585.2245823,-560,5211.44392489,9994.66849289,5202.5137814,12654.776314,16571.313773,7919.17431669,0,7
31766.575739,-480,4844.58133749,876.794390632,9137.62076615,6747.04084022,2469.33334836,13403.4754484,0,6
16220.1124462,1844.9510058,12778.6156868,9141.99621167,10535.5686109,9841.02991527,18053.7402427,12225.1722563,0,7
16013.6711943,-480,13013.282294,7419.42665684,5764.04421506,15260.7341493,2517.60847326,7168.57593743,0,6
17433.6299864,-480,18503.0685196,4114.7321259,8049.63604187,1988.91732304,15070.1926468,11294.8799873,0,7
28254.5233111,5010.91730144,13185.6099571,15905.064051,14343.0885143,1689.83434484,7921.68842627,9862.86629432,0,6
16224.5536106,838.682184151,5311.26311761,11836.4892897,3699.95004605,4853.87699097,5853.8441643,5925.05679467,0,7
20877.7198103,5684.27536813,9371.49514125,9072.06702181,6071.86517009,15567.3965165,11651.4475719,5543.7759399,0,6
17726.0487825,10558.7656235,19033.8793699,9766.56505862,11615.4323871,19241.4602343,9785.46894281,11964.6654429,0,7
13095.2360813,4199.12125033,7464.73473729,9921.94144072,9168.65078876,12278.46353,13297.2840493,12811.6197696,0,6
28282.3029753,1735.32354279,5937.45826282,17953.2246823,5684.09343796,15728.4843746,17482.7987251,9593.9422585,0,7
24358.1869046,4426.46554247,6731.939821,13693.748578,13338.7619927,10083.7923738,1970.5901012,12027.1034484,0,6
24028.0014483,5312.13729523,2235.27914627,6102.57966076,8636.58870404,7810.60512466,7823.98891986,8997.96521044,0,7
21704.7149888,-480,12761.1685311,9590.02376452,10713.517354,4968.80354342,-480,8639.77731196,0,6
26671.3719988,-480,12444.5882677,17613.6124559,8728.55901219,15141.4790941,8275.02421396,14791.9150617,0,7
20545.3691832,-480,15984.7168427,15190.312353,7503.78026673,2490.17618063,15367.0529033,11020.3629754,0,6
22039.2464592,-560,11578.9483063,10350.6330415,9979.36112374,9389.54683596,4908.93318198,10966.0590495,0,7
15798.7280399,-480,10254.9207683,9990.28936124,5611.90211007,1129.52020177,12382.0670064,-480,0,6
16408.9675925,941.423585691,7552.32100867,4923.54362968,10622.2366429,8936.30459213,12659.8238249,4904.7249276,0,7
22746.6510005,-480,15021.9505166,8781.32496806,18313.3304681,5263.50627232,9213.56222031,9108.94161265,0,6
24114.4696571,5162.6797276,6431.77544079,7650.29250548,7170.76031205,14034.9997437,6879.51962402,11590.5494688,0,7
31081.6237958,-480,12904.636494,16922.3305737,1928.03416322,19844.678047,19504.6052875,5578.92986229,0,6
31237.4288871,-480,8766.0585229,9485.11552753,6446.01156578,8753.06714842,13550.3029806,13093.9787743,0,7
23083.8951294,-480,13986.0286679,12063.805055,8081.55764015,14629.3915948,-480,4015.11599127,0,6
20614.5604761,-560,13617.505946,10777.1257332,10719.0829468,13388.5785304,1841.10624348,13705.8244968,0,7
26099.4536345,791.419418253,11586.546175,14646.7074776,12639.9019746,5333.34109749,693.69317895,17402.3965922,0,6
10380.9137501,-560,3742.55033903,-560,9942.88482812,7847.73173305,10290.1622639,15401.1373224,0,7
15062.3941787,5889.25489015,4377.80783178,7162.0544658,5034.2542962,10583.4664765,13285.5502804,9151.97307407,0,6
14962.2770725,-480,12012.1218031,7765.0937421,5741.70419404,12256.9158011,11544.7773262,9735.40485617,0,7
16024.5125474,-480,11376.1799503,9213.12108975,13452.836424,11687.3030379,7234.53183765,10513.8385746,0,6
26220.2363971,-560,12055.9548809,6287.0902897,9753.58150766,3068.1861739,13172.4722247,14266.0546323,0,7
19585.6554365,2335.85635649,6764.07723873,5104.80529867,13272.7215571,8653.04748445,9087.6598352,14315.3886667,0,6
13496.0241014,2683.18806682,7134.07265806,6374.31157027,7007.66485011,14277.840315,12097.4298391,15031.5730089,0,7
13165.8176296,-480,4082.17061643,9269.56531663,7298.77911216,3413.79008708,6340.43473432,5559.58182147,0,6
28695.9166436,-560,11193.1827721,6320.83939557,10576.2541035,15112.5203404,3217.93095818,8956.71458961,0,7
12976.888635,-480,9750.47785135,14064.9307768,16024.3912949,7349.65175519,5905.02662903,9550.21597587,0,6
31449.0133907,4251.03214653,-560,7822.9204456,2598.08675184,15720.9538813,9674.48468238,15189.4819865,0,7
21734.4979365,6173.01545723,7301.38268118,11213.2675532,2721.2362797,4735.41335914,9217.60033348,11069.3951157,0,6
12933.2459359,-560,2293.36262317,4201.26013905,4895.28750604,5764.44416399,4467.16303152,6731.61796097,0,7
16948.2694948,-480,11348.2979975,16214.6983541,16234.4576876,9260.77650487,8938.97859242,4821.5149718,0,6
29837.554302,-480,17494.1806021,18193.4018432,10065.8097338,1444.82320505,12205.8667527,11816.4616462,0,7
21541.0615166,-480,9537.05964894,4531.75192868,16821.3996873,16925.7378122,9154.12923008,13504.6596148,0,6
36383.0616144,-480,4123.58178005,7720.81218551,4491.15066724,11149.6047793,5536.54444691,4770.63186692,0,7
14638.1868614,-480,14210.0561175,8876.81863428,2704.71850255,14732.7484136,11360.5823337,8713.37491309,0,6
23738.0466537,1739.13794106,1661.57938358,6476.59988087,12737.4464766,18647.1950632,16114.9720267,9231.95891253,0,7
14482.1333423,-480,9062.97322117,7913.29599068,7108.71248835,9477.72517737,10562.152917,15739.6422717,0,6
18863.038578,-480,9697.62534501,14929.3300277,16123.2685925,9089.63307529,15732.2059622,9703.17805117,0,7
29607.7837422,-480,10013.4101326,12833.2709205,10201.4448335,15308.1381659,12688.4577814,7312.09591512,0,6
12759.6463715,-560,4150.88905452,9674.03419766,12266.538426,4780.74011664,4462.09037643,8481.517114,0,7
19316.7898746,7867.19723768,10992.6712282,19127.0447166,10755.3817053,18490.4814013,4825.80968311,10511.6466958,0,6
30841.8190217,-480,8555.5459834,14763.8739592,5192.7631777,11560.2427173,18179.3328235,13349.2722697,0,7
28892.1456844,-480,5748.78715704,12283.1259899,14996.6520157,7624.38346121,12024.5205232,2445.89051518,0,6
35403.9000347,-560,11555.3814847,12187.432927,12957.7163138,6888.92106277,26205.5384058,14833.5506539,0,7
30060.9866745,-480,7930.54722897,14466.502145,10284.3317681,10567.1687422,11433.1914021,14614.8287726,0,6
20779.6047861,7305.60955132,7276.61413738,11260.5191583,12197.855223,-560,15292.075379,18318.6228203,0,7
14669.4807679,5166.28913824,13686.5277343,12505.8220524,8106.10203597,10869.1269994,11735.0423804,7773.25736296,0,6
27736.5529691,-560,4692.41028204,10829.472514,-560,17857.832337,4150.42905869,14581.664351,0,7
33452.2977459,-480,7282.3384718,5548.85451563,9859.10803425,14359.5622533,5854.40266429,14367.6495328,0,6
20488.4375504,-560,15715.4672997,11494.0179113,13060.2356453,12753.1495876,4681.55120039,9636.23899451,0,7
18636.6126995,-480,6779.88867994,5269.77750833,13220.4540214,15269.9636767,17544.3165281,2821.96475162,0,6
17555.696492,3383.86467789,7070.5492496,8814.01011113,4387.80088253,9037.22307244,9504.41347918,2835.68743748,0,7
22036.4294316,-480,12658.942221,11252.0244655,7709.52580976,7232.11557392,5759.92961328,7468.48581031,0,6
25220.5675835,-560,8221.8228226,5979.49321216,12884.1279424,7327.63389487,5603.57594264,8691.10527477,0,7
27665.2418208,-480,13446.4630442,10976.481381,6048.44792686,11078.3002026,3540.14216137,7178.88074704,0,6
19898.8309128,12321.5580194,12811.4701566,12567.9875831,16894.5514051,12167.7735842,16089.9316538,8259.661831,0,7
17320.1963944,10876.1039993,5005.29244389,15095.5269091,7057.63239697,4711.5845503,14608.9546094,8056.43624888,0,6
17822.2013327,-560,13338.2299023,17172.9428742,8214.87864859,7002.52703565,9138.90370528,7438.79781446,0,7
20695.4399377,5342.5513985,-480,8577.06560764,14121.7233964,6771.30950668,-480,13970.5800591,0,6
20470.1607257,-560,2677.30125894,4104.97463499,10846.3056206,8673.32790294,4979.79231397,9463.49392691,0,7
15746.7772756,1855.82267537,12128.6391962,11221.0352316,12390.374728,8880.8588737,8587.42702444,4814.3049718,0,6
18496.2141059,8110.33371116,-560,8669.7541394,14422.8942522,6897.51435539,6038.11723412,13290.5904068,0,7
18677.4177455,1736.7798369,9184.30253738,6209.33256676,9058.03589512,3847.69336489,8740.41463737,7637.47179048,0,6
12742.8531781,-560,4883.99050189,9023.4613017,18051.5051343,-560,6348.61822519,8495.44957626,0,7
31760.163149,-480,3570.26323537,13060.5760362,12942.0206354,4209.43338233,7882.26200254,3669.67165221,0,6
19590.2416784,-560,13856.8385686,11336.5797922,5447.35186655,7258.58726695,10004.5078121,14567.4676244,0,7
18596.5391689,-480,12998.1422216,9524.38270319,11539.1715602,12726.0160597,15543.8215501,10788.7098589,0,6
11233.597202,4196.28744751,2074.49322275,11126.9070864,11074.0547057,2256.79953054,6129.11014066,6602.87699583,0,7
20903.5704579,-480,6864.82519546,3418.24006776,11620.316165,-480,6482.40853201,13598.3770173,0,6
27552.9064721,-480,12654.4180558,25113.6024222,9161.22735731,6308.13116976,17606.2211053,7759.48919669,0,7
30452.0082411,-480,8517.94839616,12279.4160013,21392.8085361,15542.0677685,4119.48628805,5203.41886525,0,6
17659.2293094,-560,16102.7801147,7115.16796975,6892.18137975,3423.54468696,8793.25464649,22916.8271734,0,7
13540.4520697,4057.76997517,11352.3134485,6248.46182365,17901.7654876,9052.75866225,6546.03979732,8963.12743586,0,6
27616.3083196,-560,18313.5243125,2692.14286138,13761.7738742,16693.7731401,14970.7557202,19445.5668904,0,7
32503.9344961,-480,9115.44543667,9912.83199023,10454.433165,6579.28700783,1689.39203511,7979.43318836,0,6
14360.3576342,4470.50956325,4119.93996969,5988.59615145,7468.22500269,8844.44967559,5843.02776823,4606.79545083,0,7
30455.0238409,-480,17412.1991026,9183.413153,18186.54519,20816.1796222,10602.2083876,10422.7004108,0,6
24732.4501565,-560,11577.9945049,10921.6133899,23968.2223969,18127.324151,10226.8245734,7409.43583044,0,7
18125.1440614,-480,12000.7687749,3576.89705295,11556.4512463,11820.560184,11473.1582237,21881.889271,0,6
12671.4661064,-560,6347.23671199,6604.12601295,8296.4163223,17913.110346,6082.51124421,13857.9442275,0,7
19926.2683115,-480,-480,6477.65933488,6500.7745385,11577.5260113,9023.18656325,11277.1329908,0,6
11001.3987067,935.19923663,5629.93037894,6772.40117724,17225.2608492,11492.5452261,7994.59305431,4390.24232505,0,7
21711.3615693,7698.52517891,11475.3965826,10535.5819782,9637.24349258,11337.9674625,5019.81237089,2539.63542463,0,6
11686.326418,5895.22895792,5589.0245278,6155.09382319,7077.20423062,12524.8890674,6780.82962108,11696.1030114,0,7
22364.1185569,679.538020128,3014.9558695,3622.70264327,7009.24272961,7190.03395476,4528.66450601,7371.65294085,0,6
18162.7203809,-560,12796.3791804,11839.1235954,6615.19460936,18829.9735294,20794.6361376,6892.2019567,0,7
19042.563612,-480,8215.20164837,11907.3626413,8067.34623877,9291.83003043,11773.2161056,14115.9043463,0,6
15617.9686586,-480,10910.8118862,10183.5693774,6563.41896491,12396.4922797,13000.2885606,4585.25452476,0,7
11708.9895598,11814.1758894,13175.3342183,9908.03704185,8290.62655333,7587.42234699,10850.8238875,5138.88793036,0,6
26187.2721885,-480,7206.35274099,8980.40947414,3522.34099724,13973.890629,15974.3124641,6414.30944361,0,7
14758.6008368,5099.44799016,12149.8048503,1353.53920515,7882.17341365,12575.5206056,7088.89082635,11958.3449421,0,6
18890.6005146,-560,2871.95729684,13679.8546956,5368.18990696,7403.19738738,5467.32434276,11251.219001,0,7
29939.3910702,-480,9492.12521855,8939.77902994,17318.9924884,6193.28224935,8852.5208058,15325.6064251,0,6
11612.447971,6204.43378866,3188.04063684,12155.6860211,9979.4155118,1612.86082611,5311.04808096,10756.4875338,0,7
15078.6080368,2829.7133697,6594.04668872,12104.8685889,8072.67432195,10428.0655837,10843.8424679,9440.05944259,0,6
22458.5147531,-560,13678.8982623,-560,18755.5453651,10234.7393305,3996.56307541,953.442491229,0,7
23174.5043112,-480,14096.3184534,14107.8883973,8426.43288851,11292.6251378,12173.3927607,17749.4174815,0,6
24991.9805921,-560,7992.32174796,6758.33239628,11072.2474806,3172.55820178,17332.1269245,6504.65611979,0,7
15427.3086794,11157.4044037,2138.87593836,8558.19024689,6953.88220004,8493.85391527,1896.19357724,7282.01368317,0,6
24380.4666597,-560,8766.59327704,7453.44528391,6403.20746138,6062.1812894,2593.0631294,20693.2379648,0,7
25260.8714998,-480,10904.4244958,9576.2390476,12068.8672759,14403.335123,19112.3670017,6988.37099047,0,6
13414.6884759,7121.73294404,-480,5438.8352594,8379.52952424,9924.43296929,8534.6466392,11530.0639512,0,7
25052.9555118,-480,10547.1663659,6203.9533806,15184.6913248,7723.61607317,4905.88474681,6672.46894355,0,6
21206.5913116,-480,6119.300109,9704.99472437,15230.0860664,11478.4346695,20753.4788884,7013.61105629,0,7
