11024.3810838, 3100.28505087, 10421.6229851, 3937.5674716, 25740.166907, 30676.8791236, 24922.2658854, 16397.3929646, 0,80
25361.7825752, -1260, 30669.3546559, 26169.4921449, 21484.3243237, 29771.2472993, 19433.8272765, 16506.4116932, 0,90
13955.1457128, -1120, 22210.9474491, 32442.1616782, 9583.28448437, 22138.0528428, 12020.2395621, 37741.5318413, 0,80
14776.4129951, 7627.56150347, 17719.5342358, 15498.9730099, 20779.2722004, 18310.7133073, 33725.5579024, 28498.9070366, 0,90
26047.179626, -1120, 27951.4170635, 10569.5124729, 21895.6987095, 12981.7082523, 16087.4257412, 14521.9697504, 0,80
12531.3794685, 4837.16118611, 10219.9940489, 16884.2129659, 14879.7489598, 9613.55011424, 13041.2798151, 32039.3986218, 0,90
22899.8943018, 1782.30539128, 9877.24484705, 22110.9207723, 4336.48156372, 21793.6543005, 29299.7702328, 17633.0829053, 0,80
19281.3110895, -1260, 17753.1516334, 21236.1060207, 25023.2499949, 23204.8319442, 25070.7025011, 35629.0499898, 0,90
22237.1644987, 6494.32164389, 13322.5093908, 29711.6902081, 29677.2538947, 22144.4339147, 14037.3487633, 26411.1879538, 0,80
12319.7051363, 9228.91485791, 10524.5112083, 11844.99499, 15943.3694285, 39318.5031277, 20393.267239, 18433.9384323, 0,90
17379.0597158, 346.139377273, 19198.9688646, 20168.9329992, 26110.983206, 32987.3042493, 20214.2821076, 27357.4555663, 0,80
19177.9262002, 2331.621367, 24819.8098301, 13999.7708678, 26562.2884531, 32458.4031589, 24155.4010025, 33367.8442528, 0,90
19984.0095958, -1120, 11969.9296077, 16421.7978579, 23729.4036479, 19336.8776705, 20149.8507546, 25757.0182945, 0,80
10105.029815, 5608.4255587, 14282.6763481, 13506.0386634, 21281.1264786, 37360.6202857, 23682.0377821, 16855.1282267, 0,90
7419.08728348, 4377.99997868, 12187.8717238, 19539.6395072, 17527.6239797, 20579.290344, 19112.4879852, 18867.7962131, 0,80
16399.9575142, 518.045160099, 32777.0303651, 23010.1243975, 44586.8943889, 31777.9035225, 14673.0225429, 23309.1835794, 0,90
13583.7424567, -1120, 18681.1731518, 23176.8528263, 11652.7801771, 22867.873258, 18276.5617003, 17143.6017016, 0,80
19105.026507, 3163.82844533, 4445.1900093, 27236.6164464, 22990.1668033, 10432.6005201, 29961.8678936, 26634.688357, 0,90
19687.292325, -1120, 17878.7694836, 20644.867352, 25826.0129705, 22379.0464488, 21613.7138967, 17077.5076659, 0,80
15224.6426756, 2121.9291499, 15461.9268144, 26064.2186317, 26247.853017, 23165.3630882, 19627.9881011, 27899.7497546, 0,90
12299.9847854, 8529.46310362, 8001.93021227, 11859.0643412, 14874.8894043, 21348.8628942, 18731.2148969, 25780.0436165, 0,80
20372.1748824, 3975.56622861, 12177.6130836, 22216.4167925, 20461.4432624, 14139.5276918, 21214.722763, 12384.1190294, 0,90
15853.318641, -1120, 14950.5121939, 5731.03122612, 20875.9917233, 8688.90573547, 24412.8344115, 28399.2393213, 0,80
15350.5878922, 4723.88058766, 14201.7937411, 9119.5536302, 16000.5432935, 19311.9354525, 27817.104469, 20810.9425657, 0,90
22429.6338726, -1120, 22618.9998403, 21020.9548045, 21477.8209982, 12182.1622748, 33958.4546631, 23952.8037875, 0,80
9657.80959606, 4079.97089273, 22310.7839388, 10725.9409733, 14425.1668885, 27694.512373, 18024.2335411, 6082.56611784, 0,90
24845.127693, -1120, 25716.6211607, 13298.207741, 16634.5507936, 9904.64001901, 35540.130313, 33330.0046225, 0,80
11289.6207659, 4332.619976, 15905.0663849, 19029.6007659, 18108.2578567, 30654.8333703, 23898.0376128, 24277.738736, 0,90
18679.6486026, 217.418253257, 8458.10558503, 20043.2463326, 9400.33274618, 21003.4530559, 15293.8276484, 18734.828131, 0,80
24461.4272186, -1260, 26681.5352509, 25962.9286917, 18491.2283855, 36374.2765904, 21641.2301267, 40034.8416863, 0,90
16471.4227599, 2316.9761356, 14679.3125278, 13912.9260245, 17752.2881799, 33093.2777594, 12823.177364, 13829.9278832, 0,80
23528.726361, 5830.18028161, 21669.7648406, 28200.1385632, 12484.8983795, 24501.3791812, 21002.0501769, 25789.2130329, 0,90
19650.6084231, -1120, 22753.8203558, 18508.7557572, 18760.4361332, 11543.6740779, 30377.0285031, 6555.20519705, 0,80
17530.0020922, 7365.55517481, 25594.6260133, 26968.7420771, 23660.8782084, 31068.6403152, 15183.3691168, 14169.0757404, 0,90
15753.5273435, 3543.59691513, 23312.8542092, 11291.9737159, 13329.6992312, 18331.0376578, 40609.7923765, 24118.0028277, 0,80
9464.25124754, 814.032532762, 9076.15025158, 9024.83491232, 12068.1686366, 20720.9247869, 15933.0334178, 19587.4028105, 0,90
18636.5853009, 2540.83262765, 29560.9792849, 16973.3222712, 3587.83716355, 18035.9050212, 35408.365715, 32886.9097261, 0,80
15991.8856556, -1260, 26259.3337978, 17589.1019622, 24721.8010985, 26902.341444, 24309.9748247, 25967.7483309, 0,90
20001.5225236, 3495.40869232, 12145.1768925, 32056.6836999, 23137.4423349, 18974.6055252, 35495.5915651, 20588.961663, 0,80
17124.6081922, 3041.05064645, 13705.5175487, 10692.1492535, 25427.4457325, 26186.8801668, 31338.2430932, 36264.0763982, 0,90
14560.9621012, 1756.57005642, 14034.1939702, 20569.2843656, 22186.9188285, 17252.3615836, 16627.6542814, 16433.3103543, 0,80
9666.2092198, 7948.49772171, -1260, 23073.2435524, 12993.9026172, 7049.16938461, 28514.5002152, 24453.4617939, 0,90
13768.761368, 8060.58182766, 19729.6149587, 23314.4542804, 24878.6840248, 19417.4884332, 29653.9894083, 16661.8227169, 0,80
23442.5445101, 4673.0364775, 17700.0220281, 21903.8535801, 22540.4942157, 40390.1240381, 30860.9644869, 27402.9073361, 0,90
10899.0780226, -1120, 14259.006252, 20124.5880438, 24967.7741879, 11203.6867617, 22101.1516973, 22392.8690271, 0,80
13892.8868387, -1260, 34216.1485472, 15452.0064302, 26467.7185466, 17014.8745719, 24267.117188, 24745.8777908, 0,90
24288.3110401, -1120, 24678.7875211, 12890.6200649, 8814.38566414, 29156.9621327, 37143.5515446, 10493.5184058, 0,80
26085.8750205, 2516.46743111, 30941.4147617, 28662.2433788, 33348.0763292, 24063.1651908, 33919.5130558, 18928.8749583, 0,90
21129.3396407, 1782.02331102, 22546.4806193, 15682.2275482, 32444.8668995, 44464.2400174, 22758.4240686, 30317.9470067, 0,80
20738.7250464, -1260, 16569.9343567, 24310.8024987, 18080.7534104, 16937.4507256, 27706.9447401, 25772.4778079, 0,90
12760.2140653, 10410.7295614, 18328.4726746, 21621.9556223, 8937.28427736, 33496.3221798, 34886.2229822, 35015.0458461, 0,80
16301.5799412, 6641.23158335, 16663.3940497, 18592.1611501, 11883.9397857, 27714.9885071, 20200.9284809, 17547.1296926, 0,90
17071.4449691, -1120, 19384.3366231, 20416.2569905, 22279.7443519, 20734.0185109, 20586.4489372, 29927.9021109, 0,80
24307.8824579, 7004.55867622, 15713.3018908, 29437.6001227, 27558.2494094, 28401.1182321, 27229.9181685, 25763.9764975, 0,90
16365.5977953, 8963.03241155, 14892.5182534, 6394.59249615, 21698.1437728, 16110.7126809, 16870.0573194, 23558.6768376, 0,80
22409.3807699, 8131.17583973, 14333.7303997, 25641.8053382, 12688.7465151, 32780.3479841, 16213.6849543, 26861.0028036, 0,90
14302.5880167, 1669.70654787, 18144.4443416, 9711.85833769, 17476.5005104, 31527.4232392, 23634.7526323, 18635.0796906, 0,80
12651.0600587, 6225.35179293, 14808.2106048, 19237.3387257, 20916.1627446, 12011.5721824, 27901.9373645, 15281.8126543, 0,90
10845.8457984, 2913.82351666, 12599.1392226, 18103.722599, 19592.5322938, 28532.4314992, 19491.9431645, 15439.9174219, 0,80
6981.5773999, 5425.87281617, 18796.4627917, 22710.5712682, 17541.6850053, 23216.3695814, 35721.3112931, 40223.1935207, 0,90
18297.6213929, 1517.8049685, 23496.5246643, 14480.4555839, 26641.834174, 26959.0931562, 30845.9277727, 19396.9501203, 0,80
19687.1214282, -1260, 30937.5791035, 12053.5043874, 30475.4259001, 23280.4955306, 24437.6404262, 14849.3476166, 0,90
12118.3561231, 3216.80504475, 17620.1359139, 12146.2087985, 26288.1433097, 40527.4937917, 13562.2818715, 19746.5750503, 0,80
10821.9622286, 7667.80895908, 14724.4622986, 12975.8935142, 9400.23000055, 5207.11258083, 26621.6746485, 20367.3597369, 0,90
13484.8972619, 2089.16839356, 22095.2337106, 4093.96377424, 36012.0798467, 16966.1790257, 25654.5263186, 30830.6802982, 0,80
17997.3171041, 3693.80537223, 21292.486429, 15869.677631, 26665.385872, 28588.9294425, 29653.0825319, 17226.0902557, 0,90
22287.6352718, 1533.26690528, 18476.9989514, 26645.4991319, 16838.1647604, 19659.8118025, 20507.1432823, 25264.6399765, 0,80
18355.2352434, 4844.14414446, 9142.24756914, 25164.4919079, 28551.4457375, 26638.6602096, 24399.4366777, 17453.4437453, 0,90
23188.4509185, 5414.54073282, 5814.59748282, 25736.4353175, 24693.4089534, 18069.5260969, 15748.5361676, 27208.9433395, 0,80
19345.7777174, 6647.16819455, 14176.5381808, 10907.663928, 26783.1872378, 15253.6941264, 21790.2458472, 24825.279265, 0,90
33095.1168382, -1120, 21266.6759019, 29762.4203289, 15083.1450415, 14817.5659672, 25012.3754242, 16653.7071478, 0,80
6684.30716613, 3675.91701388, 6611.77219796, 17865.5491366, 14201.0054662, 32346.1148491, 9403.23376917, 23792.6494486, 0,90
17718.7799984, -1120, 22363.7530436, 8464.17167597, 33878.5666858, 21040.0961929, 18097.8765011, 17007.9249851, 0,80
29706.6316066, 4309.85451196, 24866.3317365, 9963.13842026, 15855.449708, 34985.7060619, 21281.1941783, 25478.5946623, 0,90
12432.9918529, 6296.69149847, 6072.09125449, 25922.2628267, 23466.7026447, 21183.1705003, 32180.4117247, 26472.9964347, 0,80
19569.1090417, 7107.74805767, 27414.7186077, 21337.4465681, 7930.45861829, 21182.0974842, 34642.4752591, 16975.2926342, 0,90
20903.795691, -1120, 20157.2965469, 27034.9408412, 21698.7943253, 25017.1096656, 15124.0439374, 17089.2036414, 0,80
9287.82379566, 506.015434953, 20621.8446332, 14415.5005675, 11094.4055192, 20177.5679048, 25156.6417219, 17096.1259711, 0,90
16545.5590881, 7865.66348066, 20599.0054024, 11637.2647363, 25136.762322, 25818.0283347, 24739.7663181, 39890.2837602, 0,80
12667.4351723, -1260, 27062.3750285, 4441.54085957, 21318.7976721, 22346.8364515, 36414.4356976, 18994.4449516, 0,90
13993.3234118, 5795.95276591, 14293.6954959, 30299.5450497, 20562.0508868, 30406.2168473, 19944.8789769, 18204.9049922, 0,80
11992.0197292, 1366.39820716, 15345.8392118, 22449.2888197, 22730.567115, 14906.6264823, 16632.7598354, 25272.6301575, 0,90
13193.7460739, 5012.13037236, 6857.97829657, 7995.23446013, 35224.5396051, 12443.8032957, 17394.5693297, 21390.1926737, 0,80
11637.6315978, 40.6939945138, 26602.88596, 24972.4815164, 33659.1880488, 22073.5594324, 14173.0212382, 16983.8858195, 0,90
8340.06850012, 12322.7962118, 12121.8196792, 15155.7077015, 21093.5001441, 16106.390623, 19579.4848201, 24789.7914428, 0,80
13284.0583746, -1260, 16056.024478, 23329.1087693, 21647.9374589, 26653.3541566, 20464.6972554, 18292.0683686, 0,90
24466.9868888, -1120, 18578.134286, 30079.9207255, 15914.8326961, 26862.3016367, 23609.5938421, 34419.3575757, 0,80
12086.7459055, -1260, 18040.3750129, 21697.817352, 23044.6224255, 35327.3237163, 28406.8290309, 8454.2371054, 0,90
15211.5145617, 1815.54074122, 13633.1711508, 23405.4776642, 22722.2861509, 29190.9770757, 28957.3329877, 28198.8272162, 0,80
19592.7998897, 5006.0100933, 21069.6859782, 17095.7100102, 20226.6859026, 13808.9022517, 28925.6890623, 11595.3578983, 0,90
6743.58917629, 12582.8437838, 19642.6210208, 23410.6738188, 12744.0127586, 29274.4835894, 12080.0584469, 18207.4912673, 0,80
21573.6089658, 5791.66831177, 6813.70907971, 20314.4258758, 10303.1005754, 24833.5083209, 18598.9041208, 23217.0200291, 0,90
21752.2551193, -1120, 26480.2058928, 24787.6535066, 12362.70918, 23725.8046658, 10349.3755893, 31039.2452119, 0,80
13603.9412329, -1260, 14374.4839441, 20468.6038308, 21754.2201791, 17538.774789, 29408.6154677, 13191.6751884, 0,90
8692.02878294, 9293.97327287, 18882.0946906, 18054.3663167, 20513.6962975, 16876.9318047, 16961.4003173, 18784.8357375, 0,80
17321.1380043, 1363.95023805, 27160.3005585, 23749.3343733, 32568.6480834, 28378.651915, 19341.4188932, 27304.4701907, 0,90
18189.5493405, 3119.13365618, 15266.8668113, 8375.14766919, 11392.9278752, 24108.0959505, 10601.0229939, 33623.085535, 0,80
17812.7395272, 2713.32000699, 19157.5022391, 26364.0051956, 27036.6025126, 35244.0839667, 23865.4157433, 10859.2177871, 0,90
18528.3977539, 7398.16489908, 18910.5498868, 21020.2840395, 46641.5600028, 18445.190294, 22412.2274389, 22262.9657739, 0,80
13352.4327128, 3651.01213889, 23487.9354853, 26135.2895355, 23487.0566643, 25615.0075718, 15013.0081795, 30494.3859918, 0,90
17114.8092608, 1082.17257809, 21629.0680523, 28349.6999428, 20999.8588836, 20273.1040819, 14887.3189197, 24433.2223936, 0,80
12421.203517, 7215.47102016, 22337.3483993, 10069.6220752, 32984.3205791, 19262.4043638, 17077.8858618, 13400.4768687, 0,90
15833.8898734, 8771.55039879, 17139.3454682, 12821.3133725, 20572.6769151, 20085.8465757, 26907.2124772, 17231.106597, 0,80
6942.9188535, -1260, 18494.0525996, 9453.31718127, 8329.65756177, 36408.4008826, 24575.7715671, 19346.6055334, 0,90
11910.5878151, 1382.48202863, 26042.4738035, 18527.7640894, 34868.6961787, 32824.91369, 20733.9428895, 21899.0907644, 0,80
26960.0296847, 6119.29336267, 15604.4980495, 16580.1608053, 25174.1802815, 36128.8075232, 38691.9488866, 31151.0455911, 0,90
24988.5092493, -1120, 20092.4667227, 11782.4069826, 35486.6865725, 20600.2938376, 9463.2162115, 20654.8888071, 0,80
13821.6906423, 3565.07597155, 13174.4206301, 9983.01085949, 29481.0833692, 28739.271554, 17054.9911589, 26900.4018642, 0,90
12913.7680076, 6341.35970406, 21711.0622588, 10908.1829378, 23417.4993376, 24563.070742, 18991.5719756, 31264.3708297, 0,80
20504.8662779, -1260, 24387.6546255, 15581.3221689, 10581.6638582, 24164.3620505, 16200.2640746, 17385.6959741, 0,90
18807.1058232, 6597.13791975, 22063.3678261, 17406.9734311, 22728.9568099, 35694.090756, 30901.1167212, 15342.6426971, 0,80
20326.2114274, 8449.01759839, 29982.6908506, 19100.7897985, 23679.5927905, 16898.3649391, 15796.8813151, 20322.2268616, 0,90
21400.8237973, -1120, 23253.1254029, 25299.3170275, 26346.4127854, 17179.5303977, 17495.326594, 20549.8635716, 0,80
16826.5985668, -1260, 26274.4175467, 18103.2301473, 19811.7426528, 16031.9506971, 24917.8048871, 25319.0710388, 0,90
18313.3920623, 4184.82552793, 16050.7101612, 14912.2653634, 33299.3777176, 24869.782608, 16733.0525752, 32772.3974073, 0,80
11484.6176842, 11869.3575666, 23149.1017743, 28457.5414028, 9799.90049939, 18424.4797949, 22589.2432849, 33831.6220976, 0,90
20181.9108992, -1120, 26963.1247589, 4137.90489834, 13846.8912231, 21218.9997228, 25596.7697642, 21667.6064951, 0,80
16486.1356298, 1545.63234157, 13651.7128638, 21346.1453375, 14796.8766963, 21912.8033017, 15093.3374079, 30346.6394274, 0,90
19677.9653637, 2699.33648801, 10809.4027489, 15613.9157729, 15025.501677, 24773.3659131, 26210.483427, 22121.3439558, 0,80
15046.4016778, -1260, 23790.5750191, 18359.2114354, 19825.8450744, 10395.578956, 28991.9548704, 23568.3538985, 0,90
11070.8387173, 1882.48739149, 13103.4427466, 17184.5499292, 26550.1763815, 21461.1402055, 23248.7610974, 19693.8287051, 0,80
18166.469184, 212.619689947, 14032.5862748, 6250.28451992, 19761.6002663, 24731.1023408, 9773.46686888, 17004.7995679, 0,90
10895.8790767, 2172.9068522, 27346.6047264, 8695.88742683, 19269.7416494, 15178.5381641, 30657.5721589, 27689.4353044, 0,80
10840.1553212, 5945.06285043, 5885.58151254, 21511.0457839, 15486.9839398, 25800.882459, 20768.9787296, 22552.4195342, 0,90
6114.23752454, 899.752636779, 17683.4949187, 19789.8626216, 14751.9058151, 10491.2067765, 8816.28337602, 30871.4972727, 0,80
18649.0928984, 3254.05970547, 8453.73188152, 17352.309897, 19750.6717229, 33345.9998821, 28928.3581891, 18433.5714353, 0,90
21706.8868851, -1120, 21516.3745786, 36016.9154173, 20683.4109663, 23022.9668458, 29114.3498237, 3224.92435802, 0,80
17365.3587019, -1260, 15335.2596868, 10386.115975, 30033.7606853, 29631.154368, 27118.2867919, 27475.9790205, 0,90
20858.1385887, 1698.4975335, 12177.7913437, 16717.4692193, 22696.2309327, 21343.0947899, 27251.2811315, 28589.7334666, 0,80
13858.329122, 2257.67787448, 19145.1460945, 32543.6120166, 18436.4908514, 34048.126751, 28579.0959466, 9080.2894489, 0,90
21050.6850631, 3549.4541895, 12304.9895312, 23860.219951, 19497.8405549, 31807.0780442, 36300.7650866, 9561.75789085, 0,80
17141.4353187, 8646.4377145, 28454.4993155, 34752.3429658, 18018.4228785, 34380.4448308, 27005.5291113, 28085.014282, 0,90
10325.5615272, 2917.69605895, 15237.7891683, 20440.6277441, 18992.4907507, 24389.7158319, 35366.1318712, 23137.5290134, 0,80
12647.8292597, -1260, 23996.4898, 16688.3911522, 32787.522581, 10763.1922736, 24180.4521271, 25623.1035699, 0,90
11650.67161, 5715.69674826, 20553.9620876, 17980.2362873, 21849.5980008, 26318.8217831, 17933.4025238, 22636.5289202, 0,80
24842.5651343, 3875.31930175, 11702.9196376, 30364.1562601, 17915.531004, 27018.9465588, 9345.23972548, 28711.1749036, 0,90
32510.6313708, -1120, 20746.1814721, 27895.1402591, 32417.2578571, 23009.7427979, 28634.8255002, 22469.0597671, 0,80
23481.7075281, -1260, 26318.9264251, 21457.7794926, 22462.4975185, 13519.2414295, 29567.0550651, 18722.7062234, 0,90
15627.8914537, 6742.67818606, 31058.9361143, 4799.31090318, 29936.6248049, 8415.50784699, 41664.2892311, 17882.5301437, 0,80
12292.2908579, 17637.4785554, 26478.452032, 24849.466203, 28120.8406652, 22259.6752678, 27058.8135275, 15345.4880073, 0,80
11981.101878, 4803.65727314, 14839.2530404, 13669.0392932, 21233.0744596, 35491.3710808, 23835.1383512, 18784.4920546, 0,90
18759.107073, 2903.61856447, 11739.9157457, 26590.9826974, 22871.3380208, 24499.9488676, 23166.8692225, 27579.6206647, 0,80
11137.0819809, 8494.36538494, 9520.87951055, 16392.8915656, 18384.4062105, 18712.4235744, 24962.0318799, 25802.4354593, 0,90
11746.2588765, 2926.23776988, 5409.18853753, 19903.6931712, 30704.0828385, 16394.445827, 22949.5300056, 11825.5150201, 0,80
7861.02805019, 8253.52075583, 11379.9809019, 22212.4752546, 19750.1006076, 13343.9449588, 15425.5128119, 25421.6171912, 0,90
23547.2580973, -1120, 14754.6834, 22947.2697483, 12803.2632174, 25823.9832178, 18318.838879, 21721.2701487, 0,80
14192.8892758, -1260, 24048.4046803, 22337.2845851, 28837.774107, 17321.3773099, 23434.5265015, 20561.4548569, 0,90
6936.4555886, 5726.32031524, 14477.7601638, 19235.6714371, 20356.8040901, 14996.5042434, 15120.9921385, 7198.78214318, 0,80
27219.956103, -1260, 14111.2688204, 29387.520566, 15882.7471892, 32633.7968094, 10130.8642416, 14480.6783294, 0,90
19390.7122831, 4005.70735718, 11001.6189185, 18228.0898252, 16366.5159664, 21491.6070529, 13641.1498716, 22529.0742491, 0,80
16004.1685891, 6067.2300954, 21187.4539311, 2790.21343473, 35377.1884068, 30068.9657875, 26607.6792879, 9243.85548991, 0,90
18317.5857717, 4579.39112155, 8478.40588744, 8410.66433962, 22162.5141526, 17232.4799877, 24109.8317363, 37842.8408876, 0,80
16993.7186675, 2714.30568443, 21240.6928204, 19174.5303841, 8423.39907666, 12681.5366221, 18616.1038154, 33182.5794717, 0,90
22311.9002615, 1512.62255622, 27299.3001232, 15507.6861767, 16957.1505483, 21057.3628042, 13277.4077718, 31625.1406003, 0,80
7623.90983996, 2982.45966157, 25429.2376651, 10109.9856771, 24183.5963902, 14986.7907697, 18197.0327148, 20927.2927704, 0,90
19495.9803737, 4735.29755847, 17369.3531421, 22798.6547509, 16982.58928, 25920.6579396, 25511.0951597, 30896.8240273, 0,80
22630.7682376, -1260, 25195.0374673, 11153.0096858, 17803.5910872, 21009.491001, 23985.926469, 30284.3864659, 0,90
19498.7770199, -1120, 28621.4224812, 9787.93803644, 29117.0627305, 15326.5469391, 16298.753011, 14388.2692998, 0,80
10786.4739147, 1112.68237284, 26597.4591889, 22070.2135836, 17985.2252218, 13249.5378539, 29088.608955, 19198.6712462, 0,90
9642.97901382, -1120, 28192.1921359, 13167.334762, 19490.8415439, 10336.6600992, 16014.9272708, 19388.2059732, 0,80
12190.1525521, -1260, 17251.7412797, 17101.7423081, 17955.6201911, 6961.17862322, 15355.9955826, 23365.8101214, 0,90
16536.588528, 6947.33278821, 13608.1891721, 23813.0891376, 26665.9665672, 20208.5117724, 27006.7344491, 12463.1272943, 0,80
18861.1253049, 1353.84887369, 11744.9583187, 10155.331278, 20972.3926571, 33242.3125774, 11098.8151866, 29169.2196008, 0,90
24729.325108, -1120, 17123.3292341, 15286.7659971, 27803.9399241, 26417.8428609, 15732.5763555, 29030.6642729, 0,80
10412.381569, 4735.1132695, 20646.1023933, 19516.0605162, 29089.3450569, 17372.8333672, 19737.5246055, 21928.6485828, 0,90
15473.6196944, 3422.99658156, 26332.197492, 15598.3727864, 26333.0038377, 17125.1496725, 23871.7686434, 30289.6650188, 0,80
23025.5198491, -1260, 31613.5325463, 26853.8737896, 21669.3338327, 21758.678167, 21401.4662032, 21011.8654344, 0,90
21226.1186549, 1698.02047532, 5403.39826315, 15902.3685791, 17744.8962786, 13318.4187084, 31389.3225595, 13567.4132144, 0,80
13449.2686433, 8897.18755842, 28965.8733175, 20278.9711312, 19299.9637686, 36393.8706983, 24697.3861685, 27838.0236616, 0,90
16813.7068933, 802.401131222, 21597.112063, 14071.2453401, 18502.8230161, 29929.655304, 17409.5140375, 24030.1193714, 0,80
20709.9414291, 1768.76515741, 26403.2835447, 27347.598963, 12884.2907003, 12721.6403026, 22606.7421408, 13765.9279686, 0,90
22806.5753297, -1120, 17736.3713982, 25787.4992414, 10276.7086202, 26675.0060385, 17734.6802452, 33157.0909426, 0,80
23057.4865505, -1260, 21656.0030393, 25686.3830329, 23042.14656, 13205.1422896, 21652.362909, 16706.6993653, 0,90
23640.6491209, 1197.79607061, 23627.226303, 17796.8640748, 25246.2885771, 25468.1280278, 20900.9476059, 30132.2671313, 0,80
22332.4618598, 1615.90857672, 18536.6084656, 23840.3170413, 5635.39326014, 26913.6954052, 27540.6395543, 22424.6695092, 0,90
13312.529371, 8638.94679007, 21523.7645435, 22704.4275567, 13578.5742938, 23127.899538, 19411.5582773, 21887.4014701, 0,80
10667.2036194, 5122.61180544, 12478.7984427, 13025.6973793, 25163.7863265, 15514.2136724, 31400.7072306, 29559.8635271, 0,90
5567.24027695, 7462.82738444, 13755.1232336, 17232.5636269, 18583.7984533, 22650.5780811, 18437.938314, 15544.0903361, 0,80
13874.748911, 1802.86228514, 17328.0267834, 5575.08024048, 21088.5838234, 21960.6561838, 18646.2449088, 22529.1314108, 0,90
13330.671537, 13924.064658, 17416.7877989, 22350.4155454, 13044.9169442, 23918.8203539, 24467.5620134, 7435.071137, 0,80
29742.2052938, -1260, 26023.3712921, 7185.69544885, 24532.3402351, 26888.5476454, 31507.0721356, 16910.3591586, 0,90
15364.6164243, 7147.41758441, 17062.1373122, 15596.5513618, 13049.9749588, 28438.1120365, 20476.2446249, 35671.3266449, 0,80
9246.10368954, 2253.46237268, 16363.66585, 22280.4110433, 11946.5194985, 9379.07384347, 25479.2653091, 22425.8838356, 0,90
15657.3904144, 2847.04513056, 17217.4146312, 23579.0655666, 17581.0320221, 12531.9080232, 19022.0072108, 21599.0561076, 0,80
26374.761845, 2502.00990138, 17488.5341038, 22654.9699905, 13101.0857865, 32821.5071503, 26366.0791821, 31693.654082, 0,90
20674.2225446, 6152.35173013, 23530.5266407, 18359.9481866, 37715.0699736, 10447.5160329, 13443.8090907, 21256.6564962, 0,80
22425.4470705, -1260, 4374.51688447, 30974.8795136, 23920.4687163, 29200.2235759, 26346.7077478, 24159.7309562, 0,90
18194.948003, 3984.78866401, 17937.9509856, 14211.3493453, 7437.1684602, 24022.9115728, 19566.2431609, 27190.036548, 0,80
9763.74934237, 11352.1271363, 19552.1029994, 30445.3112641, 22137.675218, 17099.5254406, 19165.8501664, 14287.8165614, 0,90
25108.045765, 2427.96884408, 19427.8475412, 16687.6644904, 14996.7861495, 23591.2145151, 26565.6147519, 15977.3499654, 0,80
15128.8177478, 4531.28959087, 12440.1508605, 12026.1208325, 26086.0444623, 21206.8943024, 22211.143678, 30644.375163, 0,90
24149.5536317, -1120, 21061.5997151, 27320.2796439, 28439.1631018, 14809.4076426, 19197.0197269, 31611.9455611, 0,80
17294.3940808, 2264.17499349, 22827.4274413, 14174.6649853, 31642.9592425, 20648.9794037, 24237.4768485, 20337.6481831, 0,90
20618.9084911, 6423.23578315, 14698.774027, 28884.8668661, 24371.6680063, 23785.2984669, 19199.5682441, 26863.2129631, 0,80
14778.7956617, 1318.46431077, 15198.7976595, 15919.9843298, 8735.6222269, 23600.3266686, 23361.4694194, 33771.851872, 0,90
13495.0561193, 3673.00844643, 8570.66984719, 6838.7797069, 20188.7610897, 17603.612375, 18455.0310706, 18485.5612543, 0,80
8547.95585467, 1873.95190568, 19957.3360415, 17986.951414, 17545.0800856, 12766.6145749, 21171.2340824, 17330.9048679, 0,90
18465.8184431, 2748.64008423, 15035.1862763, 19066.4270409, 24772.65194, 25336.9900795, 31323.7211064, 18742.6522264, 0,80
27186.6799284, -1260, 25872.7026781, 13794.5179189, 32340.4167532, 30063.8794128, 27222.4363934, 35074.6964244, 0,90
22295.6984169, 3355.40725384, 8311.65494786, 18120.5851969, 23982.0810434, 24063.5186971, 25300.1618294, 29690.5839722, 0,80
8082.63706697, 6153.93639442, 19045.8678669, 29128.071596, 20701.3208438, 19316.212288, 20224.3630727, 21047.9537477, 0,90
18206.7172126, 4119.51725215, 7085.31586354, 19027.0476054, 15041.0108258, 24407.7673794, 25355.0152477, 20987.1318679, 0,80
20175.3864105, 7491.29674125, 21165.9731748, 14965.2680009, 28467.7023565, 19011.0173262, 23001.0942446, 35834.3623044, 0,90
21595.7544141, -1120, 31562.5426464, -1120, 23513.1474971, 25786.4282829, 20728.4302394, 15110.865559, 0,80
14232.0513774, 7632.70176522, 13219.6399535, 16420.5245589, 23626.9518203, 14624.6565004, 21117.1937309, 19830.8150257, 0,90
16735.7615667, 6708.11299606, 10806.1570954, 22255.4543624, 17047.2849595, 39863.3413487, 19330.8411149, 18875.5253079, 0,80
17820.8060589, 12753.2571339, 18307.1521642, 15581.8409212, 17901.7958366, 20040.8319596, 16497.4197313, 26501.0864729, 0,90
15818.1725762, -1120, 7959.29693342, 17472.4166046, 14654.5725961, 25305.9180283, 27156.7290188, 7577.52234965, 0,80
16195.8532912, 4813.18830374, 14914.9742975, 25825.4035948, 17146.6430186, 20071.1631098, 16147.4018797, 38027.802858, 0,90
24729.6110948, 4262.2823754, 16844.5492451, 25228.7989231, 21642.3747424, 18354.0308152, 23356.1686716, 20541.1590883, 0,80
24003.8315369, -1260, 23972.1838365, 23291.741011, 32303.4413301, 13728.9344959, 17641.7702895, 25944.9429432, 0,90
15405.9593467, 14245.154202, 11449.4128495, 21782.1946997, 18158.0287901, 24251.5684111, 11938.4492712, 20566.0287566, 0,80
13155.0926909, 11221.4699018, 16094.0975607, 14069.0472086, 19334.4392335, 12277.908508, 26664.4223304, 33716.3911789, 0,90
5707.35377935, 12480.1828835, 10223.8524754, 17595.4214029, 15011.7191473, 14602.6206522, 17446.4471903, 13059.8578145, 0,80
25957.0275351, -1260, 24068.9966535, 26785.2369684, 7818.84372613, 21637.8978908, 28263.7405399, 23888.8450136, 0,90
16259.3629876, 1256.16331463, 10363.9850695, 30769.7011359, 19374.5051984, 14552.7275948, 17181.5802249, 32629.8932197, 0,80
20913.6224488, 7145.64579287, 26835.2318298, 21750.6061656, 11969.4735259, 20352.366749, 20537.807344, 9889.47604791, 0,90
21671.0782982, 529.839684351, 28159.6308926, 4244.04627088, 36127.8770168, 27806.3617352, 36508.2162428, 32352.3849636, 0,80
10106.385328, 4325.38226206, 12189.1201837, 30248.4401449, 14843.6186473, 17850.2100014, 25005.6235362, 15590.7612263, 0,90
19749.1776734, -1120, 13131.7809557, 20112.6365088, 17653.3066498, 28765.4096459, 26308.4650125, 19423.6207376, 0,80
21650.6986424, 1897.941992, 9672.95642414, 17383.4853015, 7544.06979243, 10975.2546444, 18871.6314319, 20858.7556472, 0,90
19006.0546683, 6870.0660855, 4951.36129478, 19377.4690432, 22929.6561205, 22075.8927212, 20283.6712106, 12692.4181965, 0,80
10006.4471972, 6297.28246038, 10291.9800119, 16321.2588433, 19331.4820518, 25769.766183, 25304.6407431, 25815.2013687, 0,90
20879.8255549, 2411.23925297, 23362.351102, 5018.12384335, 15325.3943817, 20012.1075677, 11136.0993621, 18328.6247257, 0,80
19916.6431256, 9733.67904847, 10325.579104, 29937.5947537, 17625.593816, 10224.813241, 32042.1516735, 27539.3019564, 0,90
18734.5832167, -1120, 22726.153282, 16492.0058903, 27934.0912953, 25976.366493, 24607.9350098, 22664.9300594, 0,80
9529.57493756, 3284.38258484, 14341.4836408, 21792.5996387, 23082.662896, 15553.0673148, 18420.6196876, 17482.3500993, 0,90
26172.3877814, 8536.49435423, 6862.92481745, 23450.557105, 19806.6939027, 37220.4161244, 34412.7286042, 20775.9541823, 0,80
27462.4118125, -1260, 28980.0110725, 21439.0821062, 25339.4762523, 27391.1974309, 45796.9676383, 22678.7344829, 0,90
21364.0851612, 11843.8495014, 19478.894856, 11819.0982221, 19557.0824338, 15334.6263251, 9357.31952286, 10361.2152723, 0,80
24989.4195052, 1206.09448745, 11105.8643192, 12607.4349793, 14846.3520287, 32124.0010307, 29437.6125069, 11402.0583881, 0,90
28108.9520677, -144.904645478, 11730.154264, 20073.274233, 19588.6519176, 17602.9776218, 29483.7440729, 26788.1249484, 0,80
19476.4406526, -1260, 22946.1701841, 3252.54311903, 42185.7079876, 18375.4711013, 22910.8546534, 19339.6601705, 0,90
11292.8167026, 2327.42235796, 23744.5011429, 15551.194789, 15001.5988765, 19502.6821237, 11871.2261403, 22737.0066615, 0,80
18810.3029419, 1579.97625854, 8538.90063345, 23349.9379563, 42614.8316599, 43441.9760261, 32622.4722574, 19724.3956163, 0,90
12618.0545052, 2181.79865564, 20699.9566424, 14980.9811731, 17094.7172037, 14065.3894292, 25617.9174466, 32255.2560967, 0,80
12348.5272234, -1260, 24839.3994708, 16979.3819398, 21463.9939988, 10817.4841958, 24341.5282646, 15812.8987609, 0,90
8838.39274036, 12591.0854425, 8166.55790609, 38963.4809397, 7373.07394094, 13571.7880232, 15364.6299777, 24005.8763082, 0,80
11971.2794658, 5526.41873758, 15422.3916743, 18450.813957, 13073.4251543, 22671.5979478, 30593.7932552, 24671.2069494, 0,90
22894.4898725, -1120, 37991.7564946, 14099.68991, 9838.99504585, 23542.9612108, 15007.9675807, 40004.3448919, 0,80
13030.0184469, 16464.0773652, 888.789383584, 22863.4008327, 20678.2922876, 15986.7573093, 26737.1593446, 19840.1101673, 0,90
17023.1924573, 5739.66355569, 24799.766608, 34194.6190939, 26313.7832802, 14298.6706308, 14201.9944175, 30241.3407367, 0,80
19771.1738623, 6834.06871482, 16960.2112042, 19311.7476564, 16129.0357586, 16148.3358365, 26666.3963715, 37602.2020081, 0,90
17843.8963193, 5957.99806315, 3472.83145583, 16537.53313, 19251.329339, 23389.603422, 16789.9574326, 14204.8662185, 0,80
31170.9024174, -1260, 24729.4481746, 14032.6520314, 18464.8193134, 15722.0922681, 25690.8046306, 18070.2879827, 0,90
12055.2817296, 1840.35296296, 30142.7673561, 10546.8449796, 18086.9312868, 27787.9217571, 21901.0178935, 28334.8062943, 0,80
19659.8895442, -1260, 30192.3215174, 18986.8936979, 11921.9868181, 13852.2116818, 19194.2370794, 29786.8489693, 0,90
16969.0065637, -1120, 12654.5729016, 26774.6232411, 13442.224186, 33043.3227785, 17005.5330817, 10217.8651555, 0,80
21025.3729456, -1260, 20984.5326046, 22335.9183865, 22884.3342001, 28365.5604287, 26719.4781599, 10140.0318563, 0,90
19334.0809049, 11469.2515018, 2158.25719956, 23659.7047202, 11845.5252208, 21856.7186111, 30769.690233, 40617.767188, 0,80
10512.7556041, 5275.07408272, 8037.81344139, 20053.4024781, 20811.8027703, 29043.0988542, 16036.9634979, 24062.6846158, 0,90
17887.0397445, 6043.5933462, 20438.9835833, 19583.5771194, 22405.0933576, 16868.9572044, 19092.97861, 27793.8255411, 0,80
7757.63288202, 5320.62455441, 12917.7958554, 8591.97525072, 22894.3945562, 25346.5076922, 26009.6631032, 22980.8052794, 0,90
6024.47630549, 5583.21980479, 21697.2358528, 10905.6209732, 24042.464984, 11778.5068731, 29637.2363893, 23812.4702132, 0,80
18648.9188624, 4335.57575282, 16687.6128922, 31593.7606947, 22917.1998497, 9590.63738445, 23494.0930099, 27585.6290746, 0,90
12991.7932626, 4083.51415692, 7118.54362332, 20235.0697384, 18993.8960809, 22624.1856803, 32026.5876408, 7597.16003925, 0,80
15575.5202205, 3846.99680129, 1612.96345167, 17328.9733871, 14767.4128197, 20108.7645429, 29909.4819644, 12318.0719146, 0,90
8872.49543497, 6651.41126962, 13172.5105346, 22634.6519988, 13696.8920442, 19042.7786076, 40888.3240823, 16285.6971999, 0,80
8015.18678864, 3899.96264028, 16685.9586549, 28533.9378754, 34204.4030492, 13757.3677593, 13250.1726194, 23933.4562933, 0,90
13316.2565847, 10330.8928497, 14194.3860851, 22137.4330698, 17650.9022175, 12057.1466488, 29685.4695326, 31972.2646561, 0,80
20482.5069474, 1865.0862797, 20377.1954815, 7627.18958887, 27829.8313246, 22200.609122, 33446.622205, 20748.4095444, 0,90
12352.2795225, 1632.67532212, 20376.7715814, 18521.3971087, 15532.2041457, 19521.2714856, 22985.6566733, 17994.6964262, 0,80
17090.1578548, 3152.13885348, 14208.702267, 29519.0100829, 18894.8557396, 30895.9944703, 31839.4301177, 33945.5309353, 0,90
19536.7104337, 4227.09345847, 9185.41079097, 32397.940414, 21114.9650943, 22064.5852942, 13097.1098589, 21013.6255071, 0,80
14142.1324005, 12145.3450635, 18406.4201443, 24258.2743135, 18564.7831366, 19701.804297, 41316.7479428, 30428.341566, 0,90
19468.0877476, -1120, 19874.4639383, 4241.90230573, 23023.8613256, 28187.8046615, 18540.8536553, 9403.98151745, 0,80
15566.8171692, 10438.5288762, 31001.7228065, 9036.17272397, 33212.1452933, 6613.98051108, 16852.1441796, 23461.248285, 0,90
14418.2981299, 2756.0489907, 20116.0453711, 15072.6992516, 31623.1571736, 30810.9361741, 17721.287151, 39854.85637, 0,80
19375.6267628, 2315.51833935, 15429.0668035, 20746.8500764, 26730.309989, 32311.4766773, 12922.5075702, 32365.3725419, 0,90
14768.1447322, 2756.12781428, 17315.7364776, 13402.896827, 26938.2263385, 14185.9003036, 21319.1161558, 16184.5469718, 0,80
14375.1468974, 6770.19804319, 6805.62859888, 25651.2786934, 19690.0991723, 36926.1810706, 29338.9479837, 15461.581325, 0,90
18367.6979336, 304.796068341, 22857.8497871, 33046.0909409, 23859.019015, 7465.400207, 21492.1514903, 22892.2725283, 0,80
15922.2319824, 6098.30718009, 20482.7377652, 20887.0385221, 23446.5721995, 23051.1178077, 32815.6725629, 12059.0319706, 0,90
25817.268248, -1120, 28079.8533115, 27784.1157358, 1206.91024453, 25921.9966638, 27187.0334429, 15165.1797022, 0,80
10472.8427123, 11105.1856424, 9178.64295189, 11870.1134541, 28658.5120833, 13193.6570257, 24769.0130991, 37194.1434404, 0,90
23668.86534, -1120, 17177.0092528, 24184.0859239, 26603.4160897, 22803.8280735, 23030.7058822, 8523.24312216, 0,80
19049.6963356, -1260, 14642.8802565, 19895.2160383, 21427.7938977, 38629.2027388, 14936.1560483, 27795.740182, 0,90
14138.1685157, 876.343773626, 25080.5115202, 15046.4634589, 27981.7792318, 18469.7807886, 19020.0870618, 18844.3325894, 0,80
10869.5090293, -1260, 14511.6522887, 13068.2737675, 19263.3251031, 6416.47209586, 16897.7118251, 31227.0929784, 0,90
5223.2565591, 7852.74307421, 8005.44134209, 25562.8723873, 4874.45236971, 29115.8769755, 11512.6656807, 13024.5804838, 0,80
11674.9250935, 2056.61244235, 17387.7165563, 14373.9822329, 27546.9866335, 28999.8522918, 27901.129096, 17684.6400391, 0,90
30546.0944412, -1120, 17955.9134464, 26628.1411964, 19772.2996972, 23035.9724697, 28463.4990297, 19530.706505, 0,80
16812.2922893, 1823.59185135, 19684.1462305, 26813.4090717, 28832.0139313, 29788.5890908, 20800.6328926, 19524.1333082, 0,90
20659.2099158, -1120, 33260.4000877, 24197.5969144, 25737.3308987, 22081.2778786, 10514.2923715, 23411.1634368, 0,80
18913.5744353, 7522.3159825, 8489.04042232, 12223.4461676, 17231.4853113, 11331.1311003, 22004.2539818, 18465.9526702, 0,90
22114.1928327, -1120, 20071.0361372, 14477.0451105, 20236.3897975, 5001.28305844, 26199.4814046, 17426.3404486, 0,80
18198.2348926, -165.665237887, 24726.6571102, 8167.28704833, 15050.5746576, 22628.8452815, 35273.0158661, 27561.6864546, 0,90
18279.3922749, 6920.85492551, 5225.7836039, 17761.7881773, 16438.9177569, 16612.6449683, 12855.3918428, 30486.6553829, 0,80
16924.7808911, 7161.15862519, 13596.4566064, 29313.6159629, 41047.0370398, 29438.0162428, 21345.1430632, 17372.1504826, 0,90
23074.6552555, 4196.19285714, 11580.0794344, 14351.0203733, 21672.5010621, 12705.1752361, 21895.6526369, 12798.2843151, 0,80
24647.4828472, -1260, 33760.9008312, 31064.6856789, 23424.8903138, 27909.6569608, 38065.2605223, 32565.5212814, 0,90
17894.471843, 4950.49926858, 11545.1353579, 18227.0672719, 10763.0153826, 16215.1343907, 26375.3312092, 8102.80357869, 0,80
14864.9007565, -1260, 19561.1409722, 24912.9455489, 28009.4882789, 41453.4471637, 18220.1351721, 25298.4427044, 0,90
20454.6377575, 1313.67186066, 18088.5196388, 13734.4598586, 27675.7805711, 21109.9150658, 18900.4550575, 16933.6193022, 0,80
14402.4811252, 8497.1341338, 12399.5664804, 13033.7874558, 17943.4798186, 27844.947705, 25895.7567791, 25140.0809339, 0,90
19744.1963108, -1120, 31978.7943381, 18090.2032112, 22619.1704424, 21849.6807233, 27286.2859481, 24049.587912, 0,80
6004.40125679, 11208.1149508, 10984.6434296, 13347.6161521, 20210.765468, 18211.4343041, 28202.901891, 11992.755655, 0,90
11760.1119942, 3009.69245938, 24308.7078049, 6925.83502203, 13633.4459458, 11109.6043278, 19978.5961365, 12130.998721, 0,80
16507.2553752, 4564.24935076, 7605.83533065, 12614.9895221, 27416.4209458, 25029.0387389, 16044.4280427, 18884.2730167, 0,90
11976.5114708, 3769.35722529, 19414.9876807, 17465.7757735, 27929.5714589, 22828.7981477, 32838.3699732, 25389.2898834, 0,80
24550.1188514, 5737.5306192, 29184.7684209, 10703.901033, 34119.1472404, 20227.0764884, 20186.7680666, 23235.9897768, 0,90
21916.1512912, -1120, 24033.0962516, 9393.90530656, 21031.1980902, 24373.6764043, 25269.1346966, 29965.3155687, 0,80
22125.9278997, -1260, 23010.3612383, 3501.61371468, 23083.1060306, 32727.7652417, 28121.488839, 24452.5545298, 0,90
13537.2328712, -1120, 16840.0795277, 13902.7740579, 32882.9068827, 22522.3913182, 19545.1599903, 18917.8634969, 0,80
15410.381537, -1260, 15269.1539857, 12385.7778465, 29390.7459212, 23136.8273202, 26766.3399004, 28244.1818824, 0,90
10607.8512286, 8947.87889836, 23705.1234596, 10829.479769, 16310.9344827, 9949.25835592, 42840.6726076, 27880.3850545, 0,80
16407.4928448, 6905.82754952, 19944.0606897, 18371.5672934, 20158.2428722, 24431.5587665, 21575.8952135, 22850.3057959, 0,90
12458.3937173, 4884.28461988, 25568.1461512, 15725.1942522, 22136.6453274, 23291.3121233, 27343.5172735, 33516.8081099, 0,80
23770.605133, -1260, 30962.1660765, 18045.0060557, 29514.6340074, 27732.5181, 28994.6755167, 30406.4106055, 0,90
23024.3008454, 5979.95747474, 11836.5683766, 15959.4290551, 18527.0141778, 31228.6287387, 25943.3446079, 16087.0980627, 0,80
30903.1685525, -1260, 15439.0622559, 10492.2881383, 24463.2117667, 34725.6483691, 30072.3866025, 33661.1393535, 0,90
14460.1625528, 3610.38042236, 16497.4151668, 24805.0023834, 32228.5059684, 15384.3441242, 20846.7549331, 18902.201457, 0,80
14669.2239427, 6557.97887953, 14256.4316333, 15760.338235, 27755.1691277, 11329.9305533, 21963.9615599, 26444.8749028, 0,90
20696.0410888, -1120, 25996.5233926, 26454.8392364, 20119.5351581, 34942.5617027, 36686.1463754, 23676.8845112, 0,80
11582.3777165, 6591.75388494, 10427.0568139, 12516.1159547, 22251.8653729, 21897.5634949, 19816.4075223, 16518.8863491, 0,90
22002.4161308, 1476.69023805, 28231.9241038, 14950.4668822, 8140.48083286, 26279.2744399, 18968.174361, 18635.0499347, 0,80
16871.0252175, 1351.97820716, 11126.2210607, 9695.72768043, 23681.3687722, 12791.6666682, 24455.3738773, 15226.321646, 0,90
19511.4584023, 2553.7136358, 15722.9164584, 18790.9343961, 9278.86430323, 13639.8177371, 25132.5752893, 16139.0848307, 0,80
17998.5635281, 4328.61315409, 13229.0488975, 20494.1101037, 25502.3884319, 20396.0146227, 16517.8080989, 17637.8616374, 0,90
12872.187359, 1308.29150274, 13481.1512778, 13246.1384049, 29904.3607239, 18085.4301988, 30237.3254012, 23307.1055795, 0,80
19022.7850918, 8892.15189533, 11941.5975648, 33208.6421227, 19199.2497685, 32554.719562, 19732.5815308, 21334.6279, 0,90
25949.7561606, -1120, 32275.1412555, 8766.63878035, 23623.7364688, 19582.1166891, 27867.7520218, 16902.1497754, 0,80
14261.5255256, 3222.42089772, 23454.3614818, 21345.6651291, 13599.5151811, 26284.9735492, 20697.7078437, 10318.7913045, 0,90
20095.9886545, 6321.10040039, 30324.73237, 20329.7217973, 19915.5619944, 10331.5006547, 29794.3348121, 14228.6938198, 0,80
11602.6268729, 6147.7471037, 18881.9441675, 9351.39136277, 27173.7507147, 17159.7380388, 15734.8243164, 13136.3345494, 0,90
11628.0357376, 2410.35134832, 25348.547722, 10187.1817868, 16596.8314372, 25052.009814, 16743.4575512, 19314.7253136, 0,80
9010.31539263, 16051.3368278, 20645.7514049, 21935.0803463, 20275.6169014, 28231.4438396, 25210.3109368, 37568.299777, 0,90
8377.02762161, 2597.19349516, 8598.64578677, 27322.3330555, 24261.8955235, 24242.0565238, 24792.5260332, 14926.4079828, 0,80
14497.0484857, 410.066391037, 12249.7454134, 33082.8401924, 19538.3833317, 20762.174219, 9425.0874566, 17416.6458081, 0,90
2867.52150393, 11736.5687938, 7434.37955867, 25959.9884752, 10943.7151115, 23357.6742849, 17343.6994506, 17414.4972157, 0,80
19544.5027985, -1260, 10849.3801587, 28602.639667, 27814.3948217, 19452.1669666, 18482.2618562, 8484.04467779, 0,90
20422.7637659, 7647.89890109, 25164.2975324, 7454.88759826, 16758.8313485, 27616.660386, 22957.9715986, 21906.8468425, 0,80
15083.8290141, 5682.83506669, 21342.690269, 22680.1590907, 28021.0615121, 32996.3442577, 31990.4756133, 18561.4405574, 0,90
20369.7759004, -1120, 11411.6964929, 17645.3824339, 30530.4082402, 14917.1066307, 27435.2547696, 16816.22574, 0,80
29670.7806209, -1260, 22378.1672714, 22667.900761, 34102.9503774, 22998.4547229, 20618.2574273, 12749.6845111, 0,90
12675.1170231, 6681.30890998, 14534.7643368, 10969.4250191, 20983.8455996, 38072.9261043, 21582.0231122, 28833.6361612, 0,80
15761.511529, 1772.90114188, 9185.45133547, 13956.7039375, 17474.2332035, 24444.2429723, 30180.2266525, 20410.2929149, 0,90
13910.3830994, 4026.05742729, 8842.39745161, 16921.8598334, 23114.6493783, 23518.0764492, 28280.0088297, 19188.4746929, 0,80
16142.59263, -1260, 32506.6486164, 19946.3160079, 25477.7873363, 25278.0855169, 34127.5211201, 25681.0506979, 0,90
15521.3230775, 2136.53754186, 26000.182363, 29609.0107013, 36677.6052418, 23456.7460956, 23858.5962368, 36966.3277363, 0,80
16636.9753089, 1751.05642498, 19408.3423901, 25744.1141672, 15735.8706179, 24778.6103432, 19273.948997, 13707.9716535, 0,90
23587.2801263, 7265.80540883, 13176.0184218, 31609.1750426, 34897.9991286, 26043.856767, 22515.2192693, 28863.2937031, 0,80
23939.4385759, 9384.1338564, 5716.60214807, 23238.3279595, 29939.5166886, 25148.0262546, 9362.13015625, 18636.0969241, 0,90
9485.13202057, 6851.74700858, 19428.9344828, 25501.0821174, 16715.1304386, 14322.3064053, 21215.8690282, 26716.7957791, 0,80
18039.7463863, 1456.91971063, 15550.6408902, 19141.3446381, 15457.5977689, 21262.5416761, 23791.0377319, 18161.2278696, 0,90
29801.7458538, 2973.69779424, 23092.7340494, 21010.7235567, 19393.2209828, 29658.7146895, 14829.4003369, 18478.3716948, 0,80
15577.3621176, -192.925237887, 23298.789331, 18894.7403042, 9487.70724982, 15946.001774, 18980.4996713, 13215.1823175, 0,90
13361.6106913, 9703.71970091, 9521.43011298, 31258.1940126, 19140.2674621, 26609.7424218, 39612.2624606, 23318.6778059, 0,80
15260.3477231, 4145.98705505, 21760.6032107, 18693.9381714, 15881.7539935, 14401.5903933, 13087.3795696, 16912.4717851, 0,90
24640.5245092, 4072.45301075, 14343.0048561, 28200.5952124, 21260.6660181, 11274.9269522, 19747.3660066, 35502.7712667, 0,80
13420.5429463, 2444.7953509, 25076.9514578, 18828.2952657, 18565.574083, 10262.4174501, 24479.3905036, 21400.9274367, 0,90
9870.98446768, 4700.92558614, 22005.892404, 9469.5615027, 19268.8970169, 18033.5961831, 22011.6006366, 22854.4217293, 0,80
17866.0837484, -1260, 29197.6202935, 26915.6702554, 25299.3741684, 28396.8818205, 20634.1288101, 18946.8929526, 0,90
15943.7889828, 4268.3047601, 17606.4555137, 19832.5310972, 22284.499494, 27842.7331118, 29672.3520716, 32894.7527389, 0,80
15453.8336988, 3811.22421376, 9390.00234776, 15630.5726295, 13938.6141019, 19463.5239227, 15536.9347294, 10933.2498227, 0,90
16055.8305239, -1120, 23478.2625817, 24099.1914794, 14147.2954371, 24055.6726166, 27307.4801155, 20301.1954322, 0,80
24029.3142978, 1518.37561009, 13741.4845176, 20469.0113923, 20313.4740678, 17466.7402492, 22300.6846429, 21346.5008761, 0,90
19150.5056522, -1120, 27956.1520665, 29242.7913929, 26789.4065365, 10412.9877311, 23426.2911347, 22365.5261684, 0,80
17521.0298002, 1758.39148418, 10267.033153, 13095.4905873, 28999.7656475, 18615.3090785, 19035.9632629, 13914.9489181, 0,90
13011.8356389, 4038.64484244, 16498.3823504, 12630.6455217, 21376.8267448, 10470.8692349, 23608.5665012, 8146.17726165, 0,80
13783.6317377, 3181.46369033, 21341.4308412, 7371.76172536, 16505.5461094, 24755.5348627, 30265.0949557, 32508.0585192, 0,90
13899.8190251, 8225.25082448, 19963.8778761, 16254.2202469, 13866.7851461, 16335.6385534, 37496.2652377, 12393.6440015, 0,80
20427.1942648, -1260, 34648.258002, 33891.1609439, 26099.6249378, 13325.130898, 32960.6459519, 15513.0098036, 0,90
17409.0140268, 306.874074393, 11699.3395913, 21885.0252108, 19205.9245485, 16787.9162354, 25511.0547079, 16868.1035483, 0,80
11066.5023548, 7280.87282818, 19581.6503425, 10329.6037198, 34432.5750958, 14487.1496646, 25845.6643718, 20766.0604803, 0,90
29341.5141944, -1120, 18925.1139341, 25447.8668132, 23367.9202343, 21802.8266788, 21700.1962082, 12986.3496369, 0,80
21693.2666681, 2787.2088887, 22997.6596029, 11988.9029137, 16509.3334749, 24263.7077935, 31466.1587186, 24305.5336362, 0,90
15390.727432, 3211.09700686, 22062.3086531, 18561.0976713, 28671.2323964, 24789.9543767, 24649.0218981, 17716.7406357, 0,80
14827.547615, 5683.68726873, 7046.91265422, 9356.85510913, 25229.8543072, 27537.7508534, 23292.7591684, 17508.0338269, 0,90
25275.7430451, -1120, 26540.7289902, 16431.480537, 28081.603797, 28824.3321508, 18007.9901097, 30724.7868141, 0,80
13647.3347833, 1182.69747383, 7518.99108167, 21519.8411636, 26751.2781325, 20650.0383925, 28203.1144473, 29808.0880475, 0,90
13398.796995, 3508.78475404, 15098.8604694, 12078.4657215, 26472.3623072, 32469.9110097, 11480.171525, 13128.591574, 0,80
21445.6390222, 1042.56191782, 6715.7844877, 22943.3027743, 17181.2076774, 21673.0702803, 25611.0666208, 16872.1549377, 0,90
14584.5554788, 7144.72425223, 6669.60730098, 29007.5650042, 20783.9067498, 18596.5851295, 22932.1604343, 31568.4985856, 0,80
19077.2291199, 8674.23288848, 37323.1259993, 16514.5856276, 20726.8650505, 32215.1601741, 30045.9734055, 36020.1194219, 0,90
26958.1518352, -1120, 19197.2551456, 13405.5299541, 13673.3173865, 26884.3507146, 16378.4175256, 25384.7528523, 0,80
20619.3571483, 8461.40526376, 13632.8545119, 20349.5384967, 21461.2314454, 18009.2912792, 19656.4132501, 15375.4051066, 0,90
20994.6353614, 4299.94863118, 8258.58121094, 29326.4924059, 26561.9665878, 36020.5167814, 24626.4628853, 18247.1238429, 0,80
12053.761074, 6509.88509033, 14221.6273974, 19686.1972814, 27127.2338952, 19371.0885338, 24809.2243672, 25430.1600498, 0,90
7268.79607549, 5879.94874444, 11952.5208148, 13457.2036821, 9713.31950648, 19156.1570605, 19598.7613111, 15138.6703057, 0,80
14779.5625551, 4300.20316338, 11063.2362728, 17945.1122917, 14812.3913775, 16428.0233748, 30372.9228054, 16358.4858292, 0,90
6353.86145258, 16847.3900103, 1673.45781652, 35282.267026, 26707.0493185, 22052.5105733, 20130.42838, 31974.0804525, 0,80
24168.4437348, -1260, 26726.7128728, 19897.8507387, 25900.4036259, 15537.4703778, 10089.2923165, 12483.1668424, 0,90
15819.3488741, 1716.40965765, 15118.5556751, 18538.4194817, 14728.673001, 26404.4666485, 21461.2101602, 23939.9705379, 0,80
19180.9206301, -1260, 15321.0120882, 5365.56757001, 31676.0399813, 33573.8233872, 25322.2674053, 20409.9135901, 0,90
14825.6755358, 7668.86047205, 15303.7695328, 10111.8870879, 16556.7170467, 25360.0360079, 28392.20028, 26613.392593, 0,80
7696.26861509, 10432.0272226, 4131.5647043, 19635.794769, 16665.4933398, 24528.6389081, 23218.7935161, 23640.8708468, 0,90
19984.4553621, -1120, 24278.2982209, 30853.254906, 28574.9247808, 17121.2134929, 19685.168751, 36618.2903712, 0,80
17935.1710904, 4211.93710235, 22517.2547176, 28841.9110565, 24907.0331064, 14123.0127983, 25960.2599904, 32275.5140867, 0,90
27264.7853184, 4249.99499226, 27467.2028721, 15462.7100929, 25114.5255533, 17817.0779772, 28200.0868538, 28790.3935219, 0,80
18713.7688632, 4061.20147545, 24251.37414, 7103.91952633, 31990.9802875, 23270.516503, 19746.2296531, 18115.9873138, 0,90
14061.6701068, 4428.49212729, 14211.1805716, 18427.6432305, 35201.3530088, 24075.3266833, 16334.6307313, 30751.7203451, 0,80
13270.5277152, 4332.68366442, 16274.6875572, 9955.77219247, 31453.9914375, 27020.9862759, 24036.3767123, 14167.2429315, 0,90
20800.6278795, 3151.37522528, 19972.7335843, 20989.041564, 19559.3956782, 21121.5329596, 15933.166432, 34029.8379215, 0,80
19336.8156492, -1260, 16562.655595, 23879.4149631, 26736.9864039, 28130.0608371, 26503.7198014, 23765.8353291, 0,90
16164.5080982, 7696.66242742, 31145.2963218, 24372.721054, 34462.2571797, 36007.6955144, 14235.4687749, 18411.2314275, 0,80
12632.4658858, 4665.56667059, 4265.2765794, 17247.2154818, 11334.2136852, 20102.7107591, 18179.91914, 12683.4682812, 0,90
7713.42896271, 5458.59927969, 16875.2327747, 14234.9931017, 18375.5943302, 18183.6385989, 12339.4706521, 28478.5209271, 0,80
15977.672681, 7433.09078153, 33926.0122685, 17601.3611556, 28161.578099, 25945.9875495, 21693.3926227, 40166.2403391, 0,90
