12803.6128783, 5581.82954644, 17846.4287535, 9741.84515145, 10121.9572869, 15950.2555192, 23101.3415419, 26162.8611149, 0,0.6
22274.041275, 3762.98844901, 20179.546115, 20150.6532179, 21746.6914781, 23214.2953657, 42726.6209032, 36179.0048073, 0,0.7
8946.09018628, 10529.7837045, 6193.03066285, 33134.9183915, 19695.7799445, 19611.2745401, 26583.461358, 16976.9173739, 0,0.6
15985.2390309, 1684.98929888, 12609.1081676, 27576.9560917, 19410.1682278, 26989.4649534, 11827.6509762, 27943.1462894, 0,0.7
21419.6946939, 2118.08558014, 26362.4965582, 12863.3781161, 19839.4877606, 26706.806922, 31622.1427583, 31602.8558767, 0,0.6
22154.41299, 12120.8602129, 41454.5307433, 23872.5217257, 37579.5636357, 45576.7644031, 33093.4991188, 30784.3568566, 0,0.7
13173.4842879, 5603.88320028, 27158.8712596, 22877.7048144, 36848.7722877, 27345.0126445, 41028.0964885, 18853.4334359, 0,0.6
17950.9563722, 4838.57109323, 47356.1651145, 31630.8562681, 46835.8042201, 31335.3768668, 38590.8885775, 40139.3414841, 0,0.7
31281.4356512, -1200, 28268.9299654, 19166.1665715, 5938.18647008, 22538.2184893, 30455.4780789, 16971.5588538, 0,0.6
21425.029633, 2927.16763265, 19783.3283395, 19387.730611, 25865.2640744, 21327.5934753, 26068.345783, 33264.8611243, 0,0.7
19428.297866, -1200, 28562.3004929, 21561.8833836, 22133.0837941, 30298.3114964, 32131.0419591, 19026.2246861, 0,0.6
14691.5459047, 764.612409268, 39184.8625353, 26270.7844904, 29815.2408785, 27598.7276508, 26618.6027467, 17311.7139602, 0,0.7
14933.5784598, 4569.53368096, 14494.8898098, 26429.5434216, 21055.8028474, 16276.8791136, 33645.4426449, 25561.5629699, 0,0.6
25054.0832798, 3688.69551287, 27864.0660767, 15212.6188939, 26028.6934506, 31810.9213872, 21028.9876409, 35139.3012813, 0,0.7
16244.8966955, 1190.61357724, 29945.136017, 29549.8631279, 39573.4567269, 15513.2102851, 32211.1883098, 23444.449973, 0,0.6
11204.2399125, 11324.0904981, 23128.6679697, 22214.9544962, 23244.3284512, 20029.1872523, 24688.895619, 30031.6843432, 0,0.7
10412.952669, 4331.60727373, 19218.5775847, 28269.2244916, 22449.8359395, 18902.6845131, 32138.8888365, 19814.2741206, 0,0.6
26030.18872, 5202.61076333, 20145.184232, 22832.8423182, 32400.3039758, 27245.1257825, 26612.8455212, 26374.0961423, 0,0.7
10167.3569924, 1341.62513874, 13562.3268717, 19180.2119942, 20303.2450529, 24170.3238452, 21348.5342446, 20491.8853708, 0,0.6
24065.3496235, 6438.0028034, 26344.1860567, 13219.4830377, 19527.9354581, 39405.929239, 41029.0742836, 38422.8119424, 0,0.7
14927.3432536, -469.327962804, 15137.3050897, 20140.6017905, 26840.2715408, 18558.588337, 17539.043254, 26479.7695659, 0,0.6
19097.2779445, 3303.81431303, 26106.0393027, 28214.2307012, 23898.0291955, 22172.8771873, 28263.0658365, 16343.0871847, 0,0.7
16830.7012191, 2846.06228155, 26015.0234485, 24588.5965113, 33020.1331635, 10795.6886181, 17479.6052951, 18165.5893418, 0,0.6
20457.8219522, 4385.65990052, 16721.3608265, 28255.2950059, 17919.9481186, 27657.4348212, 33790.7528237, 33302.2397316, 0,0.7
19400.8927927, 1917.79990102, 12201.4859588, 18619.7237926, 17178.3155916, 37526.9471624, 14574.6737163, 33579.5526961, 0,0.6
16310.2355126, 3021.29909391, 24487.1982326, 23455.7774918, 32802.0895857, 21368.0316622, 23264.1285235, 15141.3578639, 0,0.7
13221.1253684, 3513.91969979, 28813.5932043, 27003.1603573, 20553.9804363, 16635.5117035, 23070.9795351, 23919.5252959, 0,0.6
22408.2928023, 3884.07718431, 19990.7780462, 38294.808395, 24985.475342, 32060.6535453, 35400.6729764, 39481.4432677, 0,0.7
13205.9066976, 8513.43723503, 14223.0399788, 18900.0788858, 12686.0119708, 33801.2742837, 19578.0524619, 21271.225737, 0,0.6
18179.1724024, 3904.1968817, 17779.1840348, 25712.5054771, 29049.9063632, 18585.4930185, 19118.4387974, 25374.9257267, 0,0.7
14338.230753, 6158.33819168, 36634.0882466, 33386.8155369, 30856.0227004, 33707.7070721, 38382.5430106, 21337.6244906, 0,0.6
16907.3285071, -1200, 37102.7563645, 22632.1923233, 33661.4878773, 26867.8558215, 37976.4445801, 21264.1482436, 0,0.7
13564.6562744, 2710.07718616, 17616.0817123, 12713.6351055, 28338.7135398, 30949.7620709, 16770.4307924, 26709.5266217, 0,0.6
28081.6111614, 2446.9976664, 16553.7511564, 33212.02714, 19734.9800307, 39577.6888657, 29419.3557618, 21575.6684799, 0,0.7
19977.4149133, 3979.2207262, 12488.6060405, 18450.6275109, 26411.3770743, 21243.6418958, 20199.6426236, 25374.6337686, 0,0.6
14752.4797921, 1505.77760404, 28553.1045467, 14476.793575, 19796.6865969, 21323.6510306, 33893.1711857, 44618.2149672, 0,0.7
19656.4376795, 6868.63358851, 15068.5288019, 32696.0015608, 6897.53586394, 16078.8716322, 28115.8052346, 18425.4773291, 0,0.6
20843.0490763, 1611.18207812, 31995.5246965, 27179.5235492, 22313.1100852, 41903.5476985, 32041.5726888, 39636.7224737, 0,0.7
21931.8015765, -1200, 17495.8593302, 31707.8632552, 18174.3657544, 26836.3578869, 26084.0334341, 17852.7463051, 0,0.6
16405.5708339, 3891.03037643, 16818.9448641, 22320.4145611, 36907.8719876, 40397.2266802, 33839.1342585, 27667.0325942, 0,0.7
12782.8145244, 12544.0011022, 10428.5269613, 25899.0603119, 7915.51968394, 12456.4541228, 13037.3294608, 10027.7108847, 0,0.6
13292.9277978, 2725.66362539, 15058.1381014, 14154.4703325, 30618.6014204, 30627.9523308, 39889.5226811, 30152.2168312, 0,0.7
15323.7775047, 5501.61262662, 14144.5835859, 26643.3100704, 20665.5711471, 20247.477653, 30791.8171805, 17245.3570811, 0,0.6
21263.734947, 156.793994514, 29484.6988139, 29729.1123255, 21855.9872366, 21970.2925444, 31084.6758405, 37074.646899, 0,0.7
13733.0306396, 5962.99458136, 25319.020899, 24605.2885876, 24758.2099812, 28449.0971296, 26279.9920818, 12040.0102514, 0,0.6
16763.0341457, 4144.22620362, 24943.7599068, 27608.6056872, 33124.4447935, 24588.8987621, 34640.82811, 27830.8081074, 0,0.7
17919.1498382, -1200, 23035.2954477, 11890.2214798, 19591.6448734, 24741.3615962, 30251.6871933, 23278.2800266, 0,0.6
21247.3201948, 2260.60819788, 27450.9179616, 30463.1855811, 20444.2949304, 29784.3386638, 24764.7524621, 33664.4244778, 0,0.7
15953.8973567, 7409.03718027, 19320.8095467, 24903.2800931, 31390.9952893, 16174.4303162, 13671.5889943, 27062.3528119, 0,0.6
14268.0388113, 967.552467987, 28296.3648395, 28900.2050529, 26551.0302549, 26346.5863163, 33334.4944141, 27377.9334358, 0,0.7
20956.7617299, 5085.74271529, 25842.0171382, 9446.96776308, 31584.6780784, 11258.0453881, 51034.8776553, 18838.946591, 0,0.6
13887.8588756, 7157.3442715, 12646.4719357, 17028.1958017, 22888.5019134, 14855.6333567, 38675.7939278, 25022.7384179, 0,0.7
16912.8116735, 1725.06875455, 20868.4151313, 26841.0868753, 14936.0815746, 28852.402605, 18640.7487818, 33903.6112352, 0,0.6
22141.8973228, 3997.97273179, 9828.90621488, 18293.0141686, 25025.7427368, 24016.1617157, 19595.8315578, 27548.4145604, 0,0.7
17772.857716, -1200, 18570.0194817, 10256.9524939, 21828.8173362, 23303.1195821, 22022.8326294, 13666.8240409, 0,0.6
18857.928333, -1200, 33833.3444869, 21315.0004281, 26609.5409274, 30472.7758496, 38532.0581391, 30880.0196368, 0,0.7
17041.6123198, 5370.60937778, 26146.7471452, 24664.1034753, 27846.9823207, 32465.1485085, 29657.4550272, 27101.6423711, 0,0.6
18891.2613011, 2697.49368689, 27511.4036731, 22544.5383583, 26518.1533522, 30821.9173805, 30003.5870788, 24485.5912164, 0,0.7
11424.6926964, 1335.80034792, 14282.0529618, 17255.044695, 27430.3999464, 18425.3533057, 18488.7073159, 5453.21132987, 0,0.6
18482.1067109, 6076.33429334, 21545.2790668, 25940.2112903, 27094.7884619, 45587.9668156, 32986.1891937, 35565.2106561, 0,0.7
10450.3113636, 5301.65394233, 11113.3366804, 10050.5254892, 16121.8810414, 19094.1687354, 23088.988268, 21697.1295284, 0,0.6
23094.050663, 4373.35966586, 20654.958389, 15306.5857055, 32219.3865763, 39324.5018007, 30079.8676763, 28914.3437473, 0,0.7
18021.8594712, -1200, 15244.8769352, 17257.5227229, 24822.8000161, 23623.248883, 36251.1037636, 25003.2461716, 0,0.6
11828.2452052, 10348.6945516, 8878.35971134, 17376.5178288, 33334.0203087, 32873.7467823, 18761.8634046, 29308.1277559, 0,0.7
9652.62090673, 14975.1205606, 29568.9597063, 27363.7612647, 28134.3907227, 28489.5447453, 25127.7280085, 18501.9818739, 0,0.6
18309.7935653, -1200, 21173.5739502, 13602.8458987, 23822.9788275, 13322.1793315, 32168.6124006, 9647.22387213, 0,0.7
14182.4928355, 7834.70057276, 9618.19325915, 36204.2935576, 31280.2568208, 33792.6179202, 21368.1094353, 27549.4227096, 0,0.6
25449.0424237, 4142.87103328, 29746.55565, 16486.1917121, 46172.4063935, 34063.4988231, 31404.8419173, 20086.2329045, 0,0.7
10415.1711, 1111.0404435, 17254.3903454, 30357.8638289, 35678.7152433, 29654.4519985, 11946.1946365, 23435.6604062, 0,0.6
17602.9823094, 3860.42378907, 13416.1642068, 30921.5429157, 28188.2590998, 39739.3236147, 20488.0230759, 30670.6199128, 0,0.7
28511.8074717, -1200, 17591.3673562, 8849.2078658, 29193.7693872, 20924.2829888, 18549.5513261, 41002.5343634, 0,0.6
20301.8942045, 2909.04811032, 25638.9250414, 8319.79524511, 27879.1464052, 27049.3784011, 23865.2117567, 21120.6117398, 0,0.7
19501.8221861, 7085.30902555, 5821.17559158, 31924.6904679, 9459.46494413, 35287.7576402, 33389.7501596, 15542.6761468, 0,0.6
21606.2330983, 3492.28969979, 28913.2155937, 25911.6554848, 23315.241989, 32428.220209, 31372.7934841, 9400.42903542, 0,0.7
16440.7855832, 2910.08431512, 9179.83790939, 18407.9551893, 16727.8319006, 28074.690331, 26693.002226, 15600.3362945, 0,0.6
17992.7486361, -1200, 18049.1684063, 32635.3875386, 28182.8159646, 32789.414806, 14001.8430028, 29380.6916046, 0,0.7
13129.1451631, 9817.54968041, 21320.9748451, 29379.3630608, 11963.6546943, 35540.4938538, 46002.1665855, 18169.7878076, 0,0.6
18418.5153217, 3283.81109441, 12377.3227794, 27710.1867649, 38380.7835547, 25357.7149452, 40486.3146418, 36825.6031939, 0,0.7
8840.774839, 2618.79674976, 15895.1240436, 22123.3159515, 22642.1724769, 37080.8127111, 20897.45485, 34407.7036599, 0,0.6
17556.8553803, 10695.5614538, 19230.544697, 25623.6680592, 28107.9943101, 36586.3092607, 19212.4517971, 34200.5913003, 0,0.7
9594.65455551, 14153.4272282, 21277.5487798, 9280.89314122, 8632.08994896, 27241.381448, 14753.1289846, 30066.8191448, 0,0.6
9655.76763168, 8076.86193922, 5398.35196036, 25187.9225467, 31518.4391386, 30521.1341448, 19647.8866156, 29256.9372129, 0,0.7
26130.214532, -1200, 23916.7434022, 24862.3117398, 24488.8497951, 22349.7158137, 28643.4057132, 13615.7533581, 0,0.6
11694.2109009, 97.3682892903, 30313.826538, 25689.7054217, 25323.3648611, 25838.4648994, 20273.8668431, 25683.6769135, 0,0.7
17485.9358159, 20912.4759579, 8763.02681553, 17515.7418856, 25123.6567896, 39412.4654657, 30898.7804023, 23396.5997498, 0,0.6
19126.8632928, 7762.84183066, 31471.6598646, 17450.5991634, 36379.3035532, 22948.5259746, 28353.6611733, 31000.277376, 0,0.7
14721.0270243, 2801.51104712, 19008.2654891, 17991.3370757, 25131.4272224, 19612.1156199, 25070.1402351, 31359.5313624, 0,0.6
13108.7771087, 4776.97397387, 8024.43658568, 14436.3420352, 11398.804131, 24907.5775635, 29469.4636403, 32061.6605517, 0,0.7
20777.9723723, 1170.88702443, 11076.7429383, 22701.1415764, 29186.2818718, 26697.1934787, 30107.3872833, 14275.6546493, 0,0.6
23225.131418, -1200, 35048.1098027, 28115.6643313, 29286.9229235, 30798.5772422, 39463.2060699, 27740.2947612, 0,0.7
18052.2155347, 10668.113382, 12278.5305802, 20555.6612057, 31101.1809743, 25906.505689, 35432.699253, 36407.6144549, 0,0.6
25460.5670235, -1200, 42685.3002314, 36394.1189198, 18874.9322894, 33338.9839249, 21268.6804905, 14159.7183405, 0,0.7
16592.7931973, 3514.80350649, 6240.17867058, 17292.1395462, 14980.3251454, 23630.0577802, 23465.0796047, 33659.4269603, 0,0.6
8314.59144869, 9602.82920821, 16894.1036155, 23711.7206916, 35748.0119144, 27821.4745783, 18594.0877839, 38542.6198537, 0,0.7
16276.3930099, 9691.6496952, 26335.1881669, 20696.0537312, 15344.2788891, 29726.5835365, 28634.5958739, 18719.4544529, 0,0.6
14506.1580959, 3035.60780238, 16405.0891022, -1200, 23083.7059393, 32176.6039335, 34983.2183073, 33338.374402, 0,0.7
18469.5469626, 3581.41193981, 12169.7810432, 17879.8863034, 17333.8848985, 18733.9832784, 35671.4428373, 35146.0595049, 0,0.6
15528.1020421, 552.445747626, 26534.9653347, 21990.9438876, 30799.3218835, 30266.2169798, 31768.1585224, 43669.0058389, 0,0.7
8789.58458507, 8191.78129381, 14342.5450635, 18983.1966361, 22339.5380374, 12139.1732983, 11762.1602856, 22668.6251436, 0,0.6
21197.2368138, 807.776557595, 35814.2452885, 27589.1203652, 19573.0742175, 28319.8292748, 45301.4709874, 32588.1398653, 0,0.7
17818.3594575, 6828.49678093, 40911.7133123, 27741.98413, 18878.2292726, 28967.5970792, 22866.3245208, 18904.7705321, 0,0.6
19325.5838994, 4616.81840858, 20907.7361256, 26651.3934167, 21899.2608669, 31099.1734801, 12209.933004, 30257.1508522, 0,0.7
27823.332013, -1200, 17314.6382279, 16971.1016929, 37253.5804966, 22322.8527557, 17592.1391483, 34696.0609788, 0,0.6
17508.1861054, 906.295175166, 18755.0039973, 29776.5206242, 38072.5701239, 29135.5841279, 27967.513705, 24742.4395812, 0,0.7
14413.0310444, 3654.0519992, 15089.3677314, 15792.9642553, 27167.0099905, 18031.2004338, 11393.1460953, 34767.065398, 0,0.6
12290.690945, 4503.3945375, 21342.7894976, 24588.4982181, 22414.0683197, 35088.3066658, 35415.6437552, 18350.5620045, 0,0.7
1459.11472641, 6926.4495416, 7839.95327992, 23455.5666687, 26065.7387014, 44935.7493126, 8597.30568543, 17875.8202718, 0,0.6
23969.956679, 4455.43115273, 30154.2752814, 33740.5010269, 38183.5482579, 27899.001709, 41390.4535998, 33674.9361177, 0,0.7
16290.7271339, 4700.01430997, 15410.3065984, 13813.6270305, 15280.8848438, 3140.34566453, 22792.7067344, 16067.7527391, 0,0.6
16740.3628514, 9206.75112433, 27145.5542038, 21247.9569124, 25034.2699601, 37702.4080729, 35313.9130104, 20307.1449348, 0,0.7
21699.213493, -1200, 21584.9388481, 28470.6522011, 30766.1857703, 17695.3509963, 29142.3250562, 25956.5382854, 0,0.6
25986.3470221, 4783.10206324, 31072.9205352, 31974.0453773, 32684.9560876, 19402.8257204, 39744.8736977, 26503.2109265, 0,0.7
17728.5789575, 4796.39381688, 31846.6033768, 19323.3254507, 17514.6088688, 30451.9350943, 24022.4726186, 24681.6666512, 0,0.6
26238.2857829, -1200, 31727.4766141, 8575.0772611, 32498.7303836, 41514.3115274, 27591.3133129, 26043.5485628, 0,0.7
12208.7566325, 6013.30444066, 15407.7763758, 26733.2832799, 19887.6540474, 20587.517395, 16913.1818287, 12238.9579928, 0,0.6
10650.4260287, 8698.88466559, 12832.3773125, 26571.8208216, 19436.2510592, 24816.2774317, 13885.9060643, 28799.2775967, 0,0.7
16649.0021888, -109.08307012, 10789.8812453, 25249.8414464, 18038.8196674, 18958.1510091, 20809.6792523, 22585.7990234, 0,0.6
22016.2786203, -1200, 40669.0473393, 27526.7879718, 34700.4154961, 37920.642908, 45951.0201113, 30114.4534111, 0,0.7
23684.1713, -1200, 27171.3662997, 13612.2569263, 46040.522589, 29696.4098431, 33284.6602151, 30716.1119628, 0,0.6
8397.10996954, 11007.1827969, 16697.2867625, 13475.0306343, 27367.0680981, 28523.4125413, 20115.3451487, 18841.5764637, 0,0.7
24039.7814134, 3145.88336965, 17541.5948677, 28798.7586295, 28725.8344793, 27694.1143134, 31928.6793739, 23283.044215, 0,0.6
15142.0256669, 4452.00134652, 15510.4497007, 20444.7579712, 27196.7202708, 17418.9183578, 34111.768521, 30526.7983676, 0,0.7
19490.4983049, 7418.80322057, 32337.3636548, 26085.7142546, 25590.5761472, 19130.309085, 19566.1329516, 26058.6737436, 0,0.6
35894.3272953, -1200, 35594.4443236, 28457.1145907, 17945.2150964, 30693.126184, 17992.3911846, 18887.9238759, 0,0.7
10808.7183598, 14228.1979015, 9767.80393458, 13589.5357165, 18861.0408523, 32807.5522078, 22798.4641224, 25459.8448059, 0,0.6
26093.3954925, 6746.79752638, 37873.4477696, 17605.3407659, 32390.4484275, 29450.9724493, 39066.4882182, 18245.6114035, 0,0.7
14833.3674586, 7586.69795076, 707.69820085, 27769.4151554, 3800.65326318, 31257.5231088, 22539.266052, 27207.190845, 0,0.6
26840.5610687, 1139.40505294, 33133.6129079, 23023.1175471, 37088.7102014, 32554.2326092, 30234.683808, 61273.3710737, 0,0.7
21981.5082975, 4125.69967223, 9631.39631088, 30865.1785254, 20296.2744645, 30254.4258721, 35932.0356984, 39705.5244364, 0,0.6
27919.4736687, 1795.93155989, 25815.6393046, 31376.5804164, 15639.744425, 32558.5642705, 29930.7217085, 23467.592361, 0,0.7
13685.0553489, 8001.86335151, 10638.5838839, 23785.0299169, 32547.0181577, 24275.2366921, 20485.0533442, 25026.1467399, 0,0.6
17761.8102365, 1331.21974868, 27601.4432745, 31991.8076565, 23511.8567805, 27979.7719201, 23847.8883568, 41968.129605, 0,0.7
8529.0563855, 8596.38710138, 12840.048924, 22474.7319491, 28669.5946771, 25069.8517079, 23189.442239, 13681.1061127, 0,0.6
20202.6331219, 1726.27426484, 23373.1128911, 22975.1296291, 43008.3364445, 27666.0691978, 22875.1789739, 26299.2660601, 0,0.7
12060.3357329, 4265.81739208, 21162.2010642, 24026.3385499, 31468.5011895, 21797.1213153, 27472.339408, 21320.0949202, 0,0.6
16238.4759641, -1200, 29057.2941205, 26728.1220042, 27791.0092517, 44645.1889915, 20174.8187164, 24494.3159124, 0,0.7
27342.1777628, -1200, 25361.9868908, 27636.513624, 33866.2721529, 11092.6466992, 25120.960547, 16630.4252871, 0,0.6
13447.4035677, 8704.41031598, 21609.7509181, 12197.6569453, 23267.800084, 16644.917376, 20967.3957899, 23724.6903355, 0,0.7
10224.96725, 11141.998587, 17958.3231984, 23289.9983432, 25837.8435875, 22237.5690175, 43081.4987181, 36242.8762778, 0,0.6
18935.687289, 2849.32362527, 21637.1002737, 30685.0517234, 29550.1675751, 24602.1569878, 39030.4684533, 44911.670939, 0,0.7
15930.469524, 4552.56831799, 15652.9352485, 18254.9703262, 17180.1406724, 37895.5194674, 22296.908926, 22771.5754557, 0,0.6
14688.2575234, 8377.78793735, 38060.298307, 30526.2308854, 27141.2868243, 30346.7396617, 30738.942993, 45081.4917089, 0,0.7
11736.337519, 4677.85278773, 14830.2593023, 21396.2311899, 21538.7442762, 13245.2037185, 20054.0871823, 15401.491748, 0,0.6
25694.8840566, -1200, 26956.3145507, 12405.1756879, 28911.5788425, 33423.3064347, 28732.100493, 23233.613586, 0,0.7
19666.7310251, 2414.92876086, 25238.0053263, 22032.3876727, 16122.4618748, 34631.8770484, 23773.1678747, 34305.1942679, 0,0.6
20954.756091, 12808.3213325, 16556.3489374, 25162.346266, 36579.6347007, 25895.8178535, 57824.0066671, 33677.1495928, 0,0.7
19846.5190495, 2869.98257726, 18671.2312015, 29803.8106386, 33882.7861307, 18775.1674683, 26402.7855641, 13052.0956878, 0,0.6
21782.2414519, -1200, 16852.2350022, 18505.2093918, 25446.6760597, 36239.8645334, 35302.1024242, 19949.7034838, 0,0.7
11137.7848059, 5338.64943792, 23130.4282417, 26503.3915548, 19137.96283, 3714.33859633, 18634.6538573, 14075.8873428, 0,0.6
31882.8477517, -1200, 34713.7434909, 27192.6538059, 22745.9012227, 8254.23814709, 30414.9722934, 32094.7740694, 0,0.7
13817.9856142, 5021.04475883, 18107.7268263, 8831.73509602, 23588.5049239, 25663.8841528, 9286.87688738, 21545.1757495, 0,0.6
18412.6379551, 8986.67520398, 30016.3265569, 18079.3234192, 39208.1572381, 25413.1636237, 22227.1130956, 18055.5813965, 0,0.7
14356.1505799, 584.595380621, 10965.2214094, 17499.0832188, 25923.5913486, 20309.709433, 19071.4275577, 19168.6955795, 0,0.6
12534.6371667, 13013.7524065, 17858.9433812, 27944.5414921, 33260.213793, 33761.1841753, 27033.5880322, 36989.4286727, 0,0.7
22364.0945111, 8682.2151181, 28626.1531709, 23856.6727819, 24365.1185936, 25544.7842798, 22128.7046171, 33888.410425, 0,0.6
23108.1835821, 7286.02802743, 22316.7130689, 22763.7793043, 43450.371701, 26382.6459188, 31287.9915316, 27381.520389, 0,0.7
18092.8877343, 2567.88335452, 10434.628028, 20795.3572997, 26508.6106477, 28826.9959225, 30948.2637254, 26942.8301455, 0,0.6
28951.4528647, 9049.09302353, 17154.8993589, 30451.9836979, 28095.9448065, 26332.3356971, 38046.2506416, 28279.8212323, 0,0.7
9078.046651, 6686.22836533, 7253.21048584, 22787.341788, 18773.7398118, 21810.6806136, 25590.4512266, 33591.502914, 0,0.6
19371.0484038, 5111.48916601, 36382.0134344, 31481.4373195, 32292.5979657, 44299.4524871, 30063.1794442, 30381.6760623, 0,0.7
13346.2352571, -1200, 18480.357712, 7452.79812329, 21602.8784106, 17813.8509455, 29498.116451, 35325.0870357, 0,0.6
25911.9070005, -1200, 22053.5982128, 16756.8597419, 20491.9780498, 17012.6983356, 22803.1639625, 35341.4199551, 0,0.7
12437.0087491, 4354.18137601, 17412.7150407, 26959.8357602, 27421.7706409, 24959.5831083, 26811.6928266, 27246.7644448, 0,0.6
18697.577529, 4828.3099937, 30377.7773537, 20547.3717891, 31389.8227788, 16121.9054109, 22720.1828638, 21525.2715045, 0,0.7
22301.2121751, -1200, 18808.123408, 18236.0741358, 13181.2230306, 32603.1765851, 25832.0227006, 33185.7346975, 0,0.6
26278.4599605, 3102.84942298, 15408.3351683, 20468.2966502, 24032.1846986, 22392.68789, 40985.4312836, 20608.0625682, 0,0.7
10802.2739269, 7861.89647155, 16646.3310865, 15855.1546082, 20941.4435707, 24040.3116906, 23273.9135544, 27148.7097143, 0,0.6
21268.6475321, 3143.10061219, 26776.7966852, 42074.9026022, 24390.7701237, 30726.9718538, 32716.0725231, 29908.5850001, 0,0.7
21131.584866, 2096.27902064, 20451.9329774, 20296.4700222, 19510.1018452, 22342.8486175, 23933.8014675, 30005.8481317, 0,0.6
21183.5867315, 4518.89370436, 20664.7294904, 13061.7732634, 28105.4671113, 34262.7007416, 23177.7976504, 29160.9691613, 0,0.7
24957.2410127, 5471.63457294, 20637.3359885, 19415.0215843, 18392.2184548, 39916.6056536, 18415.0777791, 26884.3842501, 0,0.6
15251.0611697, 4407.90731145, 12502.7311166, 22425.7891902, 38254.3669258, 26110.7805959, 20770.8261631, 31480.6284609, 0,0.7
15723.0674058, 2375.51072926, 19897.5977808, 17583.7975727, 24916.8583946, 22783.5105531, 26279.3870784, 19814.7377934, 0,0.6
20417.6659258, -1200, 28609.0831074, 8801.13008925, 25359.4825081, 15837.4278599, 37324.1754884, 31043.6374475, 0,0.7
10981.26019, 8935.1542164, 16164.8180384, 32984.772176, 22851.0136014, 29057.1884956, 16451.1420652, 26615.519162, 0,0.6
20414.4097534, -1200, 25552.3510581, 35458.2659747, 19683.1818685, 23537.2669033, 21593.4778657, 21879.4613236, 0,0.7
20683.1549532, -1200, 33896.2061694, 14180.5967278, 12032.1254677, 31019.0859917, 23708.4204854, 28105.4436281, 0,0.6
20630.4718233, 5462.95058505, 18692.8816531, 14870.8683286, 30166.60954, 23421.6936451, 20929.5327845, 27667.0470626, 0,0.7
19862.2974562, -1200, 11034.5820222, 14461.4168687, 37360.3310748, 23793.060927, 36243.3588473, 21296.860528, 0,0.6
16639.5968562, 9543.05857358, 37647.2867405, 29542.5916302, 37332.3855595, 41649.0821167, 52982.2864611, 27955.9165032, 0,0.7
16871.7497483, 294.301731634, 16166.2953373, 12758.2748069, 9962.37516692, 21211.5350761, 36830.8708738, 27796.1272482, 0,0.6
22020.9024475, -1200, 34705.6227696, 39015.3486872, 32477.2844304, 26740.2664442, 10269.3163366, 35641.8708987, 0,0.7
24713.8209226, -1200, 18196.7560346, 7784.86413133, 25700.531495, 31306.8532218, 23311.090934, 14763.9255326, 0,0.6
12405.3512468, 7497.04717083, 13924.5876267, 14891.6499085, 8850.44472053, 16092.775834, 18035.7311749, 28091.3618649, 0,0.7
21991.5261736, 3591.9427045, 15008.1858214, 19581.7156516, 26598.0702852, 15179.7104995, 15869.5956147, 35084.3064345, 0,0.6
21967.5560907, 1656.96191216, 18889.1743519, 30124.2532965, 26242.6791358, 45007.3871383, 33101.8718089, 25083.7654937, 0,0.7
9549.83176821, 2233.52142848, 22731.8684336, 15443.2320547, 21017.6533765, 15162.7352523, 23805.9813903, 22573.9401814, 0,0.6
17587.6324686, -1200, 36773.0996764, 40993.0511085, 20698.9719629, 29945.6993594, 18686.6911487, 29993.2442271, 0,0.7
13121.7224019, 12344.9964981, 16977.5683111, 16219.3588692, 25964.8057093, 20331.938153, 21421.2606138, 37252.8061644, 0,0.6
28911.6850743, -1200, 20185.3715894, 28422.6573317, 33021.8898862, 15521.4311417, 25704.2919263, 32539.6605913, 0,0.7
12271.7462679, -1200, 20853.7315079, 16562.0648559, 26383.9730248, 30104.2213851, 34319.2011915, 30360.8720303, 0,0.6
19677.1073305, 4298.1394232, 18680.8147636, 21640.5728905, 28459.4602773, 45489.8741753, 30746.8516281, 31081.6066774, 0,0.7
20145.6163388, 7061.72756219, 20741.3131531, 14499.9150437, 37513.0504344, 8520.56103339, 31392.967502, 35059.1096117, 0,0.6
18989.0605221, 5159.36833968, 20449.8853328, 17981.8372853, 17870.6621765, 26294.044255, 30401.8596065, 21218.219487, 0,0.7
15590.386062, 779.791961482, 17791.0923929, 5023.41789091, 10233.7778133, 16710.7636523, 18539.4640502, 20664.3118554, 0,0.6
28285.7625472, -1200, 29437.6585021, 23877.8171755, 21057.5886745, 27295.4736936, 32611.717726, 27097.8756222, 0,0.7
13013.7251569, 467.677190147, 18080.7086338, 21134.9379661, 29787.3919652, 27934.2901225, 15665.7969054, 13888.7798835, 0,0.6
21167.310435, -1200, 25398.0810539, 19273.4190424, 35752.278272, 34065.0453579, 29525.0961098, 21841.3132163, 0,0.7
7711.18079788, 6224.29782114, 8791.2682945, 12753.7533162, 31232.6944504, 28721.01023, 15006.0178648, 28995.9404279, 0,0.6
23049.857255, 5434.13360335, 22106.1096296, 27604.7761977, 26065.41841, 27822.8965105, 31147.2181743, 26109.4519907, 0,0.7
18109.9262489, 8744.33682689, 15518.8998662, 28136.7844703, 38129.1193281, 31252.5414083, 22115.1095082, 18988.4807543, 0,0.6
25272.1814377, -1200, 27800.5414789, 30862.3248241, 25253.4811835, 29892.8131118, 24267.8383226, 37372.4482956, 0,0.7
17157.9788206, -1200, 32749.0176601, 24104.06697, 10895.1207412, 26471.1832953, 7789.00944939, 30525.7509045, 0,0.6
18862.2423406, 1425.41255622, 20460.792443, 21126.7127643, 28287.5321305, 21781.5213591, 30471.4922192, 23578.4605944, 0,0.7
10794.7184614, 3756.99623509, 31718.4430171, 17780.8720172, 20696.0804048, 18799.4850968, 21148.997701, 22427.299036, 0,0.6
24733.3463717, -1200, 26733.1896654, 9964.43639655, 26820.8142647, 27362.252932, 15403.2399199, 48363.139296, 0,0.7
11493.5864763, 13746.7120351, 14227.3576943, 24620.8129435, 5804.81345171, 25987.5488494, 26380.7205281, 15959.535732, 0,0.6
25336.867975, 4159.16648349, 27939.3500725, 29205.0645864, 35465.3045168, 44342.4811306, 32373.6145973, 32772.8636028, 0,0.7
18081.1843712, 5545.56399861, 18924.8384747, 23198.0783511, 19758.9327205, 23346.2002663, 9676.60782311, 8776.79964192, 0,0.6
33021.2324103, 1275.38164338, 23697.0667867, 25288.2353614, 40466.8066353, 28373.8037902, 44804.372526, 39148.5892841, 0,0.7
18020.7636093, 5670.9768075, 9363.8563644, 14953.1657477, 24122.6069699, 18649.0270151, 22754.5324418, 24165.2145823, 0,0.6
21501.4296991, 4384.23239384, 21038.9245895, 36294.3981321, 24407.013547, 24430.0667104, 34598.8593607, 7637.09347735, 0,0.7
15436.113928, 1999.06251827, 20803.3413808, 14299.3384232, 15991.7528112, 20172.9932416, 27183.9387559, 18771.7646733, 0,0.6
21022.7371209, 6670.93736828, 30070.9389431, 22068.4657764, 37503.3277415, 23154.9050402, 36307.6247196, 16120.7697046, 0,0.7
13751.5883719, 13901.0783345, 12330.1669935, 15441.4239674, 10025.4994838, 14456.0774149, 19178.0332731, 12054.3410849, 0,0.6
12753.4107938, 10515.9670239, 9846.03191026, 29673.1120838, 22428.082309, 18371.6317814, 23001.9235645, 29912.0643265, 0,0.7
11477.8242278, 3563.62390821, 25273.7612585, 22956.7994917, 18074.8566264, 26905.6666426, 21526.2474177, 21874.1973209, 0,0.6
22767.7203418, 778.046758329, 32568.9447319, 11948.738085, 20851.370606, 29456.7101139, 18417.556606, 28786.3475504, 0,0.7
14773.2096534, 4885.36971488, 8800.87115083, 23444.0893311, 15250.1733695, 9094.56253535, 11332.4565581, 16625.2540317, 0,0.6
23663.4585657, 613.317698797, 32221.8310112, 27881.7699072, 23202.9222306, 18002.2441925, 16535.0613349, 24285.4402848, 0,0.7
8358.39784991, 3544.403859, 17016.4851939, 5850.41742179, 32452.735048, 28002.2148504, 31319.6626635, 26123.6573613, 0,0.6
17990.4087047, 1019.13794106, 35469.731264, 20715.6763462, 22254.0209438, 34393.1309378, 22760.0803428, 36885.0631315, 0,0.7
14600.3743809, 6325.08654231, 18208.1277265, 18855.1561724, 25405.7272917, 24020.752471, 20883.2521412, 32376.0090286, 0,0.6
24813.5269493, 2460.24574924, 26661.4506775, 9694.01720225, 34912.7573923, 28453.7668655, 32665.7677101, 17780.1880575, 0,0.7
25073.6097948, 386.19214317, 29912.877271, 8042.30347287, 20476.0459983, 23401.4939915, 25650.5109783, 12549.2629779, 0,0.6
10765.589047, 8121.07947181, 19970.0412616, 25226.0893326, 16935.2606234, 22306.894193, 22176.4223657, 28327.7852253, 0,0.7
13742.5081545, 11143.2054783, 13126.9928657, 16814.2353155, 12250.7053136, 15416.5688852, 21955.49759, 22903.8282269, 0,0.6
8166.08467827, 3628.01410198, 28001.8550689, 24003.7507995, 22767.6892682, 32232.1079631, 35495.5094177, 40595.7659866, 0,0.7
17117.0422476, 5705.28743612, 11916.6826246, 18772.3805155, 28772.3864428, 33122.6759121, 21658.6731763, 17248.9303777, 0,0.6
18979.3175752, 1948.46530434, 20129.8346336, 24690.4591167, 14069.4645364, 33110.3764346, 37701.5015793, 44838.8862847, 0,0.7
13667.1382968, -1200, 36715.0670312, 27236.9227151, 22953.3734058, 30483.4652227, 22629.6131532, 29004.2027311, 0,0.6
23609.1243582, 5749.09271489, 24187.8225584, 27346.8056447, 43102.0965108, 47580.7546604, 36127.8802863, 23746.6453849, 0,0.7
14925.748365, 5440.61646745, 11533.0385052, 11865.7701078, 33287.4660388, 19979.5784634, 38086.690625, 18599.8405443, 0,0.6
23090.0000337, -1200, 20631.4612592, 15965.2870812, 31627.5191009, 26593.0625269, 30111.4379222, 23100.6542663, 0,0.7
12645.3759116, 3416.15160223, 14312.1656426, 22366.6312969, 32946.2304327, 25508.103354, 27766.1459452, 22050.9738681, 0,0.6
19570.3525346, 6955.66486438, 15361.0920895, 26855.2560877, 26662.7174249, 28056.524917, 20814.3363415, 32599.059004, 0,0.7
21291.9393061, 1079.94467175, 21733.9714867, 17298.0545159, 13979.9042968, 27698.8327998, 19717.5610273, 30609.8933679, 0,0.6
33127.8114042, -1200, 29085.1417345, 23626.6157261, 20365.1638705, 21007.3341787, 28125.8607524, 46705.0547553, 0,0.7
20361.9143446, 10762.4502687, 12309.6114185, 30751.2640363, 20437.1593717, 23890.5245335, 22439.7121677, 19242.108323, 0,0.6
22237.3745448, -1200, 25694.9149991, 11232.0512643, 36643.921166, 24749.1951841, 28178.3247071, 34462.6476383, 0,0.7
25047.4776015, -1200, 27854.5612125, 39755.699887, 16015.6171959, 17415.8797388, 18481.1755972, 20299.0398973, 0,0.6
14148.5538707, 7982.06162205, 15045.0552235, 23685.8410875, 10450.4856243, 37400.3701216, 42523.434056, 25782.142129, 0,0.7
16759.2511871, 108.59451639, 14014.8165627, 14878.9110181, 33131.4090898, 26338.5751986, 19966.5079917, 39933.7979404, 0,0.6
19517.8861005, 104.689541747, 39514.8460686, 40503.3504977, 27621.1101838, 42082.102081, 39255.4262058, 14946.5243841, 0,0.7
15876.4093359, 4155.41570616, 10078.6185136, 19425.9969497, 24409.1690209, 27315.8022222, 18814.6288955, 22719.0701926, 0,0.6
23627.5595845, 3257.14580225, 34641.7334185, 17244.0429207, 25138.5845443, 34351.5624314, 30132.4168176, 22109.6761411, 0,0.7
16154.6313403, 10756.6764368, 18851.6019455, 17151.1386554, 17096.6160886, 34286.824642, 16699.7278121, 13832.5253794, 0,0.6
16384.8848066, 6056.99213088, 31379.4400215, 18929.6935065, 35528.11251, 26421.6449374, 34676.3752507, 21871.2183595, 0,0.7
13372.7227927, 4174.74561046, 15200.2676872, 24077.2533071, 31744.7397563, 33673.1395548, 32932.7488207, 21142.138894, 0,0.6
29994.854083, -1200, 15833.8123489, 13843.3723825, 29647.357913, 40983.2578751, 23726.337552, 22086.5555967, 0,0.7
25760.4865107, 3787.42100578, 24303.8695212, 18371.2108024, 18935.5466474, 19385.6290274, 26746.7842388, 27390.2632745, 0,0.6
18216.6344731, 779.150326487, 21559.0174284, 18154.8482555, 31481.3618054, 28403.5994207, 44859.3832155, 34469.603084, 0,0.7
10933.5601623, 3750.18579692, 12725.3889533, 12084.2077369, 11929.2993209, 20178.1465191, 16694.6292072, 26060.7643711, 0,0.6
18016.5201653, 9790.56592312, 17311.4135168, 33052.23643, 22458.3943258, 36886.6643919, 26353.5635404, 19558.991133, 0,0.7
11987.95588, 3957.86343777, 5836.1284778, 20427.1339765, 26674.2734739, 15039.0505878, 14320.4828215, 10908.8072118, 0,0.6
16800.4472997, 2587.54205264, 26823.3139285, 28955.336016, 27982.5087713, 19035.32657, 33224.0950712, 28589.893329, 0,0.7
19712.7557187, 2195.68743748, 15088.137531, 24472.6023424, 22734.2721858, 29252.1413647, 23190.5112518, 27124.3528206, 0,0.6
20768.3975052, 4519.16776012, 19553.0664582, 28468.743906, 32437.3386601, 28906.2878999, 44653.7656415, 34166.459514, 0,0.7
13429.7840072, 9428.63881091, 345.982494645, 25443.7387277, 19975.6517783, 28507.9504911, 8250.20097307, 14790.164951, 0,0.6
22194.8836338, -1200, 23542.1381241, 8041.52659516, 25933.6553669, 22880.2632025, 35769.3419716, 28300.823305, 0,0.7
4710.38429021, 3492.63350962, 25783.274365, 12087.8595085, 17458.0038885, 18277.4942478, 29441.8978389, 18813.0710841, 0,0.6
25735.2028017, 2763.30351666, 28517.882021, 21024.7555004, 26859.2209397, 25261.0448863, 29108.2356975, 22850.4900795, 0,0.7
8874.66418231, 1738.89440548, 17672.1702525, 17124.1786853, 24893.4099136, 9454.94235973, 20939.2331209, 23102.3576305, 0,0.6
21117.3712802, 4951.3766166, 31099.9448343, 25100.2173553, 20298.5395735, 19670.7802331, 34032.0457182, 18930.8493028, 0,0.7
19402.4330818, 3834.44010654, 17628.0187773, 18571.9478581, 17998.4240759, 25323.6745993, 26866.3330423, 27765.8494195, 0,0.6
16432.897792, 9013.05638812, 24472.847444, 14985.7279205, 30659.7071381, 24885.1981097, 28297.3621621, 40850.3636544, 0,0.7
13701.5284823, 10529.7410587, 11017.829529, 17753.7788175, 7322.71845097, 21539.0554606, 14966.8823512, 44352.7906954, 0,0.6
4445.81278543, 14009.914462, 25956.5065316, 20838.7686103, 29122.094317, 25737.4376571, 22328.4051524, 24159.0547556, 0,0.7
11604.0427999, 14029.4815007, 18774.4298209, 28078.6373143, 20755.9201525, 28187.1685205, 27541.5481546, 28564.8751427, 0,0.6
23125.6359843, 4930.18844252, 31905.6569107, 35652.1410124, 24638.1794586, 34626.4157374, 17087.5633903, 20318.0883062, 0,0.7
24486.2198657, -1200, 19436.3796507, 23777.9742112, 22143.4427628, 25465.9078371, 29617.539468, 29121.1022211, 0,0.6
20019.6060814, 2036.90910695, 26906.8011369, 35966.4286788, 32363.0204141, 21403.0058011, 32325.3237689, 29989.0620533, 0,0.7
21126.7449, 981.19068785, 29125.4821784, 20457.4242096, 24076.2486107, 31062.3628213, 24785.8629754, 18508.9675529, 0,0.6
17280.0002483, 6505.68531052, 7211.96621096, 27100.1064481, 23664.6060245, 25407.9212874, 30976.3729011, 28432.8841767, 0,0.7
13404.2482041, 8082.34898247, 8672.04615609, 17896.1224284, 31081.8828895, 30875.9550612, 34487.8592214, 14427.0301267, 0,0.6
17539.3416663, 1708.18702592, 15787.7146821, 26185.2459569, 30226.0766754, 33919.847716, 18345.258001, 26684.91297, 0,0.7
16169.2851656, 679.843851789, 25718.9263243, 16089.2053524, 28027.4708055, 31257.7529165, 15395.9447637, 28012.857817, 0,0.6
26175.458912, -1200, 32142.7992337, 33836.5600226, 28669.5690995, 19936.1401383, 15898.1514961, 32508.4546274, 0,0.7
11765.538091, 1913.86127914, 26550.4616807, 14710.2802422, 20951.2786797, 18515.8084507, 13684.7351656, 28639.9486364, 0,0.6
20596.7038658, 5925.1097714, 23039.5080075, 15770.8052149, 24251.5052341, 30367.1800853, 24257.8602014, 19699.6007456, 0,0.7
11496.0861533, -1200, 17570.7087026, 22571.1168383, 27956.453984, 23653.8990322, 38820.5439733, 29409.3359909, 0,0.6
25845.3659261, -1200, 29941.5628408, 37688.9568232, 30557.2137457, 38798.7690776, 38322.757906, 23088.73174, 0,0.7
29408.6935232, -1200, 30355.5006978, 13253.5311776, 34295.9125755, 24661.3998554, 28899.8910132, 18535.8756931, 0,0.6
19969.005865, 3021.50644965, 15351.4177077, 21602.1996056, 16945.5412353, 22723.3419923, 19068.8236374, 36393.9701221, 0,0.7
12146.1760169, 3354.28506987, 22243.712564, 32730.6473209, 25676.1694139, 29208.659573, 23118.5448008, 28366.8778227, 0,0.6
14318.3175487, 5757.97879444, 25866.3323256, 32142.6917126, 21010.2986998, 28046.239304, 20604.7874616, 27866.5204692, 0,0.7
12391.2567583, 1591.33009587, 21146.0129328, 29877.1029689, 21022.572277, 27976.0227376, 27276.748423, 30514.914469, 0,0.6
28961.4609948, 6531.92659871, 15479.6277785, 30312.6931554, 35256.3856797, 46822.68764, 36697.3354894, 17180.2395447, 0,0.7
14452.4884984, 10049.6723007, 7123.91790672, 30474.9540456, 16207.1347544, 20470.0459383, 26962.5159862, 31259.3408983, 0,0.6
15388.4744188, 2528.68197276, 24172.3622663, 19972.9985364, 21311.2726113, 33618.4149501, 35259.8161431, 20364.86585, 0,0.7
11468.1583037, 5207.4142937, 24210.0046146, 26933.743907, 16162.5627489, 10142.2620195, 22850.7980344, 24154.8722741, 0,0.6
14509.1294902, 1746.9186139, 23111.3735544, 18758.2714615, 9499.08849951, 31482.4997708, 12402.9061796, 39346.3644829, 0,0.7
10449.7903336, 11114.391564, 17332.2078409, 16476.4752424, 26034.8397007, 27286.0996273, 21772.534319, 16283.4040916, 0,0.6
17344.105577, 6898.19997125, 15740.0994842, 20900.2297606, 44675.9715951, 22943.8375448, 32038.7803236, 39203.2673954, 0,0.7
11545.9039995, 6769.48435346, 10936.1329833, 18410.0709141, 27177.770878, 22450.5584958, 31616.7603829, 15801.8513715, 0,0.6
17352.0890949, 5144.35129993, 19496.636489, 23202.1246048, 13932.5088741, 36501.5727387, 30687.7059315, 25035.4646361, 0,0.7
26746.7047016, 5014.03812092, 27405.2892262, 15985.9306631, 22472.8931614, 38317.9611564, 29485.211035, 37593.8861047, 0,0.6
18140.1853738, 2209.12178654, 28869.1995035, 20072.9903316, 23461.4490171, 19122.6178596, 35978.7688825, 25393.7989552, 0,0.7
15604.282296, 3418.32872251, 31722.7748829, 21346.3121934, 24426.4401922, 22093.3346732, 37700.0957982, 25654.9751349, 0,0.6
23335.5995635, 1082.39418037, 20604.1414544, 23864.6237573, 32119.7257071, 31405.5596431, 26876.7512955, 25000.4084005, 0,0.7
16414.6700883, 8543.94568429, 10415.2070336, 29562.5768159, 37447.3699878, 35440.4237177, 19594.1622814, 15801.9808057, 0,0.6
37620.9047914, -1200, 36436.0400963, 21600.4767558, 33544.7911367, 49419.5729772, 23856.0869781, 19897.2650347, 0,0.7
8537.57827063, 7270.27074496, 11329.8619896, 20931.6810366, 21563.1802239, 13734.3274603, 24649.5389374, 12776.9162201, 0,0.6
12604.4016608, 16040.80241, 14903.4414436, 11927.1309698, 21321.8255067, 18924.1935154, 24029.6097064, 27641.099715, 0,0.7
13538.8247731, 848.138200052, 21176.1612255, 25207.7685824, 12127.6848981, 24016.8683601, 26898.5439789, 19020.2485656, 0,0.6
19996.9625889, 5611.50313752, 14554.847612, 20715.925531, 34122.0454137, 25441.2899783, 25074.4286592, 22832.3176077, 0,0.7
7977.53891337, 10133.3659084, 17076.6718407, 25073.4142887, 37050.7397804, 26361.6794552, 27234.1406563, 25999.0261443, 0,0.6
22253.5085616, 8721.37201018, 22270.4585159, 31845.6232864, 39165.1906877, 37826.9855813, 31133.021576, 29099.320628, 0,0.7
6173.29003031, 4270.92547189, 24585.5766706, 23265.6303846, 32911.1018536, 24985.6003207, 16693.146211, 29707.7292334, 0,0.6
14274.9015015, -1200, 16892.664461, 36222.5055776, 37288.3078221, 20045.5994453, 18245.5934562, 25483.4222952, 0,0.7
16553.0878829, 8959.17932344, 27783.0952302, 21092.1208751, 28515.0338635, 27515.8143967, 21339.7668802, 29719.9247744, 0,0.6
39340.5363783, -1200, 29886.2911151, 18912.0843446, 33908.7239248, 30182.3558753, 28975.0057549, 23134.8888388, 0,0.7
15409.4283274, 1227.8946315, 12247.1614844, 22417.6547271, 26060.2843949, 11837.0147544, 17213.2767775, 36685.0665059, 0,0.6
22452.6541385, 12661.9404071, 12218.7483623, 24342.9048978, 34364.2409939, 36357.2729209, 26437.954859, 44680.185544, 0,0.7
12931.7785001, 6974.54617274, 12680.5167699, 20184.2264455, 21357.0633726, 16775.0708056, 14389.1582019, 17006.0256993, 0,0.6
20073.9622377, 12661.0601942, 30979.1873535, 38428.7920928, 51459.3141631, 38901.4287848, 30992.3455033, 32453.0540629, 0,0.7
20539.2610671, -1200, 17162.3937818, 14311.6498667, 12631.7217938, 32646.9179143, 20762.3429157, 15142.2453752, 0,0.6
8833.95972869, 2777.6850723, 15523.4075225, 21060.3613429, 24820.1041373, 28443.1642669, 27028.0511226, 15547.4295719, 0,0.7
18106.5687927, 7439.97525837, 15021.2633677, 17038.3945838, 15796.4878178, 16277.708629, 23108.1444648, 41272.9914507, 0,0.6
11953.9215996, 6111.47790696, 24061.971292, 30509.0733074, 20240.5384737, 23301.5300923, 35616.3933665, 28369.5063681, 0,0.7
12018.9457992, 9652.76103286, 19440.3552472, 10166.3516546, 13739.6326989, 23976.5560474, 26742.4600486, 38962.3459992, 0,0.6
18190.1581273, 3295.71458122, 12542.3839793, 19282.0683722, 32303.4252921, 17805.3428991, 27250.3978249, 23179.0730632, 0,0.7
7265.87028876, 7365.86619798, 10833.1548741, 23322.5294595, 10985.7738595, 21443.5663986, 16897.441608, 24498.1757882, 0,0.6
24276.5084165, -1200, 27806.0852655, 7960.11981848, 40636.0164219, 35718.6752589, 27113.6182261, 16514.5577148, 0,0.7
16372.4193292, 11213.4776169, 7286.13802304, 13346.3819641, 17368.3796785, 21919.4505255, 23135.2667425, 35137.6964928, 0,0.6
15628.0525729, -1200, 22900.2500533, 28059.6561783, 27982.7404974, 27240.3296626, 16010.0627006, 19206.3669841, 0,0.7
17628.5718109, -1200, 36496.0936044, 22846.1913812, 25408.3284969, 36296.0989516, 27352.2157557, 43399.2736043, 0,0.6
18938.881453, 3034.0475935, 30704.0338725, 28317.837603, 23000.7427477, 17953.1165585, 32386.2011182, 30231.751059, 0,0.7
21517.8268429, 1679.52534191, 9523.84138185, 26770.9454287, 24751.7737322, 20296.9211317, 36052.7395262, 22613.6876038, 0,0.6
14309.9243244, 2661.15567554, 32656.6860092, 17332.9454834, 12446.9418401, 45302.208601, 37807.294111, 32316.4038466, 0,0.7
18835.1898708, 6300.67372004, 9162.2246094, 13080.4650889, 23269.6301088, 22389.644133, 13227.1447064, 17580.2101726, 0,0.6
11296.1798121, 7751.56620683, 8877.31791814, 21798.845115, 26418.0367901, 28620.0318303, 26683.696693, 29243.8464078, 0,0.7
14066.7832314, 7077.66433325, 9911.18554609, 24549.8905361, 31989.5414888, 30380.495719, 22599.5436463, 15589.5629123, 0,0.6
21342.0902908, 2878.44256815, 22269.8500179, 33341.671772, 29882.4171678, 21735.7198348, 20126.2649825, 29916.566646, 0,0.7
11922.7448268, 7942.27323333, 22363.8804573, 26010.9976056, 9442.61439341, 21035.3730929, 26346.6812552, 13724.0180523, 0,0.6
10632.7639782, 10475.6455823, 14901.64593, 16913.582994, 18929.0577769, 26666.861892, 37052.466939, 19105.4284827, 0,0.7
23575.1978677, 4329.40579004, 11805.2676768, 21469.8214667, 18446.4573996, 27462.992211, 32017.8064968, 24950.3320011, 0,0.6
23523.2744215, 1959.94919088, 34016.6036482, 24805.9798649, 30169.0021061, 35440.9270028, 16338.0896918, 24986.6328694, 0,0.7
15619.2781428, 9964.06839677, 7970.35758115, 30496.683019, 31022.4649231, 24540.8954098, 35479.2371011, 43057.9959043, 0,0.6
26527.0612831, 7957.48915071, 20020.8608642, 30581.4163176, 20324.8876276, 39465.2212851, 19627.4784124, 32982.3864674, 0,0.7
20280.3997961, 7294.74513292, 17793.4345803, 27345.0168111, 18933.583085, 13872.1732743, 21502.2899396, 18764.038302, 0,0.6
15288.0616945, 3150.7902907, 31936.1912703, 19524.6966531, 30334.1432376, 21848.5032288, 28116.5527922, 26667.6402039, 0,0.7
16988.4415703, 3855.09200781, 22887.7706523, 13309.2183759, 25010.0633243, 16065.3023561, 19264.7774504, 10306.9757484, 0,0.6
18197.6914398, 609.386072691, 32260.8059347, 23495.463181, 34975.8561603, 18480.8367152, 20278.190178, 44480.599981, 0,0.7
10604.8068977, 3710.8374401, 20498.1661368, 21184.0598954, 26825.897388, 29988.1019025, 26333.8494141, 13662.0795074, 0,0.6
20100.0988782, -1200, 19518.8819046, 22850.0066638, 21037.2831052, 27881.6029295, 24632.4354537, 25750.2323937, 0,0.7
23803.5730118, 3598.31055805, 22793.7447909, 18952.2014608, 26465.6686767, 34904.9293635, 20290.5969286, 27128.0509198, 0,0.6
19124.6657987, 5086.89735326, 21714.946688, 25576.6967126, 24688.4260538, 27294.1091047, 23644.8872383, 23362.2022964, 0,0.7
12201.5640414, 3633.97246569, 17854.2745614, 16178.3862866, 26417.3239596, 15204.2749892, 9579.46115334, 19258.6849012, 0,0.6
19773.8089128, -1200, 26319.2795002, 7174.90987718, 21685.3147146, 27025.9676379, 26021.0307776, 41189.0858756, 0,0.7
15013.2013521, 926.939524227, 9640.65190506, 31469.31871, 23205.1122816, 15798.8418535, 18997.2433599, 11632.5541425, 0,0.6
20487.3731551, 2139.31725965, 31459.1949047, 23177.4502559, 7772.62473118, 23028.2467385, 25794.9741665, 43566.3964389, 0,0.7
17106.1480685, 6167.49100682, 16006.3571084, 18716.8670321, 35421.2548308, 23635.2999532, 23777.3700261, 26906.7492661, 0,0.6
26437.223662, -1200, 14173.1214701, 27732.0856725, 29891.266088, 40643.1226448, 31592.2451939, 36930.4327071, 0,0.7
29843.2845461, -1200, 25445.371656, 15004.034856, 30649.695586, 34442.536286, 17318.3357497, 28736.9056556, 0,0.6
28403.3880425, 1808.04223634, 29610.0818773, 18568.5679925, 35198.2044238, 22579.5577639, 24307.954168, 26138.8190714, 0,0.7
17303.9979723, 3741.78246854, 25754.571924, 28220.2567183, 30659.0084056, 22522.1406124, 26100.5985831, 29327.2176382, 0,0.6
20480.4463324, 5791.9081741, 11749.2085641, 15410.1945352, 29149.7344968, 22080.3684044, 17079.200508, 28906.3008154, 0,0.7
17497.3503861, 3566.19835265, 12871.5077408, 20806.1441842, 22009.3196377, 26260.8091369, 45810.7720949, 17528.3308712, 0,0.6
22446.242839, 1891.61042598, 35836.4628369, 38888.4231128, 33147.8410275, 27960.4349329, 34310.0250448, 28770.2968945, 0,0.7
14232.5415154, 7758.46452352, 21282.5075111, 18436.1104758, 36022.7566461, 42037.5537658, 20919.7852013, 27814.875064, 0,0.6
19236.5172437, 6183.11281627, 27508.4417678, 9426.17782452, 33922.6912114, 38980.2651414, 24047.2183521, 30821.165755, 0,0.7
19385.2152706, 5159.52444078, 27766.3869232, 14712.5592908, 22426.6478717, 31009.7042963, 40880.4338518, 19647.1230336, 0,0.6
15180.4618201, 2908.10005146, 27738.124963, 28531.5997022, 12499.9952102, 38109.1771081, 22787.7335866, 23214.3960089, 0,0.7
25580.5826748, 3640.16327725, 12153.3664831, 28873.7839469, 16822.5631314, 25124.1614984, 16536.5298569, 25063.459633, 0,0.6
11579.4973547, 6567.74074373, 27944.9316128, 14782.0015546, 16784.3129252, 28419.5322884, 25322.1621581, 31802.4860541, 0,0.7
10911.8962709, 6399.42461788, 8123.66906122, 13754.0065687, 26087.3475462, 28233.9962237, 21865.7611662, 12147.3139753, 0,0.6
29600.2730909, -1200, 30059.4774144, 8555.7379846, 34817.1707689, 35084.4135036, 27946.0141193, 37358.2246178, 0,0.7
18266.8232792, 1602.49721236, 18475.3387589, 17113.1230282, 22423.2651664, 28280.245243, 10811.3258345, 19655.7369651, 0,0.6
18577.6703954, 4067.00618643, 20256.0829183, 25639.9737284, 28600.2388533, 30463.8312136, 30728.0945245, 29019.238006, 0,0.7
17224.0710741, 3684.26846859, 14807.7522935, 24518.610204, 24149.9144786, 19532.3328221, 34170.1361324, 33007.7147813, 0,0.6
17335.0681265, 6401.46497249, 10068.972067, 32370.8420729, 18637.2627167, 42189.0198909, 34624.1442626, 26022.679444, 0,0.7
14807.3185744, 5429.05149216, 15837.8943807, 16251.4311977, 29093.4336796, 23244.4902426, 32419.2651079, 23991.5112102, 0,0.6
18912.8990245, 7293.92804662, 15562.3571107, 24842.5901784, 17413.066317, 44075.89902, 48974.5636782, 39508.8565358, 0,0.7
22214.3884554, 4222.60426096, 10844.4861751, 16551.6379068, 19422.5567621, 15923.8482476, 27308.3156921, 21425.5396061, 0,0.6
17955.7251596, 4291.03619215, 15931.3945616, 24142.3220576, 26572.5088375, 34991.8023845, 31066.5726661, 30439.2696965, 0,0.7
17326.0553919, 9732.59747937, 19015.1451723, 25496.0048805, 29406.4647597, 12521.2028969, 18334.4053904, 14857.6907285, 0,0.6
29019.4209875, -1200, 34769.7196757, 27223.5319438, 22723.8225519, 23587.9266513, 29234.2250998, 39363.6153242, 0,0.7
15351.4012475, 2288.01199635, 22399.5498799, 12911.4958265, 11583.5608791, 35363.9748098, 35497.9177426, 27739.1350164, 0,0.6
20110.2496337, 1864.79228172, 29216.6831345, 20311.8652317, 37679.4634999, 35054.9012002, 39308.9607508, 26956.8764517, 0,0.7
20372.937275, 6327.00854641, 27555.4475005, 36503.1972412, 24252.2667419, 13295.7145405, 37994.8432581, 21932.5634091, 0,0.6
21450.4760619, 8302.19387196, 25419.2230534, 19026.9736697, 28694.4593483, 41983.8020278, 27998.5181579, 20893.7246731, 0,0.7
12190.4341904, 7647.45517277, 24004.8974153, 19408.8840004, 17772.9876489, 16952.8908774, 36391.2485849, 12981.0899289, 0,0.6
23144.1129768, 8855.55573123, 21347.5141942, 38343.3758719, 28248.15542, 32424.0667001, 36721.1199097, 18083.4540394, 0,0.7
13673.8938509, 10447.0123875, 13014.5280202, 19195.40258, 21121.4771735, 30044.2087261, 23272.9849063, 35403.4260561, 0,0.6
18356.5898851, 7643.6343333, 26189.1663911, 21252.158396, 32281.8331022, 31881.3265546, 25322.2858909, 17559.5603755, 0,0.7
14019.0514594, 5279.43019417, 11701.6933188, 22327.139815, 21113.8087451, 21368.6657676, 24406.1535109, 22724.1139043, 0,0.6
22594.3027627, 7998.77332219, 16094.8089314, 38380.4393261, 18757.8754248, 29479.4899941, 31902.964492, 34075.2297758, 0,0.7
13306.9050464, 5917.64265565, 28183.6763393, 3185.20364211, 24296.1686761, 37195.7164569, 19222.2305378, 21950.4863625, 0,0.6
17397.1491256, 4739.6768147, 14310.8558651, 17807.6909066, 31661.6181035, 27173.1021215, 33039.5292791, 40952.9375988, 0,0.7
17328.7048956, 8590.25301236, 12509.5736447, 26006.10931, 45778.4679451, 13809.0261127, 23868.0576203, 17540.2239277, 0,0.6
22479.1509948, -1200, 29150.147031, 21229.5974628, 34563.380091, 25143.0601899, 31548.6158254, 21386.9757357, 0,0.7
795.331355939, 18653.8946149, 6722.26350963, 21700.7299622, 22793.9482756, 26568.3696519, 24726.3650831, 22169.2050057, 0,0.6
11171.827778, 3689.87031043, 7945.37516405, 9937.43217543, 41249.7239035, 23162.9539832, 13309.5648645, 40068.5021855, 0,0.7
19942.1394923, 435.896351588, 13639.9121173, 21283.181249, 36959.4212099, 16038.8882959, 11827.6692241, 17828.9685635, 0,0.6
30671.9602981, 308.633585691, 23841.3997391, 24761.2442576, 34458.8129345, 23118.405467, 26035.7513276, 24961.6173965, 0,0.7
21628.8274017, -1200, 23311.3371563, 7163.15822684, 43489.8183623, 25964.7909848, 30039.1093431, 23280.5003147, 0,0.6
13841.0654007, 4691.83512759, 27431.6797415, 16657.7809088, 36813.3807576, 37321.8977324, 10947.829828, 39935.9368815, 0,0.7
18732.3532281, -1200, 19064.193573, 25134.0679447, 31625.4854737, 32729.7266703, 20174.6056254, 24618.4711286, 0,0.6
20419.5933115, 8083.60495068, 27429.3570127, 47681.3820726, 19577.4429367, 28026.6057727, 31057.2869751, 44004.0149315, 0,0.7
